neighbors;weights;algorithm;distance;accuracy;f1_score;True Positive;False Positive;False Negative;True Negative
15;uniform;auto;chebyshev;0.6156462585034014;0.718204488778055;37;30;83;144
1;uniform;auto;manhattan;0.5476190476190477;0.621082621082621;52;65;68;109
1;uniform;auto;chebyshev;0.5748299319727891;0.6438746438746439;56;61;64;113
1;uniform;auto;minkowski;0.5510204081632653;0.6228571428571428;53;65;67;109
1;uniform;ball_tree;euclidean;0.5510204081632653;0.6228571428571428;53;65;67;109
1;uniform;ball_tree;manhattan;0.5476190476190477;0.621082621082621;52;65;68;109
1;uniform;ball_tree;chebyshev;0.5748299319727891;0.6438746438746439;56;61;64;113
1;uniform;ball_tree;minkowski;0.5510204081632653;0.6228571428571428;53;65;67;109
1;uniform;kd_tree;euclidean;0.5510204081632653;0.6228571428571428;53;65;67;109
1;uniform;kd_tree;manhattan;0.5476190476190477;0.621082621082621;52;65;68;109
1;uniform;kd_tree;chebyshev;0.5748299319727891;0.6438746438746439;56;61;64;113
1;uniform;kd_tree;minkowski;0.5510204081632653;0.6228571428571428;53;65;67;109
1;uniform;brute;euclidean;0.5510204081632653;0.6228571428571428;53;65;67;109
1;uniform;brute;manhattan;0.5476190476190477;0.621082621082621;52;65;68;109
1;uniform;brute;chebyshev;0.5714285714285714;0.6420454545454546;55;61;65;113
1;uniform;brute;minkowski;0.5510204081632653;0.6228571428571428;53;65;67;109
1;distance;auto;euclidean;0.5510204081632653;0.6228571428571428;53;65;67;109
1;distance;auto;manhattan;0.5476190476190477;0.621082621082621;52;65;68;109
1;distance;auto;chebyshev;0.5748299319727891;0.6438746438746439;56;61;64;113
1;distance;auto;minkowski;0.5510204081632653;0.6228571428571428;53;65;67;109
1;distance;ball_tree;euclidean;0.5510204081632653;0.6228571428571428;53;65;67;109
1;distance;ball_tree;manhattan;0.5476190476190477;0.621082621082621;52;65;68;109
1;distance;ball_tree;chebyshev;0.5748299319727891;0.6438746438746439;56;61;64;113
1;distance;ball_tree;minkowski;0.5510204081632653;0.6228571428571428;53;65;67;109
1;distance;kd_tree;euclidean;0.5510204081632653;0.6228571428571428;53;65;67;109
1;distance;kd_tree;manhattan;0.5476190476190477;0.621082621082621;52;65;68;109
1;distance;kd_tree;chebyshev;0.5748299319727891;0.6438746438746439;56;61;64;113
1;distance;kd_tree;minkowski;0.5510204081632653;0.6228571428571428;53;65;67;109
1;distance;brute;euclidean;0.5510204081632653;0.6228571428571428;53;65;67;109
1;distance;brute;manhattan;0.5476190476190477;0.621082621082621;52;65;68;109
1;distance;brute;chebyshev;0.5714285714285714;0.6420454545454546;55;61;65;113
1;distance;brute;minkowski;0.5510204081632653;0.6228571428571428;53;65;67;109
2;uniform;auto;euclidean;0.5;0.4768683274021352;80;107;40;67
2;uniform;auto;manhattan;0.5136054421768708;0.5017421602787456;79;102;41;72
2;uniform;auto;chebyshev;0.5136054421768708;0.49110320284697506;82;105;38;69
2;uniform;auto;minkowski;0.5;0.4768683274021352;80;107;40;67
2;uniform;ball_tree;euclidean;0.5;0.4768683274021352;80;107;40;67
2;uniform;ball_tree;manhattan;0.5136054421768708;0.5017421602787456;79;102;41;72
2;uniform;ball_tree;chebyshev;0.5136054421768708;0.49110320284697506;82;105;38;69
2;uniform;ball_tree;minkowski;0.5;0.4768683274021352;80;107;40;67
2;uniform;kd_tree;euclidean;0.5;0.4768683274021352;80;107;40;67
2;uniform;kd_tree;manhattan;0.5136054421768708;0.5017421602787456;79;102;41;72
2;uniform;kd_tree;chebyshev;0.5136054421768708;0.49110320284697506;82;105;38;69
2;uniform;kd_tree;minkowski;0.5;0.4768683274021352;80;107;40;67
2;uniform;brute;euclidean;0.5;0.4768683274021352;80;107;40;67
2;uniform;brute;manhattan;0.5136054421768708;0.5017421602787456;79;102;41;72
2;uniform;brute;chebyshev;0.5136054421768708;0.49110320284697506;82;105;38;69
2;uniform;brute;minkowski;0.5;0.4768683274021352;80;107;40;67
2;distance;auto;euclidean;0.5510204081632653;0.6228571428571428;53;65;67;109
2;distance;auto;manhattan;0.5476190476190477;0.621082621082621;52;65;68;109
2;distance;auto;chebyshev;0.5714285714285714;0.64;56;62;64;112
2;distance;auto;minkowski;0.5510204081632653;0.6228571428571428;53;65;67;109
2;distance;ball_tree;euclidean;0.5510204081632653;0.6228571428571428;53;65;67;109
2;distance;ball_tree;manhattan;0.5476190476190477;0.621082621082621;52;65;68;109
2;distance;ball_tree;chebyshev;0.5714285714285714;0.64;56;62;64;112
2;distance;ball_tree;minkowski;0.5510204081632653;0.6228571428571428;53;65;67;109
2;distance;kd_tree;euclidean;0.5510204081632653;0.6228571428571428;53;65;67;109
2;distance;kd_tree;manhattan;0.5476190476190477;0.621082621082621;52;65;68;109
2;distance;kd_tree;chebyshev;0.5714285714285714;0.64;56;62;64;112
2;distance;kd_tree;minkowski;0.5510204081632653;0.6228571428571428;53;65;67;109
2;distance;brute;euclidean;0.5510204081632653;0.6228571428571428;53;65;67;109
2;distance;brute;manhattan;0.5476190476190477;0.621082621082621;52;65;68;109
2;distance;brute;chebyshev;0.5714285714285714;0.64;56;62;64;112
2;distance;brute;minkowski;0.5510204081632653;0.6228571428571428;53;65;67;109
3;uniform;auto;euclidean;0.5918367346938775;0.6808510638297872;46;46;74;128
3;uniform;auto;manhattan;0.5748299319727891;0.6684350132625995;43;48;77;126
3;uniform;auto;chebyshev;0.5714285714285714;0.6538461538461539;49;55;71;119
3;uniform;auto;minkowski;0.5918367346938775;0.6808510638297872;46;46;74;128
3;uniform;ball_tree;euclidean;0.5918367346938775;0.6808510638297872;46;46;74;128
3;uniform;ball_tree;manhattan;0.5748299319727891;0.6684350132625995;43;48;77;126
3;uniform;ball_tree;chebyshev;0.5714285714285714;0.6538461538461539;49;55;71;119
3;uniform;ball_tree;minkowski;0.5918367346938775;0.6808510638297872;46;46;74;128
3;uniform;kd_tree;euclidean;0.5918367346938775;0.6808510638297872;46;46;74;128
3;uniform;kd_tree;manhattan;0.5748299319727891;0.6684350132625995;43;48;77;126
3;uniform;kd_tree;chebyshev;0.5714285714285714;0.6538461538461539;49;55;71;119
3;uniform;kd_tree;minkowski;0.5918367346938775;0.6808510638297872;46;46;74;128
3;uniform;brute;euclidean;0.5918367346938775;0.6808510638297872;46;46;74;128
3;uniform;brute;manhattan;0.5748299319727891;0.6684350132625995;43;48;77;126
3;uniform;brute;chebyshev;0.5748299319727891;0.6575342465753424;49;54;71;120
3;uniform;brute;minkowski;0.5918367346938775;0.6808510638297872;46;46;74;128
3;distance;auto;euclidean;0.5918367346938775;0.6756756756756758;49;49;71;125
3;distance;auto;manhattan;0.5850340136054422;0.6702702702702703;48;50;72;124
3;distance;auto;chebyshev;0.564625850340136;0.6404494382022472;52;60;68;114
3;distance;auto;minkowski;0.5918367346938775;0.6756756756756758;49;49;71;125
3;distance;ball_tree;euclidean;0.5918367346938775;0.6756756756756758;49;49;71;125
3;distance;ball_tree;manhattan;0.5850340136054422;0.6702702702702703;48;50;72;124
3;distance;ball_tree;chebyshev;0.564625850340136;0.6404494382022472;52;60;68;114
3;distance;ball_tree;minkowski;0.5918367346938775;0.6756756756756758;49;49;71;125
3;distance;kd_tree;euclidean;0.5918367346938775;0.6756756756756758;49;49;71;125
3;distance;kd_tree;manhattan;0.5850340136054422;0.6702702702702703;48;50;72;124
3;distance;kd_tree;chebyshev;0.564625850340136;0.6404494382022472;52;60;68;114
3;distance;kd_tree;minkowski;0.5918367346938775;0.6756756756756758;49;49;71;125
3;distance;brute;euclidean;0.5918367346938775;0.6756756756756758;49;49;71;125
3;distance;brute;manhattan;0.5850340136054422;0.6702702702702703;48;50;72;124
3;distance;brute;chebyshev;0.5680272108843537;0.6442577030812325;52;59;68;115
3;distance;brute;minkowski;0.5918367346938775;0.6756756756756758;49;49;71;125
4;uniform;auto;euclidean;0.5204081632653061;0.5579937304075235;64;85;56;89
4;uniform;auto;manhattan;0.54421768707483;0.5812499999999999;67;81;53;93
4;uniform;auto;chebyshev;0.5408163265306123;0.5659163987138265;71;86;49;88
4;uniform;auto;minkowski;0.5204081632653061;0.5579937304075235;64;85;56;89
4;uniform;ball_tree;euclidean;0.5204081632653061;0.5579937304075235;64;85;56;89
4;uniform;ball_tree;manhattan;0.54421768707483;0.5812499999999999;67;81;53;93
4;uniform;ball_tree;chebyshev;0.5408163265306123;0.5659163987138265;71;86;49;88
4;uniform;ball_tree;minkowski;0.5204081632653061;0.5579937304075235;64;85;56;89
4;uniform;kd_tree;euclidean;0.5204081632653061;0.5579937304075235;64;85;56;89
4;uniform;kd_tree;manhattan;0.54421768707483;0.5812499999999999;67;81;53;93
4;uniform;kd_tree;chebyshev;0.5408163265306123;0.5659163987138265;71;86;49;88
4;uniform;kd_tree;minkowski;0.5204081632653061;0.5579937304075235;64;85;56;89
4;uniform;brute;euclidean;0.5204081632653061;0.5579937304075235;64;85;56;89
4;uniform;brute;manhattan;0.54421768707483;0.5812499999999999;67;81;53;93
4;uniform;brute;chebyshev;0.5340136054421769;0.5566343042071198;71;88;49;86
4;uniform;brute;minkowski;0.5204081632653061;0.5579937304075235;64;85;56;89
4;distance;auto;euclidean;0.5850340136054422;0.6737967914438503;46;48;74;126
4;distance;auto;manhattan;0.6020408163265306;0.6863270777479893;49;46;71;128
4;distance;auto;chebyshev;0.5782312925170068;0.6612021857923497;49;53;71;121
4;distance;auto;minkowski;0.5850340136054422;0.6737967914438503;46;48;74;126
4;distance;ball_tree;euclidean;0.5850340136054422;0.6737967914438503;46;48;74;126
4;distance;ball_tree;manhattan;0.6020408163265306;0.6863270777479893;49;46;71;128
4;distance;ball_tree;chebyshev;0.5782312925170068;0.6612021857923497;49;53;71;121
4;distance;ball_tree;minkowski;0.5850340136054422;0.6737967914438503;46;48;74;126
4;distance;kd_tree;euclidean;0.5850340136054422;0.6737967914438503;46;48;74;126
4;distance;kd_tree;manhattan;0.6020408163265306;0.6863270777479893;49;46;71;128
4;distance;kd_tree;chebyshev;0.5782312925170068;0.6612021857923497;49;53;71;121
4;distance;kd_tree;minkowski;0.5850340136054422;0.6737967914438503;46;48;74;126
4;distance;brute;euclidean;0.5850340136054422;0.6737967914438503;46;48;74;126
4;distance;brute;manhattan;0.6020408163265306;0.6863270777479893;49;46;71;128
4;distance;brute;chebyshev;0.5748299319727891;0.6575342465753424;49;54;71;120
4;distance;brute;minkowski;0.5850340136054422;0.6737967914438503;46;48;74;126
5;uniform;auto;euclidean;0.5510204081632653;0.6526315789473683;38;50;82;124
5;uniform;auto;manhattan;0.5544217687074829;0.6597402597402598;36;47;84;127
5;uniform;auto;chebyshev;0.5544217687074829;0.6449864498644986;44;55;76;119
5;uniform;auto;minkowski;0.5510204081632653;0.6526315789473683;38;50;82;124
5;uniform;ball_tree;euclidean;0.5510204081632653;0.6526315789473683;38;50;82;124
5;uniform;ball_tree;manhattan;0.5544217687074829;0.6597402597402598;36;47;84;127
5;uniform;ball_tree;chebyshev;0.5544217687074829;0.6449864498644986;44;55;76;119
5;uniform;ball_tree;minkowski;0.5510204081632653;0.6526315789473683;38;50;82;124
5;uniform;kd_tree;euclidean;0.5510204081632653;0.6526315789473683;38;50;82;124
5;uniform;kd_tree;manhattan;0.5544217687074829;0.6597402597402598;36;47;84;127
5;uniform;kd_tree;chebyshev;0.5544217687074829;0.6449864498644986;44;55;76;119
5;uniform;kd_tree;minkowski;0.5510204081632653;0.6526315789473683;38;50;82;124
5;uniform;brute;euclidean;0.5510204081632653;0.6526315789473683;38;50;82;124
5;uniform;brute;manhattan;0.5544217687074829;0.6597402597402598;36;47;84;127
5;uniform;brute;chebyshev;0.5544217687074829;0.6449864498644986;44;55;76;119
5;uniform;brute;minkowski;0.5510204081632653;0.6526315789473683;38;50;82;124
5;distance;auto;euclidean;0.5578231292517006;0.6542553191489361;41;51;79;123
5;distance;auto;manhattan;0.564625850340136;0.6649214659685865;39;47;81;127
5;distance;auto;chebyshev;0.5680272108843537;0.6481994459833794;50;57;70;117
5;distance;auto;minkowski;0.5578231292517006;0.6542553191489361;41;51;79;123
5;distance;ball_tree;euclidean;0.5578231292517006;0.6542553191489361;41;51;79;123
5;distance;ball_tree;manhattan;0.564625850340136;0.6649214659685865;39;47;81;127
5;distance;ball_tree;chebyshev;0.5680272108843537;0.6481994459833794;50;57;70;117
5;distance;ball_tree;minkowski;0.5578231292517006;0.6542553191489361;41;51;79;123
5;distance;kd_tree;euclidean;0.5578231292517006;0.6542553191489361;41;51;79;123
5;distance;kd_tree;manhattan;0.564625850340136;0.6649214659685865;39;47;81;127
5;distance;kd_tree;chebyshev;0.5680272108843537;0.6481994459833794;50;57;70;117
5;distance;kd_tree;minkowski;0.5578231292517006;0.6542553191489361;41;51;79;123
5;distance;brute;euclidean;0.5578231292517006;0.6542553191489361;41;51;79;123
5;distance;brute;manhattan;0.564625850340136;0.6649214659685865;39;47;81;127
5;distance;brute;chebyshev;0.5680272108843537;0.6481994459833794;50;57;70;117
5;distance;brute;minkowski;0.5578231292517006;0.6542553191489361;41;51;79;123
6;uniform;auto;euclidean;0.5306122448979592;0.5868263473053892;58;76;62;98
6;uniform;auto;manhattan;0.4931972789115646;0.5552238805970149;52;81;68;93
6;uniform;auto;chebyshev;0.5340136054421769;0.5758513931888545;64;81;56;93
6;uniform;auto;minkowski;0.5306122448979592;0.5868263473053892;58;76;62;98
6;uniform;ball_tree;euclidean;0.5306122448979592;0.5868263473053892;58;76;62;98
6;uniform;ball_tree;manhattan;0.4931972789115646;0.5552238805970149;52;81;68;93
6;uniform;ball_tree;chebyshev;0.5306122448979592;0.5714285714285715;64;82;56;92
6;uniform;ball_tree;minkowski;0.5306122448979592;0.5868263473053892;58;76;62;98
6;uniform;kd_tree;euclidean;0.5306122448979592;0.5868263473053892;58;76;62;98
6;uniform;kd_tree;manhattan;0.4931972789115646;0.5552238805970149;52;81;68;93
6;uniform;kd_tree;chebyshev;0.5340136054421769;0.5758513931888545;64;81;56;93
6;uniform;kd_tree;minkowski;0.5306122448979592;0.5868263473053892;58;76;62;98
6;uniform;brute;euclidean;0.5306122448979592;0.5868263473053892;58;76;62;98
6;uniform;brute;manhattan;0.4931972789115646;0.5552238805970149;52;81;68;93
6;uniform;brute;chebyshev;0.5306122448979592;0.5714285714285715;64;82;56;92
6;uniform;brute;minkowski;0.5306122448979592;0.5868263473053892;58;76;62;98
6;distance;auto;euclidean;0.5850340136054422;0.6772486772486773;44;46;76;128
6;distance;auto;manhattan;0.5714285714285714;0.6752577319587629;37;43;83;131
6;distance;auto;chebyshev;0.5850340136054422;0.6702702702702703;48;50;72;124
6;distance;auto;minkowski;0.5850340136054422;0.6772486772486773;44;46;76;128
6;distance;ball_tree;euclidean;0.5850340136054422;0.6772486772486773;44;46;76;128
6;distance;ball_tree;manhattan;0.5714285714285714;0.6752577319587629;37;43;83;131
6;distance;ball_tree;chebyshev;0.5850340136054422;0.6702702702702703;48;50;72;124
6;distance;ball_tree;minkowski;0.5850340136054422;0.6772486772486773;44;46;76;128
6;distance;kd_tree;euclidean;0.5850340136054422;0.6772486772486773;44;46;76;128
6;distance;kd_tree;manhattan;0.5714285714285714;0.6752577319587629;37;43;83;131
6;distance;kd_tree;chebyshev;0.5850340136054422;0.6702702702702703;48;50;72;124
6;distance;kd_tree;minkowski;0.5850340136054422;0.6772486772486773;44;46;76;128
6;distance;brute;euclidean;0.5850340136054422;0.6772486772486773;44;46;76;128
6;distance;brute;manhattan;0.5714285714285714;0.6752577319587629;37;43;83;131
6;distance;brute;chebyshev;0.5850340136054422;0.6702702702702703;48;50;72;124
6;distance;brute;minkowski;0.5850340136054422;0.6772486772486773;44;46;76;128
7;uniform;auto;euclidean;0.5612244897959183;0.6559999999999999;42;51;78;123
7;uniform;auto;manhattan;0.5340136054421769;0.6422976501305483;34;51;86;123
7;uniform;auto;chebyshev;0.5680272108843537;0.6613333333333333;43;50;77;124
7;uniform;auto;minkowski;0.5612244897959183;0.6559999999999999;42;51;78;123
7;uniform;ball_tree;euclidean;0.5612244897959183;0.6559999999999999;42;51;78;123
7;uniform;ball_tree;manhattan;0.5340136054421769;0.6422976501305483;34;51;86;123
7;uniform;ball_tree;chebyshev;0.5714285714285714;0.6666666666666667;42;48;78;126
7;uniform;ball_tree;minkowski;0.5612244897959183;0.6559999999999999;42;51;78;123
7;uniform;kd_tree;euclidean;0.5612244897959183;0.6559999999999999;42;51;78;123
7;uniform;kd_tree;manhattan;0.5340136054421769;0.6422976501305483;34;51;86;123
7;uniform;kd_tree;chebyshev;0.5680272108843537;0.6613333333333333;43;50;77;124
7;uniform;kd_tree;minkowski;0.5612244897959183;0.6559999999999999;42;51;78;123
7;uniform;brute;euclidean;0.5612244897959183;0.6559999999999999;42;51;78;123
7;uniform;brute;manhattan;0.5340136054421769;0.6422976501305483;34;51;86;123
7;uniform;brute;chebyshev;0.5748299319727891;0.6684350132625995;43;48;77;126
7;uniform;brute;minkowski;0.5612244897959183;0.6559999999999999;42;51;78;123
7;distance;auto;euclidean;0.5748299319727891;0.6612466124661246;47;52;73;122
7;distance;auto;manhattan;0.5476190476190477;0.6453333333333334;40;53;80;121
7;distance;auto;chebyshev;0.5714285714285714;0.6538461538461539;49;55;71;119
7;distance;auto;minkowski;0.5748299319727891;0.6612466124661246;47;52;73;122
7;distance;ball_tree;euclidean;0.5748299319727891;0.6612466124661246;47;52;73;122
7;distance;ball_tree;manhattan;0.5476190476190477;0.6453333333333334;40;53;80;121
7;distance;ball_tree;chebyshev;0.5782312925170068;0.6612021857923497;49;53;71;121
7;distance;ball_tree;minkowski;0.5748299319727891;0.6612466124661246;47;52;73;122
7;distance;kd_tree;euclidean;0.5748299319727891;0.6612466124661246;47;52;73;122
7;distance;kd_tree;manhattan;0.5476190476190477;0.6453333333333334;40;53;80;121
7;distance;kd_tree;chebyshev;0.5714285714285714;0.6538461538461539;49;55;71;119
7;distance;kd_tree;minkowski;0.5748299319727891;0.6612466124661246;47;52;73;122
7;distance;brute;euclidean;0.5748299319727891;0.6612466124661246;47;52;73;122
7;distance;brute;manhattan;0.5476190476190477;0.6453333333333334;40;53;80;121
7;distance;brute;chebyshev;0.5782312925170068;0.6612021857923497;49;53;71;121
7;distance;brute;minkowski;0.5748299319727891;0.6612466124661246;47;52;73;122
8;uniform;auto;euclidean;0.5306122448979592;0.5917159763313609;56;74;64;100
8;uniform;auto;manhattan;0.5340136054421769;0.6096866096866096;50;67;70;107
8;uniform;auto;chebyshev;0.5680272108843537;0.6253687315634219;61;68;59;106
8;uniform;auto;minkowski;0.5306122448979592;0.5917159763313609;56;74;64;100
8;uniform;ball_tree;euclidean;0.5306122448979592;0.5917159763313609;56;74;64;100
8;uniform;ball_tree;manhattan;0.5340136054421769;0.6096866096866096;50;67;70;107
8;uniform;ball_tree;chebyshev;0.5680272108843537;0.6253687315634219;61;68;59;106
8;uniform;ball_tree;minkowski;0.5306122448979592;0.5917159763313609;56;74;64;100
8;uniform;kd_tree;euclidean;0.5306122448979592;0.5917159763313609;56;74;64;100
8;uniform;kd_tree;manhattan;0.5340136054421769;0.6096866096866096;50;67;70;107
8;uniform;kd_tree;chebyshev;0.5680272108843537;0.6253687315634219;61;68;59;106
8;uniform;kd_tree;minkowski;0.5306122448979592;0.5917159763313609;56;74;64;100
8;uniform;brute;euclidean;0.5306122448979592;0.5917159763313609;56;74;64;100
8;uniform;brute;manhattan;0.5340136054421769;0.6096866096866096;50;67;70;107
8;uniform;brute;chebyshev;0.5680272108843537;0.6253687315634219;61;68;59;106
8;uniform;brute;minkowski;0.5306122448979592;0.5917159763313609;56;74;64;100
8;distance;auto;euclidean;0.5884353741496599;0.6807387862796834;44;45;76;129
8;distance;auto;manhattan;0.5782312925170068;0.6820512820512821;37;41;83;133
8;distance;auto;chebyshev;0.6020408163265306;0.689655172413793;47;44;73;130
8;distance;auto;minkowski;0.5884353741496599;0.6807387862796834;44;45;76;129
8;distance;ball_tree;euclidean;0.5884353741496599;0.6807387862796834;44;45;76;129
8;distance;ball_tree;manhattan;0.5782312925170068;0.6820512820512821;37;41;83;133
8;distance;ball_tree;chebyshev;0.6020408163265306;0.689655172413793;47;44;73;130
8;distance;ball_tree;minkowski;0.5884353741496599;0.6807387862796834;44;45;76;129
8;distance;kd_tree;euclidean;0.5884353741496599;0.6807387862796834;44;45;76;129
8;distance;kd_tree;manhattan;0.5782312925170068;0.6820512820512821;37;41;83;133
8;distance;kd_tree;chebyshev;0.6020408163265306;0.689655172413793;47;44;73;130
8;distance;kd_tree;minkowski;0.5884353741496599;0.6807387862796834;44;45;76;129
8;distance;brute;euclidean;0.5884353741496599;0.6807387862796834;44;45;76;129
8;distance;brute;manhattan;0.5782312925170068;0.6820512820512821;37;41;83;133
8;distance;brute;chebyshev;0.6020408163265306;0.689655172413793;47;44;73;130
8;distance;brute;minkowski;0.5884353741496599;0.6807387862796834;44;45;76;129
9;uniform;auto;euclidean;0.5986394557823129;0.6974358974358975;40;38;80;136
9;uniform;auto;manhattan;0.564625850340136;0.6751269035532995;33;41;87;133
9;uniform;auto;chebyshev;0.6054421768707483;0.6979166666666666;44;40;76;134
9;uniform;auto;minkowski;0.5986394557823129;0.6974358974358975;40;38;80;136
9;uniform;ball_tree;euclidean;0.5986394557823129;0.6974358974358975;40;38;80;136
9;uniform;ball_tree;manhattan;0.564625850340136;0.6751269035532995;33;41;87;133
9;uniform;ball_tree;chebyshev;0.6054421768707483;0.6979166666666666;44;40;76;134
9;uniform;ball_tree;minkowski;0.5986394557823129;0.6974358974358975;40;38;80;136
9;uniform;kd_tree;euclidean;0.5986394557823129;0.6974358974358975;40;38;80;136
9;uniform;kd_tree;manhattan;0.564625850340136;0.6751269035532995;33;41;87;133
9;uniform;kd_tree;chebyshev;0.6054421768707483;0.6979166666666666;44;40;76;134
9;uniform;kd_tree;minkowski;0.5986394557823129;0.6974358974358975;40;38;80;136
9;uniform;brute;euclidean;0.5986394557823129;0.6974358974358975;40;38;80;136
9;uniform;brute;manhattan;0.564625850340136;0.6751269035532995;33;41;87;133
9;uniform;brute;chebyshev;0.6054421768707483;0.6979166666666666;44;40;76;134
9;uniform;brute;minkowski;0.5986394557823129;0.6974358974358975;40;38;80;136
9;distance;auto;euclidean;0.5782312925170068;0.6736842105263158;42;46;78;128
9;distance;auto;manhattan;0.5714285714285714;0.671875;39;45;81;129
9;distance;auto;chebyshev;0.5986394557823129;0.6878306878306877;46;44;74;130
9;distance;auto;minkowski;0.5782312925170068;0.6736842105263158;42;46;78;128
9;distance;ball_tree;euclidean;0.5782312925170068;0.6736842105263158;42;46;78;128
9;distance;ball_tree;manhattan;0.5714285714285714;0.671875;39;45;81;129
9;distance;ball_tree;chebyshev;0.5986394557823129;0.6878306878306877;46;44;74;130
9;distance;ball_tree;minkowski;0.5782312925170068;0.6736842105263158;42;46;78;128
9;distance;kd_tree;euclidean;0.5782312925170068;0.6736842105263158;42;46;78;128
9;distance;kd_tree;manhattan;0.5714285714285714;0.671875;39;45;81;129
9;distance;kd_tree;chebyshev;0.5986394557823129;0.6878306878306877;46;44;74;130
9;distance;kd_tree;minkowski;0.5782312925170068;0.6736842105263158;42;46;78;128
9;distance;brute;euclidean;0.5782312925170068;0.6736842105263158;42;46;78;128
9;distance;brute;manhattan;0.5714285714285714;0.671875;39;45;81;129
9;distance;brute;chebyshev;0.5986394557823129;0.6878306878306877;46;44;74;130
9;distance;brute;minkowski;0.5782312925170068;0.6736842105263158;42;46;78;128
10;uniform;auto;euclidean;0.5714285714285714;0.6460674157303371;53;59;67;115
10;uniform;auto;manhattan;0.5476190476190477;0.627450980392157;49;62;71;112
10;uniform;auto;chebyshev;0.5714285714285714;0.6420454545454546;55;61;65;113
10;uniform;auto;minkowski;0.5714285714285714;0.6460674157303371;53;59;67;115
10;uniform;ball_tree;euclidean;0.5714285714285714;0.6460674157303371;53;59;67;115
10;uniform;ball_tree;manhattan;0.5476190476190477;0.627450980392157;49;62;71;112
10;uniform;ball_tree;chebyshev;0.5714285714285714;0.6420454545454546;55;61;65;113
10;uniform;ball_tree;minkowski;0.5714285714285714;0.6460674157303371;53;59;67;115
10;uniform;kd_tree;euclidean;0.5714285714285714;0.6460674157303371;53;59;67;115
10;uniform;kd_tree;manhattan;0.5476190476190477;0.627450980392157;49;62;71;112
10;uniform;kd_tree;chebyshev;0.5714285714285714;0.6420454545454546;55;61;65;113
10;uniform;kd_tree;minkowski;0.5714285714285714;0.6460674157303371;53;59;67;115
10;uniform;brute;euclidean;0.5714285714285714;0.6460674157303371;53;59;67;115
10;uniform;brute;manhattan;0.5476190476190477;0.627450980392157;49;62;71;112
10;uniform;brute;chebyshev;0.5714285714285714;0.6420454545454546;55;61;65;113
10;uniform;brute;minkowski;0.5714285714285714;0.6460674157303371;53;59;67;115
10;distance;auto;euclidean;0.5884353741496599;0.6873385012919897;40;41;80;133
10;distance;auto;manhattan;0.564625850340136;0.6683937823834197;37;45;83;129
10;distance;auto;chebyshev;0.608843537414966;0.6965699208443272;47;42;73;132
10;distance;auto;minkowski;0.5884353741496599;0.6873385012919897;40;41;80;133
10;distance;ball_tree;euclidean;0.5884353741496599;0.6873385012919897;40;41;80;133
10;distance;ball_tree;manhattan;0.564625850340136;0.6683937823834197;37;45;83;129
10;distance;ball_tree;chebyshev;0.608843537414966;0.6965699208443272;47;42;73;132
10;distance;ball_tree;minkowski;0.5884353741496599;0.6873385012919897;40;41;80;133
10;distance;kd_tree;euclidean;0.5884353741496599;0.6873385012919897;40;41;80;133
10;distance;kd_tree;manhattan;0.564625850340136;0.6683937823834197;37;45;83;129
10;distance;kd_tree;chebyshev;0.608843537414966;0.6965699208443272;47;42;73;132
10;distance;kd_tree;minkowski;0.5884353741496599;0.6873385012919897;40;41;80;133
10;distance;brute;euclidean;0.5884353741496599;0.6873385012919897;40;41;80;133
10;distance;brute;manhattan;0.564625850340136;0.6683937823834197;37;45;83;129
10;distance;brute;chebyshev;0.608843537414966;0.6965699208443272;47;42;73;132
10;distance;brute;minkowski;0.5884353741496599;0.6873385012919897;40;41;80;133
11;uniform;auto;euclidean;0.6054421768707483;0.7085427135678393;37;33;83;141
11;uniform;auto;manhattan;0.5918367346938775;0.6984924623115578;35;35;85;139
11;uniform;auto;chebyshev;0.608843537414966;0.7043701799485861;42;37;78;137
11;uniform;auto;minkowski;0.6054421768707483;0.7085427135678393;37;33;83;141
11;uniform;ball_tree;euclidean;0.6054421768707483;0.7085427135678393;37;33;83;141
11;uniform;ball_tree;manhattan;0.5918367346938775;0.6984924623115578;35;35;85;139
11;uniform;ball_tree;chebyshev;0.608843537414966;0.7043701799485861;42;37;78;137
11;uniform;ball_tree;minkowski;0.6054421768707483;0.7085427135678393;37;33;83;141
11;uniform;kd_tree;euclidean;0.6054421768707483;0.7085427135678393;37;33;83;141
11;uniform;kd_tree;manhattan;0.5918367346938775;0.6984924623115578;35;35;85;139
11;uniform;kd_tree;chebyshev;0.608843537414966;0.7043701799485861;42;37;78;137
11;uniform;kd_tree;minkowski;0.6054421768707483;0.7085427135678393;37;33;83;141
11;uniform;brute;euclidean;0.6054421768707483;0.7085427135678393;37;33;83;141
11;uniform;brute;manhattan;0.5918367346938775;0.6984924623115578;35;35;85;139
11;uniform;brute;chebyshev;0.608843537414966;0.7043701799485861;42;37;78;137
11;uniform;brute;minkowski;0.6054421768707483;0.7085427135678393;37;33;83;141
11;distance;auto;euclidean;0.5884353741496599;0.6857142857142857;41;42;79;132
11;distance;auto;manhattan;0.5850340136054422;0.6855670103092784;39;41;81;133
11;distance;auto;chebyshev;0.5816326530612245;0.6754617414248021;43;46;77;128
11;distance;auto;minkowski;0.5884353741496599;0.6857142857142857;41;42;79;132
11;distance;ball_tree;euclidean;0.5884353741496599;0.6857142857142857;41;42;79;132
11;distance;ball_tree;manhattan;0.5850340136054422;0.6855670103092784;39;41;81;133
11;distance;ball_tree;chebyshev;0.5816326530612245;0.6754617414248021;43;46;77;128
11;distance;ball_tree;minkowski;0.5884353741496599;0.6857142857142857;41;42;79;132
11;distance;kd_tree;euclidean;0.5884353741496599;0.6857142857142857;41;42;79;132
11;distance;kd_tree;manhattan;0.5850340136054422;0.6855670103092784;39;41;81;133
11;distance;kd_tree;chebyshev;0.5816326530612245;0.6754617414248021;43;46;77;128
11;distance;kd_tree;minkowski;0.5884353741496599;0.6857142857142857;41;42;79;132
11;distance;brute;euclidean;0.5884353741496599;0.6857142857142857;41;42;79;132
11;distance;brute;manhattan;0.5850340136054422;0.6855670103092784;39;41;81;133
11;distance;brute;chebyshev;0.5816326530612245;0.6754617414248021;43;46;77;128
11;distance;brute;minkowski;0.5884353741496599;0.6857142857142857;41;42;79;132
12;uniform;auto;euclidean;0.5850340136054422;0.6737967914438503;46;48;74;126
12;uniform;auto;manhattan;0.5850340136054422;0.6720430107526881;47;49;73;125
12;uniform;auto;chebyshev;0.5578231292517006;0.6448087431693988;46;56;74;118
12;uniform;auto;minkowski;0.5850340136054422;0.6737967914438503;46;48;74;126
12;uniform;ball_tree;euclidean;0.5850340136054422;0.6737967914438503;46;48;74;126
12;uniform;ball_tree;manhattan;0.5850340136054422;0.6720430107526881;47;49;73;125
12;uniform;ball_tree;chebyshev;0.5578231292517006;0.6448087431693988;46;56;74;118
12;uniform;ball_tree;minkowski;0.5850340136054422;0.6737967914438503;46;48;74;126
12;uniform;kd_tree;euclidean;0.5850340136054422;0.6737967914438503;46;48;74;126
12;uniform;kd_tree;manhattan;0.5850340136054422;0.6720430107526881;47;49;73;125
12;uniform;kd_tree;chebyshev;0.5578231292517006;0.6448087431693988;46;56;74;118
12;uniform;kd_tree;minkowski;0.5850340136054422;0.6737967914438503;46;48;74;126
12;uniform;brute;euclidean;0.5850340136054422;0.6737967914438503;46;48;74;126
12;uniform;brute;manhattan;0.5850340136054422;0.6720430107526881;47;49;73;125
12;uniform;brute;chebyshev;0.5578231292517006;0.6448087431693988;46;56;74;118
12;uniform;brute;minkowski;0.5850340136054422;0.6737967914438503;46;48;74;126
12;distance;auto;euclidean;0.5986394557823129;0.6989795918367347;39;37;81;137
12;distance;auto;manhattan;0.5748299319727891;0.6819338422391856;35;40;85;134
12;distance;auto;chebyshev;0.5986394557823129;0.6910994764397905;44;42;76;132
12;distance;auto;minkowski;0.5986394557823129;0.6989795918367347;39;37;81;137
12;distance;ball_tree;euclidean;0.5986394557823129;0.6989795918367347;39;37;81;137
12;distance;ball_tree;manhattan;0.5748299319727891;0.6819338422391856;35;40;85;134
12;distance;ball_tree;chebyshev;0.5986394557823129;0.6910994764397905;44;42;76;132
12;distance;ball_tree;minkowski;0.5986394557823129;0.6989795918367347;39;37;81;137
12;distance;kd_tree;euclidean;0.5986394557823129;0.6989795918367347;39;37;81;137
12;distance;kd_tree;manhattan;0.5748299319727891;0.6819338422391856;35;40;85;134
12;distance;kd_tree;chebyshev;0.5986394557823129;0.6910994764397905;44;42;76;132
12;distance;kd_tree;minkowski;0.5986394557823129;0.6989795918367347;39;37;81;137
12;distance;brute;euclidean;0.5986394557823129;0.6989795918367347;39;37;81;137
12;distance;brute;manhattan;0.5748299319727891;0.6819338422391856;35;40;85;134
12;distance;brute;chebyshev;0.5986394557823129;0.6910994764397905;44;42;76;132
12;distance;brute;minkowski;0.5986394557823129;0.6989795918367347;39;37;81;137
13;uniform;auto;euclidean;0.5884353741496599;0.7027027027027027;30;31;90;143
13;uniform;auto;manhattan;0.6020408163265306;0.711111111111111;33;30;87;144
13;uniform;auto;chebyshev;0.5816326530612245;0.690176322418136;34;37;86;137
13;uniform;auto;minkowski;0.5884353741496599;0.7027027027027027;30;31;90;143
13;uniform;ball_tree;euclidean;0.5884353741496599;0.7027027027027027;30;31;90;143
13;uniform;ball_tree;manhattan;0.6020408163265306;0.711111111111111;33;30;87;144
13;uniform;ball_tree;chebyshev;0.5748299319727891;0.68671679197995;32;37;88;137
13;uniform;ball_tree;minkowski;0.5884353741496599;0.7027027027027027;30;31;90;143
13;uniform;kd_tree;euclidean;0.5884353741496599;0.7027027027027027;30;31;90;143
13;uniform;kd_tree;manhattan;0.6020408163265306;0.711111111111111;33;30;87;144
13;uniform;kd_tree;chebyshev;0.5816326530612245;0.690176322418136;34;37;86;137
13;uniform;kd_tree;minkowski;0.5884353741496599;0.7027027027027027;30;31;90;143
13;uniform;brute;euclidean;0.5884353741496599;0.7027027027027027;30;31;90;143
13;uniform;brute;manhattan;0.6020408163265306;0.711111111111111;33;30;87;144
13;uniform;brute;chebyshev;0.5816326530612245;0.690176322418136;34;37;86;137
13;uniform;brute;minkowski;0.5884353741496599;0.7027027027027027;30;31;90;143
13;distance;auto;euclidean;0.5952380952380952;0.6956521739130435;39;38;81;136
13;distance;auto;manhattan;0.5952380952380952;0.6956521739130435;39;38;81;136
13;distance;auto;chebyshev;0.6054421768707483;0.6947368421052632;46;42;74;132
13;distance;auto;minkowski;0.5952380952380952;0.6956521739130435;39;38;81;136
13;distance;ball_tree;euclidean;0.5952380952380952;0.6956521739130435;39;38;81;136
13;distance;ball_tree;manhattan;0.5952380952380952;0.6956521739130435;39;38;81;136
13;distance;ball_tree;chebyshev;0.6054421768707483;0.6947368421052632;46;42;74;132
13;distance;ball_tree;minkowski;0.5952380952380952;0.6956521739130435;39;38;81;136
13;distance;kd_tree;euclidean;0.5952380952380952;0.6956521739130435;39;38;81;136
13;distance;kd_tree;manhattan;0.5952380952380952;0.6956521739130435;39;38;81;136
13;distance;kd_tree;chebyshev;0.6054421768707483;0.6947368421052632;46;42;74;132
13;distance;kd_tree;minkowski;0.5952380952380952;0.6956521739130435;39;38;81;136
13;distance;brute;euclidean;0.5952380952380952;0.6956521739130435;39;38;81;136
13;distance;brute;manhattan;0.5952380952380952;0.6956521739130435;39;38;81;136
13;distance;brute;chebyshev;0.6054421768707483;0.6947368421052632;46;42;74;132
13;distance;brute;minkowski;0.5952380952380952;0.6956521739130435;39;38;81;136
14;uniform;auto;euclidean;0.6122448979591837;0.703125;45;39;75;135
14;uniform;auto;manhattan;0.5850340136054422;0.6789473684210526;43;45;77;129
14;uniform;auto;chebyshev;0.5952380952380952;0.6843501326259948;46;45;74;129
14;uniform;auto;minkowski;0.6122448979591837;0.703125;45;39;75;135
14;uniform;ball_tree;euclidean;0.6122448979591837;0.703125;45;39;75;135
14;uniform;ball_tree;manhattan;0.5850340136054422;0.6789473684210526;43;45;77;129
14;uniform;ball_tree;chebyshev;0.5884353741496599;0.6824146981627296;43;44;77;130
14;uniform;ball_tree;minkowski;0.6122448979591837;0.703125;45;39;75;135
14;uniform;kd_tree;euclidean;0.6122448979591837;0.703125;45;39;75;135
14;uniform;kd_tree;manhattan;0.5850340136054422;0.6789473684210526;43;45;77;129
14;uniform;kd_tree;chebyshev;0.5952380952380952;0.6843501326259948;46;45;74;129
14;uniform;kd_tree;minkowski;0.6122448979591837;0.703125;45;39;75;135
14;uniform;brute;euclidean;0.6122448979591837;0.703125;45;39;75;135
14;uniform;brute;manhattan;0.5850340136054422;0.6789473684210526;43;45;77;129
14;uniform;brute;chebyshev;0.5952380952380952;0.6843501326259948;46;45;74;129
14;uniform;brute;minkowski;0.6122448979591837;0.703125;45;39;75;135
14;distance;auto;euclidean;0.5918367346938775;0.6984924623115578;35;35;85;139
14;distance;auto;manhattan;0.5714285714285714;0.6818181818181819;33;39;87;135
14;distance;auto;chebyshev;0.6122448979591837;0.7091836734693877;41;35;79;139
14;distance;auto;minkowski;0.5918367346938775;0.6984924623115578;35;35;85;139
14;distance;ball_tree;euclidean;0.5918367346938775;0.6984924623115578;35;35;85;139
14;distance;ball_tree;manhattan;0.5714285714285714;0.6818181818181819;33;39;87;135
14;distance;ball_tree;chebyshev;0.608843537414966;0.7073791348600509;40;35;80;139
14;distance;ball_tree;minkowski;0.5918367346938775;0.6984924623115578;35;35;85;139
14;distance;kd_tree;euclidean;0.5918367346938775;0.6984924623115578;35;35;85;139
14;distance;kd_tree;manhattan;0.5714285714285714;0.6818181818181819;33;39;87;135
14;distance;kd_tree;chebyshev;0.6122448979591837;0.7091836734693877;41;35;79;139
14;distance;kd_tree;minkowski;0.5918367346938775;0.6984924623115578;35;35;85;139
14;distance;brute;euclidean;0.5918367346938775;0.6984924623115578;35;35;85;139
14;distance;brute;manhattan;0.5714285714285714;0.6818181818181819;33;39;87;135
14;distance;brute;chebyshev;0.6122448979591837;0.7091836734693877;41;35;79;139
14;distance;brute;minkowski;0.5918367346938775;0.6984924623115578;35;35;85;139
15;uniform;auto;euclidean;0.608843537414966;0.7160493827160492;34;29;86;145
15;uniform;auto;manhattan;0.5884353741496599;0.704156479217604;29;30;91;144
15;uniform;auto;chebyshev;0.6156462585034014;0.718204488778055;37;30;83;144
15;uniform;auto;minkowski;0.608843537414966;0.7160493827160492;34;29;86;145
15;uniform;ball_tree;euclidean;0.608843537414966;0.7160493827160492;34;29;86;145
15;uniform;ball_tree;manhattan;0.5884353741496599;0.704156479217604;29;30;91;144
15;uniform;ball_tree;chebyshev;0.6122448979591837;0.7135678391959799;38;32;82;142
15;uniform;ball_tree;minkowski;0.608843537414966;0.7160493827160492;34;29;86;145
15;uniform;kd_tree;euclidean;0.608843537414966;0.7160493827160492;34;29;86;145
15;uniform;kd_tree;manhattan;0.5884353741496599;0.704156479217604;29;30;91;144
15;uniform;kd_tree;chebyshev;0.6156462585034014;0.718204488778055;37;30;83;144
15;uniform;kd_tree;minkowski;0.608843537414966;0.7160493827160492;34;29;86;145
15;uniform;brute;euclidean;0.608843537414966;0.7160493827160492;34;29;86;145
15;uniform;brute;manhattan;0.5884353741496599;0.704156479217604;29;30;91;144
15;uniform;brute;chebyshev;0.6122448979591837;0.7150000000000001;37;31;83;143
15;uniform;brute;minkowski;0.608843537414966;0.7160493827160492;34;29;86;145
15;distance;auto;euclidean;0.6122448979591837;0.712121212121212;39;33;81;141
15;distance;auto;manhattan;0.564625850340136;0.68;30;38;90;136
15;distance;auto;chebyshev;0.6020408163265306;0.7007672634271099;40;37;80;137
15;distance;auto;minkowski;0.6122448979591837;0.712121212121212;39;33;81;141
15;distance;ball_tree;euclidean;0.6122448979591837;0.712121212121212;39;33;81;141
15;distance;ball_tree;manhattan;0.564625850340136;0.68;30;38;90;136
15;distance;ball_tree;chebyshev;0.5986394557823129;0.6958762886597939;41;39;79;135
15;distance;ball_tree;minkowski;0.6122448979591837;0.712121212121212;39;33;81;141
15;distance;kd_tree;euclidean;0.6122448979591837;0.712121212121212;39;33;81;141
15;distance;kd_tree;manhattan;0.564625850340136;0.68;30;38;90;136
15;distance;kd_tree;chebyshev;0.6020408163265306;0.7007672634271099;40;37;80;137
15;distance;kd_tree;minkowski;0.6122448979591837;0.712121212121212;39;33;81;141
15;distance;brute;euclidean;0.6122448979591837;0.712121212121212;39;33;81;141
15;distance;brute;manhattan;0.564625850340136;0.68;30;38;90;136
15;distance;brute;chebyshev;0.608843537414966;0.702842377260982;43;38;77;136
15;distance;brute;minkowski;0.6122448979591837;0.712121212121212;39;33;81;141
16;uniform;auto;euclidean;0.6054421768707483;0.7010309278350515;42;38;78;136
16;uniform;auto;manhattan;0.5884353741496599;0.6921119592875319;37;38;83;136
16;uniform;auto;chebyshev;0.5952380952380952;0.6860158311345647;45;44;75;130
16;uniform;auto;minkowski;0.6054421768707483;0.7010309278350515;42;38;78;136
16;uniform;ball_tree;euclidean;0.6054421768707483;0.7010309278350515;42;38;78;136
16;uniform;ball_tree;manhattan;0.5884353741496599;0.6921119592875319;37;38;83;136
16;uniform;ball_tree;chebyshev;0.5952380952380952;0.6860158311345647;45;44;75;130
16;uniform;ball_tree;minkowski;0.6054421768707483;0.7010309278350515;42;38;78;136
16;uniform;kd_tree;euclidean;0.6054421768707483;0.7010309278350515;42;38;78;136
16;uniform;kd_tree;manhattan;0.5884353741496599;0.6921119592875319;37;38;83;136
16;uniform;kd_tree;chebyshev;0.5952380952380952;0.6860158311345647;45;44;75;130
16;uniform;kd_tree;minkowski;0.6054421768707483;0.7010309278350515;42;38;78;136
16;uniform;brute;euclidean;0.6054421768707483;0.7010309278350515;42;38;78;136
16;uniform;brute;manhattan;0.5884353741496599;0.6921119592875319;37;38;83;136
16;uniform;brute;chebyshev;0.5918367346938775;0.6808510638297872;46;46;74;128
16;uniform;brute;minkowski;0.6054421768707483;0.7010309278350515;42;38;78;136
16;distance;auto;euclidean;0.5986394557823129;0.700507614213198;38;36;82;138
16;distance;auto;manhattan;0.5782312925170068;0.691542288557214;31;35;89;139
16;distance;auto;chebyshev;0.6054421768707483;0.7055837563451777;39;35;81;139
16;distance;auto;minkowski;0.5986394557823129;0.700507614213198;38;36;82;138
16;distance;ball_tree;euclidean;0.5986394557823129;0.700507614213198;38;36;82;138
16;distance;ball_tree;manhattan;0.5782312925170068;0.691542288557214;31;35;89;139
16;distance;ball_tree;chebyshev;0.6054421768707483;0.7055837563451777;39;35;81;139
16;distance;ball_tree;minkowski;0.5986394557823129;0.700507614213198;38;36;82;138
16;distance;kd_tree;euclidean;0.5986394557823129;0.700507614213198;38;36;82;138
16;distance;kd_tree;manhattan;0.5782312925170068;0.691542288557214;31;35;89;139
16;distance;kd_tree;chebyshev;0.6054421768707483;0.7055837563451777;39;35;81;139
16;distance;kd_tree;minkowski;0.5986394557823129;0.700507614213198;38;36;82;138
16;distance;brute;euclidean;0.5986394557823129;0.700507614213198;38;36;82;138
16;distance;brute;manhattan;0.5782312925170068;0.691542288557214;31;35;89;139
16;distance;brute;chebyshev;0.6054421768707483;0.7040816326530613;40;36;80;138
16;distance;brute;minkowski;0.5986394557823129;0.700507614213198;38;36;82;138
17;uniform;auto;euclidean;0.608843537414966;0.7146401985111662;35;30;85;144
17;uniform;auto;manhattan;0.5884353741496599;0.705596107055961;28;29;92;145
17;uniform;auto;chebyshev;0.6122448979591837;0.7178217821782178;35;29;85;145
17;uniform;auto;minkowski;0.608843537414966;0.7146401985111662;35;30;85;144
17;uniform;ball_tree;euclidean;0.608843537414966;0.7146401985111662;35;30;85;144
17;uniform;ball_tree;manhattan;0.5884353741496599;0.705596107055961;28;29;92;145
17;uniform;ball_tree;chebyshev;0.6122448979591837;0.7178217821782178;35;29;85;145
17;uniform;ball_tree;minkowski;0.608843537414966;0.7146401985111662;35;30;85;144
17;uniform;kd_tree;euclidean;0.608843537414966;0.7146401985111662;35;30;85;144
17;uniform;kd_tree;manhattan;0.5884353741496599;0.705596107055961;28;29;92;145
17;uniform;kd_tree;chebyshev;0.6122448979591837;0.7178217821782178;35;29;85;145
17;uniform;kd_tree;minkowski;0.608843537414966;0.7146401985111662;35;30;85;144
17;uniform;brute;euclidean;0.608843537414966;0.7146401985111662;35;30;85;144
17;uniform;brute;manhattan;0.5884353741496599;0.705596107055961;28;29;92;145
17;uniform;brute;chebyshev;0.6122448979591837;0.7178217821782178;35;29;85;145
17;uniform;brute;minkowski;0.608843537414966;0.7146401985111662;35;30;85;144
17;distance;auto;euclidean;0.6020408163265306;0.7052896725440805;37;34;83;140
17;distance;auto;manhattan;0.5918367346938775;0.7;34;34;86;140
17;distance;auto;chebyshev;0.5986394557823129;0.6974358974358975;40;38;80;136
17;distance;auto;minkowski;0.6020408163265306;0.7052896725440805;37;34;83;140
17;distance;ball_tree;euclidean;0.6020408163265306;0.7052896725440805;37;34;83;140
17;distance;ball_tree;manhattan;0.5918367346938775;0.7;34;34;86;140
17;distance;ball_tree;chebyshev;0.5986394557823129;0.6974358974358975;40;38;80;136
17;distance;ball_tree;minkowski;0.6020408163265306;0.7052896725440805;37;34;83;140
17;distance;kd_tree;euclidean;0.6020408163265306;0.7052896725440805;37;34;83;140
17;distance;kd_tree;manhattan;0.5918367346938775;0.7;34;34;86;140
17;distance;kd_tree;chebyshev;0.5986394557823129;0.6974358974358975;40;38;80;136
17;distance;kd_tree;minkowski;0.6020408163265306;0.7052896725440805;37;34;83;140
17;distance;brute;euclidean;0.6020408163265306;0.7052896725440805;37;34;83;140
17;distance;brute;manhattan;0.5918367346938775;0.7;34;34;86;140
17;distance;brute;chebyshev;0.5986394557823129;0.6974358974358975;40;38;80;136
17;distance;brute;minkowski;0.6020408163265306;0.7052896725440805;37;34;83;140
18;uniform;auto;euclidean;0.6156462585034014;0.7095115681233933;43;36;77;138
18;uniform;auto;manhattan;0.5748299319727891;0.6819338422391856;35;40;85;134
18;uniform;auto;chebyshev;0.6054421768707483;0.699481865284974;43;39;77;135
18;uniform;auto;minkowski;0.6156462585034014;0.7095115681233933;43;36;77;138
18;uniform;ball_tree;euclidean;0.6156462585034014;0.7095115681233933;43;36;77;138
18;uniform;ball_tree;manhattan;0.5748299319727891;0.6819338422391856;35;40;85;134
18;uniform;ball_tree;chebyshev;0.6054421768707483;0.699481865284974;43;39;77;135
18;uniform;ball_tree;minkowski;0.6156462585034014;0.7095115681233933;43;36;77;138
18;uniform;kd_tree;euclidean;0.6156462585034014;0.7095115681233933;43;36;77;138
18;uniform;kd_tree;manhattan;0.5748299319727891;0.6819338422391856;35;40;85;134
18;uniform;kd_tree;chebyshev;0.6054421768707483;0.699481865284974;43;39;77;135
18;uniform;kd_tree;minkowski;0.6156462585034014;0.7095115681233933;43;36;77;138
18;uniform;brute;euclidean;0.6156462585034014;0.7095115681233933;43;36;77;138
18;uniform;brute;manhattan;0.5748299319727891;0.6819338422391856;35;40;85;134
18;uniform;brute;chebyshev;0.6020408163265306;0.6945169712793735;44;41;76;133
18;uniform;brute;minkowski;0.6156462585034014;0.7095115681233933;43;36;77;138
18;distance;auto;euclidean;0.608843537414966;0.7146401985111662;35;30;85;144
18;distance;auto;manhattan;0.6020408163265306;0.711111111111111;33;30;87;144
18;distance;auto;chebyshev;0.5986394557823129;0.7020202020202021;37;35;83;139
18;distance;auto;minkowski;0.608843537414966;0.7146401985111662;35;30;85;144
18;distance;ball_tree;euclidean;0.608843537414966;0.7146401985111662;35;30;85;144
18;distance;ball_tree;manhattan;0.6020408163265306;0.711111111111111;33;30;87;144
18;distance;ball_tree;chebyshev;0.5986394557823129;0.7020202020202021;37;35;83;139
18;distance;ball_tree;minkowski;0.608843537414966;0.7146401985111662;35;30;85;144
18;distance;kd_tree;euclidean;0.608843537414966;0.7146401985111662;35;30;85;144
18;distance;kd_tree;manhattan;0.6020408163265306;0.711111111111111;33;30;87;144
18;distance;kd_tree;chebyshev;0.5986394557823129;0.7020202020202021;37;35;83;139
18;distance;kd_tree;minkowski;0.608843537414966;0.7146401985111662;35;30;85;144
18;distance;brute;euclidean;0.608843537414966;0.7146401985111662;35;30;85;144
18;distance;brute;manhattan;0.6020408163265306;0.711111111111111;33;30;87;144
18;distance;brute;chebyshev;0.6020408163265306;0.7037974683544305;38;35;82;139
18;distance;brute;minkowski;0.608843537414966;0.7146401985111662;35;30;85;144
19;uniform;auto;euclidean;0.5816326530612245;0.6992665036674818;28;31;92;143
19;uniform;auto;manhattan;0.5952380952380952;0.711864406779661;28;27;92;147
19;uniform;auto;chebyshev;0.5918367346938775;0.70873786407767;28;28;92;146
19;uniform;auto;minkowski;0.5816326530612245;0.6992665036674818;28;31;92;143
19;uniform;ball_tree;euclidean;0.5816326530612245;0.6992665036674818;28;31;92;143
19;uniform;ball_tree;manhattan;0.5952380952380952;0.711864406779661;28;27;92;147
19;uniform;ball_tree;chebyshev;0.5918367346938775;0.70873786407767;28;28;92;146
19;uniform;ball_tree;minkowski;0.5816326530612245;0.6992665036674818;28;31;92;143
19;uniform;kd_tree;euclidean;0.5816326530612245;0.6992665036674818;28;31;92;143
19;uniform;kd_tree;manhattan;0.5952380952380952;0.711864406779661;28;27;92;147
19;uniform;kd_tree;chebyshev;0.5918367346938775;0.70873786407767;28;28;92;146
19;uniform;kd_tree;minkowski;0.5816326530612245;0.6992665036674818;28;31;92;143
19;uniform;brute;euclidean;0.5816326530612245;0.6992665036674818;28;31;92;143
19;uniform;brute;manhattan;0.5952380952380952;0.711864406779661;28;27;92;147
19;uniform;brute;chebyshev;0.5918367346938775;0.70873786407767;28;28;92;146
19;uniform;brute;minkowski;0.5816326530612245;0.6992665036674818;28;31;92;143
19;distance;auto;euclidean;0.5952380952380952;0.7047146401985112;33;32;87;142
19;distance;auto;manhattan;0.6020408163265306;0.7096774193548387;34;31;86;143
19;distance;auto;chebyshev;0.5986394557823129;0.700507614213198;38;36;82;138
19;distance;auto;minkowski;0.5952380952380952;0.7047146401985112;33;32;87;142
19;distance;ball_tree;euclidean;0.5952380952380952;0.7047146401985112;33;32;87;142
19;distance;ball_tree;manhattan;0.6020408163265306;0.7096774193548387;34;31;86;143
19;distance;ball_tree;chebyshev;0.5986394557823129;0.700507614213198;38;36;82;138
19;distance;ball_tree;minkowski;0.5952380952380952;0.7047146401985112;33;32;87;142
19;distance;kd_tree;euclidean;0.5952380952380952;0.7047146401985112;33;32;87;142
19;distance;kd_tree;manhattan;0.6020408163265306;0.7096774193548387;34;31;86;143
19;distance;kd_tree;chebyshev;0.5986394557823129;0.700507614213198;38;36;82;138
19;distance;kd_tree;minkowski;0.5952380952380952;0.7047146401985112;33;32;87;142
19;distance;brute;euclidean;0.5952380952380952;0.7047146401985112;33;32;87;142
19;distance;brute;manhattan;0.6020408163265306;0.7096774193548387;34;31;86;143
19;distance;brute;chebyshev;0.5986394557823129;0.700507614213198;38;36;82;138
19;distance;brute;minkowski;0.5952380952380952;0.7047146401985112;33;32;87;142
