ADX_14;HLC_CCI_18;MÃ¡ximo_MACD_12:26;K%_8
23.84113134084513;-115.09544059190596;-10.194567122401168;-1511.8999999999687
25.095128114446737;-117.96160974146062;-11.078741136112512;-1133.8999999999942
26.475058651568165;-130.6607931567826;-12.33436760114455;323.9999999999782
29.31400797421625;-155.7803504020826;-13.69448101276612;-702.0000000000437
32.05979738717788;-145.13631169753018;-14.819339315173238;-1025.9000000000017
32.940481545077965;-107.54149825389632;-15.316452351929;-971.9000000000052
32.05815067240091;-86.61649238446716;-15.10061268155914;-864.0000000000327
30.244392487509334;-73.39094635611588;-14.156343849427683;-593.8999999999396
27.484602060603347;-57.16105892500756;-13.08297831029995;-1133.8999999999942
24.59398845252297;-66.85822440018381;-12.2651565538863;-1565.900000000056
22.438432849329462;-87.37102506598521;-11.743100687136575;-1997.8000000000063
21.75043704084743;-60.9050209372003;-11.114104202507406;-323.9999999999782
21.395897816353457;-55.96791254905806;-10.408490384606012;1403.899999999976
20.139835250363458;-44.18814133346167;-9.823197616909964;1025.9000000000017
19.56031912174357;-71.15845681868093;-10.243379093879412;1187.9000000000815
20.18429561979685;-75.50810091472596;-10.54200128701632;864.0000000000327
21.247075251443043;-95.10003895631344;-10.871212392328744;-378.0000000000655
22.45615093220305;-103.9569002791098;-11.34986824529642;-270.0000000000728
23.136373665052183;-79.34674990545756;-10.94938644069498;161.9999999999891
22.944247652569;-32.56735285769653;-9.390919084489724;0.0
21.242667013178856;66.31023382412212;-6.942958402737531;-1133.8999999999942
20.163882839993143;58.9123648134848;-5.161303071990005;-1835.8999999999469
20.691955604184507;51.11602949560777;-2.8020653846861023;-971.9999999999344
22.281047237912247;82.65955753611154;-1.653955340392713;-269.9999999999818
23.414045701428687;-38.593938277012334;-1.4678981223223673;54.00000000008731
22.80432532219056;-39.87525514448548;-1.86531884181386;809.9999999999454
20.743400993517515;25.739189373217744;-1.5955109286878724;2483.900000000085
18.237328480096178;147.39919860076998;-1.1505558864537306;2537.79999999997
16.512756111321444;137.53049415314885;-0.1857557150569846;431.8999999999505
17.748779106002367;-78.6514087390302;-2.356812495700069;594.0000000000509
20.57880379663063;-30.80106129028684;-3.557078491978245;-377.89999999995416
21.57362519517512;-41.99258797218584;-3.983154944994567;-2483.899999999994
20.04450850248512;-8.902245961467807;-3.797737294850776;-1511.9000000000597
18.05583594024901;41.34957908493729;-3.5661110755663685;701.9999999999527
16.723186386311024;57.08299639950272;-3.5163057917898186;1943.8000000000104
16.156999630040975;46.09008236482913;-3.5664434664167857;971.9000000000052
16.388823488892633;-52.31205714790188;-3.3927741976331163;-2537.79999999997
16.260656547516426;-64.37593599823094;-3.39035213009538;1727.8999999999542
15.092792817371356;-69.85232404082296;-3.9528151583190265;1025.9000000000017
13.74377758457899;-30.50197060076331;-4.0039093809073165;1187.8999999999903
13.31514057330179;-19.950949051926365;-3.998311870046564;431.9999999999709
14.028726592099622;-78.43072533834473;-4.508281776123113;-323.9999999999782
15.259105903629177;-107.23435691070112;-5.373377494262968;-215.99999999998545
16.31514892600241;-95.09231183574803;-5.903770122499736;107.99999999999272
17.163529069202074;-109.17699601570452;-6.036655855476965;-863.9000000000124
17.24314900283225;-90.8810757622285;-6.588897887235362;-755.9000000000196
16.821071992930776;-75.05893594499203;-6.644940528786719;755.9000000000196
16.71491477482572;-67.4355099077182;-6.354661224831034;-107.99999999999272
16.327207090563256;-77.75629747625696;-6.05481662800139;-1565.900000000056
15.01154138325003;-84.51855678558964;-5.966279503670194;-971.9000000000052
13.369940627388084;-91.132141738063;-5.742767175449444;-377.89999999995416
11.985853305641074;-83.85484305754686;-5.846821423419897;-53.99999999999636
11.475453817269877;-107.09606536459096;-5.947868809453212;107.99999999999272
11.5627504511577;-110.59526247235544;-6.346867544271845;377.9000000000451
12.183417057670004;-98.1945516145847;-6.587144415776493;755.9000000000196
12.75990906902828;-57.500773432699646;-5.321946586717786;0.0
12.241383097919712;23.39798398007017;-3.45166399601203;-593.9000000000306
12.337055827720878;117.45000534448036;-1.387087447783415;-215.900000000056
13.587276955453328;121.54563569633709;-0.0121162211344199;-215.99999999998545
15.025659075678565;111.16875750464936;2.228275665513138;-1026.0000000000218
17.717328341778558;151.07695106757726;5.121172150315033;-648.0000000000473
22.382260753350984;164.28637418651806;6.984710169459504;432.00000000006185
26.188640271951847;123.6329915592022;8.10668770389475;1619.9000000000524
27.22735014045349;114.73090000603868;8.290348875273594;2483.799999999974
25.774912978869224;99.81028552507686;8.856609349996688;1619.8999999999614
25.621757915020048;165.23235576462548;10.75002015668906;323.9999999999782
27.42255209777933;139.5389559046937;11.809415858151624;1025.9000000000017
28.17845467521833;135.33926438162732;12.892538805359436;2861.80000000004
27.00798928995115;104.46828931154155;13.292677424336944;378.0000000000655
25.839290717957645;86.15847421214403;13.282385146620072;-1781.9000000000417
25.831785288896643;72.11424057022188;13.25218595300521;-971.9000000000052
26.2906377265676;79.7120894111928;12.819042015523337;1403.900000000067
25.34617650588235;78.74217555200053;12.11821366546792;3455.699999999979
23.80775773366945;61.34465880440544;11.000342865105267;-161.9999999999891
22.932113845370736;50.65705279507743;9.69761966977785;161.9999999999891
22.260651046940406;41.55619471234046;8.781838024779972;-107.99999999999272
21.966645193062664;32.32707384620404;7.791959664456044;-215.99999999998545
23.1954210720829;-14.696281632926157;6.71223206403738;-269.9999999999818
25.083155405329062;-47.11369661098093;4.411417196882212;-431.9000000000415
26.34126325604713;-69.49987404864486;2.5155147545610816;-701.9000000000233
27.171971012383725;-99.48739967905868;0.9153004222062008;-1188.000000000011
27.68613202025639;-119.4028417523393;-0.8657826065309564;-594.0000000000509
28.09824775088888;-122.6329785886468;-2.079043867147448;216.0000000000764
28.763986146008502;-118.113482311339;-3.436681107035838;-215.89999999996508
29.454173707493133;-121.72033462106958;-4.030423319403781;-1781.7999999999302
28.53025530839881;-105.63220781805084;-4.492752137420212;-1619.8999999999614
26.33336412442184;-91.50950328757796;-4.846853038857262;-432.00000000006185
24.26217747926084;-88.60954230973186;-4.7244323429604265;-540.0000000000546
22.00430143440699;-75.12427959191788;-4.230143394973311;-701.9999999999527
19.646394576486017;-68.55969411721227;-3.0192885964652305;-377.9999999999745
18.952803871049777;5.334952505415093;-1.1747466478163917;53.99999999999636
19.907272878719294;31.15502550979452;0.2837947267398704;0.0
21.145846018699505;43.06030421186581;1.854061675731828;53.99999999999636
22.710418930491908;84.39503111059717;3.4508114314876366;323.9999999999782
24.70402497785492;104.75740669059606;4.705577634070323;377.9999999999745
25.70154069509337;58.34932431730382;4.988957677301187;215.99999999998545
26.0775447928905;94.63093124392798;4.981817167839836;1673.9000000000487
26.81998643955274;4.254697601185415;3.541068139997151;2483.799999999974
28.14222158094568;-47.72232342441801;0.9073865012042006;593.8999999999396
29.55809679872428;-13.82889945961448;-0.5202260249307074;810.0000000000364
31.356045796989577;-3.59296767747795;-1.4174127502501506;1349.9000000000706
33.19712540501001;12.655435524562082;-2.0180301247855823;-539.9999999999636
33.995584874818256;-11.635493103523082;-3.240986413954488;-701.9000000000233
34.363583081985425;-60.03361999226773;-4.076054886505517;-1403.900000000067
33.7851577186731;-112.5091190072984;-4.726936967433176;-3887.7000000000407
30.98263192761189;-107.89024782337022;-5.269172934344169;-1943.8000000000104
27.515042908692173;-109.51797798689748;-5.93541281799844;269.9000000000524
24.90315623515224;-103.13048140464376;-6.518986369944287;377.9999999999745
23.500816356179573;-101.49525296557748;-6.772680903577566;53.99999999999636
23.88989322297468;-124.11544742386752;-7.325032109090898;-917.9999999999382
24.78767412657808;-124.08254623854764;-8.708076134958901;-53.99999999999636
25.799741385891483;-114.52392439998684;-9.907804917220346;161.9999999999891
26.610018724915488;-101.70798518000208;-10.26100775326995;-539.9000000000342
26.299249561593463;-78.14262644782474;-9.903955755833522;-647.9000000000269
25.412835334333423;-80.67623619351828;-9.468271646665926;-53.99999999999636
24.23575252785088;-56.70509261910938;-9.277484704762172;-377.9999999999745
22.871042666994533;-88.77573508269973;-8.720742973017877;-2213.9000000000124
21.814294120919097;-58.92956077488738;-8.18516762224317;-1511.9000000000597
20.29423109527281;-73.80450067649394;-7.456894425798964;-53.99999999999636
19.07969075876032;-21.74186045946217;-6.499792697236444;756.00000000004
18.001312943306612;-29.80915499435664;-5.503627038707236;216.0000000000764
17.352147408008566;17.377675646953186;-4.875740815771678;323.8999999999578
16.594180134559814;-4.258448992801178;-4.672858552038633;593.99999999996
15.448694211856637;65.05475289247032;-3.5991945727373604;486.0000000000582
14.679592126466234;5.3224982144624;-3.233831687840393;-161.9999999999891
13.753394128651726;-27.406177084140047;-2.867649009498564;-107.99999999999272
12.475036816260086;78.63923415158084;-2.246615298439792;809.900000000016
11.523912859806362;104.4468673030498;-1.562140279252162;593.99999999996
11.99297209754649;-19.76756213227376;-1.6972195060498052;215.99999999998545
13.27884724644506;-64.24522526094698;-2.0852477378011827;-323.9999999999782
14.344424756442873;-3.980909110387072;-2.4085718767782964;431.9999999999709
16.247630027012402;-141.66899458602853;-3.3235913944763524;-863.9000000000124
17.90736983293456;-156.51543054470798;-4.045688265669014;-647.9999999999563
18.15787290282904;-46.10981980210328;-4.306867429530939;863.9000000000124
19.39061842054709;-130.94049904927166;-4.031724410566312;-485.9000000000378
19.43043596447416;13.745360584162036;-2.564136866812987;-1349.8999999999796
18.408149264449087;-46.45149824291699;-2.2465553226547854;269.89999999996144
23.580024600617783;-243.20032402346143;-8.347121858455466;0.0
32.44373084434493;-187.2321568774593;-13.720795106067271;-2321.7999999999847
39.53938577938463;-154.14103508461687;-18.334495854411216;-756.00000000004
46.58888196118094;-137.5951349403929;-22.558740077707625;917.9000000000088
53.575240556833016;-111.817660115218;-24.965099624989307;1565.900000000056
61.27565610163624;-93.08509830989274;-26.78130611217512;1511.9000000000597
69.44322576427521;-106.00976592152588;-26.86529346125644;-2051.800000000003
73.0609289957052;-94.12706455913302;-25.28963348163325;-8261.400000000049
68.9350908438969;-83.02288507343144;-23.163943942250626;-1241.899999999987
61.42275492185349;-84.96545464042805;-17.056318873593227;-1835.9000000000376
59.48892093227303;-23.80089331923289;-12.93830699503178;-1997.900000000027
62.85004099844616;-13.945823428518578;-8.186117551770622;701.9000000000233
64.59823553198662;-17.002018647046107;-6.695597417570752;-431.8999999999505
65.83560412772168;17.18040485636277;-5.623815575476328;1133.8999999999942
66.10058072021592;44.14874228837375;-4.073857544485691;4859.599999999955
63.82585090990141;46.94370973876595;-2.6407695424904887;107.99999999999272
62.45355174096221;113.52132315109463;-1.3586547883051026;4481.700000000001
58.399878175500646;141.1644838395089;0.1781776235293364;5939.599999999973
51.47715632352918;106.80199779305433;0.9925257795412108;-917.9000000000088
46.01740214705868;92.4957514966919;1.834621619384052;-1241.899999999987
41.90790090840333;90.49015302060208;2.775014409924552;377.9000000000451
38.557190311092405;86.20256995824069;3.480165292427955;917.9000000000088
35.33438398389909;81.32121386871546;4.380666236925208;756.00000000004
32.554142309855365;82.33068772572778;5.079341720655975;756.00000000004
29.519742382826973;70.5445619864059;5.913388419070543;485.8999999999469
26.66628625559288;61.40051891144514;6.2409932292912345;-161.9999999999891
24.96470999294244;32.08941748982258;5.694313314457759;-215.89999999996508
23.80109151769304;26.258782437389417;4.296574767914535;809.8999999999251
23.129407886762504;20.282461574331244;4.573975339506433;539.8999999999432
21.58557731138456;71.3469358240965;5.47141481480412;594.0000000000509
19.905652717485623;78.75683320996758;6.02603075909974;-53.99999999999636
18.89714664086848;63.21973853259543;5.875042900538574;0.0
19.35503661256221;-47.06424772977736;4.828257052372464;-701.8999999999323
21.137812683268216;-166.20902098791282;2.703951820306429;-2429.899999999998
21.471813849308624;-126.31342941372462;1.1380266177420708;-864.0000000000327
20.58620057416268;-65.23897594621498;0.1566547169577461;1565.899999999965
18.97531192617912;102.11134037592116;1.1089855101654391;3023.8000000000284
17.185770336021953;90.84121513357896;2.4023958409106854;432.00000000006185
16.1722009578857;81.02759758794151;3.4745276289213507;-2267.80000000008
16.56913130635812;60.72261802736738;4.61953654968147;-2267.80000000008
18.779861417891382;60.72195728599459;5.67936363518038;-1295.8999999999833
21.955765609791605;73.59749719402004;6.74644908809114;0.0
25.3072873380099;88.20366862938127;7.979448242501348;0.0
28.798163311989565;124.49145676723715;8.639154722538478;2753.8000000000466
29.882303441819527;111.88253158405664;9.057566868179492;1133.8999999999942
28.271229649576902;92.04776981547514;9.109854824244394;917.9000000000088
26.21931331534758;58.96676623210917;8.314777241967931;539.9999999999636
24.34584296853932;60.1641881395235;7.812482529448971;593.99999999996
22.33138295368641;77.89544008561472;7.502143566313862;809.900000000016
21.760579512242515;46.59543930220236;6.656662685609263;863.9000000000124
23.18140224394352;8.258997857224527;5.789158717128885;107.99999999999272
23.294291468560537;62.26502748089247;5.904975736500091;-161.9999999999891
21.21689546322863;84.24373415135751;6.876034931317918;-1025.9000000000017
19.827904639560067;91.2899589247995;7.55847692234147;-917.9000000000088
18.86583640190449;29.000557670269465;6.671792135568467;323.9999999999782
17.584677262602913;-2.990716898802616;6.116369101651799;-215.99999999998545
16.53083934187487;-62.261361475849;5.482355395857667;-2213.9000000000124
15.589236953434437;-64.97942052309716;4.104682487946775;-53.99999999999636
15.153743454881267;-47.85636657289834;3.366224426329609;2753.8000000000466
16.15703956565901;-46.67897719139073;1.973994042711638;1943.9000000000303
18.92671524261879;-109.42227301134;0.9037965165980496;-809.900000000016
20.77425321026961;-97.2532977346279;0.4426355315627006;-2213.9000000000124
20.5550146869956;-65.59274715418263;-0.3544066707490856;-53.99999999999636
20.67871272872953;-120.08447683606272;-0.9317541891323344;-539.9000000000342
20.711355793470297;-120.92364657817562;-0.9427842483883068;-1295.8999999999833
19.72913692576948;-95.50561453875044;-1.1129897449736743;-701.9999999999527
19.921809145190707;-127.02945622240708;-2.0520397523278007;215.99999999998545
21.14815840202247;-133.1746837319787;-3.496605544387421;647.9999999999563
22.41413728175284;-106.8697485331396;-4.157851044783456;-53.99999999999636
24.246676120376303;-124.23931915371766;-4.025461040309892;-593.99999999996
24.880957399564267;-55.93539722756441;-3.8327855548632215;-864.0000000000327
24.18872022247953;-84.82105884886393;-4.111996663932587;215.99999999998545
22.822576573768;-11.404649692206666;-3.207048140679035;378.0000000000655
20.810637792503734;-69.5171770843253;-3.0644924812550016;-2375.799999999981
20.13396703921752;-34.76523272040872;-2.8748036599845364;-1187.9000000000815
19.73010000541714;-39.35583509075666;-2.8226565360819222;431.8999999999505
18.68842952850441;18.401415437061;-1.8020209656624504;1511.9000000000597
17.81393416279905;60.299473843054216;-0.8095341687167092;0.0
17.794038179187748;-7.244355899671051;-0.5827193372770125;-756.00000000004
17.51965213624844;-36.71015439575116;-1.6475257304546176;1025.9000000000017
16.556708041891504;-1.1062644503743515;-2.3337697623692293;378.0000000000655
16.753227922020237;-63.81847825581494;-3.189365288656518;486.0000000000582
17.60491181813187;-79.6410742569088;-4.167973005393833;-702.0000000000437
18.517895004285737;-46.004050426594816;-5.317959415880978;1511.8999999999687
20.84936138466667;-107.99652069784118;-5.770650086024944;1080.0000000000182
22.39176081909208;-49.05659442127559;-5.111947333733951;-2321.7999999999847
21.278059376546423;43.38974297624574;-4.3653061764252925;-1241.899999999987
19.916851459673502;-79.14745226063376;-4.118276139485715;-540.0000000000546
19.08942364600272;-95.32981663236328;-4.13618393231809;-756.00000000004
18.34917668367852;-150.54311262600294;-4.447693639724093;-539.9999999999636
17.19598645918801;-104.63983779967342;-4.296452599774966;-1403.899999999976
16.04225969320101;-72.58588707074796;-4.258227253946643;431.9999999999709
14.957515543631322;-9.262646406118629;-4.050521045632195;2753.799999999956
14.724465852099444;-43.320884517209;-3.2817082494239003;594.0000000000509
14.113651357533744;38.72667839047717;-2.125040580037421;-755.8999999999287
13.373474033672077;104.38563532156638;0.2267764325024472;-1457.9000000000633
15.655496543468164;179.67478323345497;1.8514789188802752;-378.0000000000655
18.35319700433911;100.53164647576192;2.8017560359130584;539.9000000000342
19.336194546617737;39.87387465817037;2.7389616856007706;-377.9999999999745
18.889687654687773;-48.085810851640666;1.409479369138353;-215.99999999998545
18.09120549120564;-74.5988401969838;-0.380507965632205;864.0000000000327
19.81099237809253;-90.31964903993442;-2.6400421114985875;2537.8999999999905
23.497412441965885;-56.45676725243468;-4.423323369808713;2861.7999999999483
29.10416697351327;-105.05221305716636;-6.803839189056816;917.9000000000088
36.506301853235314;-155.60808048816787;-9.323606976911831;-1565.899999999965
44.09142351089922;-176.18309868965488;-12.612990776777224;-2321.7999999999847
49.90412418563648;-153.89248468738782;-15.13255938605198;-2537.8999999999905
52.748431437075446;-122.89778426041414;-15.383440098322351;-2051.900000000024
57.79756915022728;-183.72590867414425;-22.124290341857886;-1727.8000000000247
64.6650885016255;-149.85493260895663;-27.36875944614349;-1619.8999999999614
69.73500051093257;-131.08374319599542;-31.29501006122609;-1943.9000000000303
72.70956710947485;-117.8707670424134;-33.58380458801457;-3023.8000000000284
73.58537244725915;-105.46611772977398;-35.03737517637546;-2375.799999999981
73.43932278762459;-95.28993050387334;-36.50915412536142;323.9999999999782
73.58017498736987;-88.2620011068682;-36.98773701558821;-215.99999999998545
73.0568897509586;-101.16724640621878;-36.9411824479248;-6965.499999999975
68.00336635559266;-91.32104137078436;-36.397572089236746;-377.9999999999745
60.48668893675172;-84.06631385569248;-35.772264006627665;-53.99999999999636
54.08280660232767;-76.23647368658614;-34.74545836917878;431.9999999999709
48.44541810296963;-67.86974737617264;-33.2004059937517;-864.0000000000327
43.34888616543079;-59.48144141845398;-31.525468594270933;-1025.9999999999309
38.44074896242097;-56.958721392219694;-29.50931571896035;270.0000000000728
34.24360148171716;-41.89678846712172;-27.03342026714836;377.9999999999745
31.4751450936786;-23.588156089504103;-24.613315052569305;-107.99999999999272
29.896040033569;-20.977125011383865;-22.43672760465052;-809.900000000016
29.131696600521625;3.6593793684803297;-20.647962765346165;593.99999999996
27.970418006166312;16.912610070101536;-18.40820726144193;1025.9000000000017
26.675967033915544;19.33141656096016;-16.615940615803083;-215.99999999998545
25.4306904770125;26.584776712325056;-15.410000188413504;323.9999999999782
23.32808412769656;55.31847484829743;-14.289562529479554;1673.8999999999578
21.284682434479897;72.28868887274317;-13.076654819151372;1187.8999999999903
19.2360914432159;94.66124432498783;-11.50350313933268;53.99999999999636
17.26777925078712;99.97809904450057;-9.881421303128263;-53.99999999999636
15.790775350682162;85.86888623029142;-8.713335291250587;485.9000000000378
14.438695780115015;92.22894287987094;-7.397332458113851;-377.9999999999745
13.657688723718744;27.180003963768613;-6.841976022373274;-1133.8999999999942
13.81138737008008;-47.009851826447466;-7.104201310356075;431.9999999999709
14.731450006450384;-65.27727322001856;-7.530227375750655;539.9999999999636
17.405837624637954;-127.14476464258694;-8.036655462589806;539.9000000000342
23.490444988971927;-214.77007426116305;-10.969296778916032;53.99999999999636
33.02951422853753;-204.6545765531777;-14.261864228698869;269.9999999999818
44.20993137901819;-185.3554380171748;-18.875746256549974;485.9000000000378
54.994931004672864;-166.3749405778131;-24.08465387088836;-2483.799999999974
63.19778782309744;-141.38166277634386;-26.857471473336773;-2375.799999999981
67.24198278001786;-96.2808529964587;-28.723838865873404;-485.99999999996726
68.9984422188727;-97.80222299044118;-29.64337071055525;-2699.80000000005
68.2554927801659;-91.39340442798832;-29.379831606411244;-4643.69999999999
63.77786040947716;-93.97972655370668;-28.92469605067072;-5723.599999999988
57.68595045011839;-88.74942609104868;-28.109331201578243;-4373.600000000079
52.40114277105503;-88.07299840125638;-27.494713941444388;-1727.8999999999542
48.53062849681909;-72.89637508285055;-27.13061535938596;1295.8999999999833
44.01661136390984;-70.07688127139834;-26.966861594418333;2213.9000000000124
39.44622984872189;-66.8214469446801;-26.875865207684;755.9000000000196
37.25938491651141;-68.67293619900303;-26.756755614572285;1079.8999999999978
37.16141454669088;-78.11595118266366;-27.56458991495765;378.0000000000655
37.678159273798784;-81.10767016297594;-28.012612914804777;-324.0000000000691
38.01029041824464;-89.34283169629968;-27.527472952693643;-648.0000000000473
37.50363741009773;-76.54765226658358;-26.87675106838833;-971.9000000000052
36.19288575541803;-89.3733040116497;-25.759100007255256;-863.9000000000124
34.707186702314644;-90.41950005545849;-24.848358007709063;-701.9999999999527
32.39365228486315;-79.39975044444837;-23.4640289994295;-1997.900000000027
29.62500817069093;-68.04966809328747;-21.982813633976548;-1943.8000000000104
27.41322136697974;-68.171279388769;-20.48564702418753;-593.8999999999396
25.78427756566812;-53.31730297930614;-19.20842934387656;917.9000000000088
24.043383414055207;-84.72299849242482;-17.773476126039895;485.8999999999469
22.01775133980017;-103.379865071194;-16.66206290834998;-756.00000000004
20.20056068496965;-33.790933474214924;-15.084493431147166;810.0000000000364
18.890509736497524;58.62586519904334;-12.642836508197432;1403.900000000067
18.22564177163116;60.74623571788419;-10.80116414396889;377.9999999999745
17.574922868746988;-15.155553208808882;-10.01047309913065;-161.9999999999891
16.203528391009336;32.92371750934344;-8.587755350617954;-485.99999999996726
15.858281748398593;80.67963184630231;-7.159839674711293;-1026.0000000000218
15.924291800993071;35.14338312870092;-5.916431784190536;107.99999999999272
16.161481465622565;164.47132083342515;-4.487135781255347;1889.9000000000344
15.945279174968134;121.35948436242184;-4.134643063500334;2105.8
16.452108618305733;11.865512967412098;-4.069736882198413;-1025.9000000000017
17.66795127872213;-62.69388902554329;-5.264733613291355;-1457.8999999999724
18.891376822511567;-51.76184451202386;-6.614833803027068;1889.8000000000136
21.121555150938622;-93.6937151916014;-7.166452654780187;-269.9000000000524
21.63773351176588;27.71152608935191;-6.741658847409781;269.9999999999818
20.90484523400664;78.63852973656593;-5.987399780695341;1133.8999999999942
20.56019444090096;33.34676538599822;-5.974377437478324;-755.9000000000196
20.00184470592364;-26.138361333971165;-6.025241670713513;-1997.899999999936
18.849441602276613;-44.453370383122746;-5.824200922726959;-2429.899999999998
17.57046843625876;-86.38217227747843;-5.944853317633715;-1241.899999999987
16.865667882852826;-63.61001814830404;-6.230095469568369;702.0000000000437
16.10306454609149;-47.719013534064665;-6.597962164451928;2429.799999999977
15.454998797088807;-30.182715012550304;-6.55252482096239;701.9999999999527
14.924270386048336;-27.795724787928894;-6.269945422832279;-1133.8999999999942
13.651796239337084;7.955322940789211;-5.115640248538512;-53.99999999999636
12.163271026473067;11.364145854920409;-4.4545106647074135;-53.99999999999636
11.166358699133758;-14.179179628099586;-4.058075684044525;-701.9999999999527
10.083796586868276;-46.62066756583381;-3.615078754077331;-972.0000000000256
9.89121894671445;44.683973063409;-2.666803908615293;-269.9999999999818
10.35168499191446;23.47118371738997;-2.496539526460765;594.0000000000509
10.020541278706787;21.92278527668384;-1.9900755287435457;593.99999999996
9.255326251069656;28.78395285006344;-1.829055866388444;593.99999999996
8.756711322355557;11.9045999903044;-1.8543646110802;161.9999999999891
9.335078384136652;-117.3531247350692;-2.240673575028268;-647.9999999999563
10.576839361489856;-123.33729818297152;-3.163956397777838;377.9000000000451
12.072103637100737;-130.685861622423;-3.592808109075122;809.900000000016
14.396437437868297;-130.6534833535565;-4.103243972808741;-431.9000000000415
17.359726731866832;-179.09902295595728;-5.791702339291078;-215.900000000056
19.53454411999881;-120.23267252286816;-6.0577970442082005;53.99999999999636
21.049100142094183;-111.14329886807629;-6.068090080319962;-701.9999999999527
22.292286789815;-120.30248674500172;-6.351538013680511;-1242.0000000000073
22.13285807498251;-94.476838423911;-6.501230405758179;-1511.8999999999687
21.781257950699143;-114.1746035056574;-7.1044226741305465;53.99999999999636
22.62332355727264;-154.22498526254836;-7.969813509189407;-701.9000000000233
23.0060518448744;-130.90831374937176;-8.16938965051213;-1619.799999999941
22.216730646510253;-98.70925874344768;-7.62957734356678;701.8999999999323
20.31129513173755;-14.924176567767091;-4.836783344180731;539.8999999999432
19.588122447505963;57.433686131006425;-2.4212691470074788;378.0000000000655
20.23924897831472;81.36812513912147;-0.1566438455520256;-107.99999999999272
21.56213006692036;30.42804397890563;1.3610385854517515;-2483.8000000000648
23.317984153235784;-34.47450923534092;1.3715984549235145;-1511.8999999999687
23.6698053137568;-49.22393935139426;-0.1433714303057058;53.90000000006694
23.02855508144635;-5.159499997848085;-1.4148336317766734;1997.900000000027
21.557447737253504;45.67508034888404;-2.1364084775814263;4481.600000000071
20.781264229429244;77.78127695026492;-2.5912445137246323;2429.799999999977
21.44816233217203;81.39802940379968;-2.8749907584096945;917.9999999999382
22.761569259311027;37.147667975367504;-2.8922279500175136;-1457.8999999999724
23.33156954854575;1.2788504454203855;-3.174311471077999;-2699.79999999996
22.4164983706444;-21.267236267937967;-3.7037579736634143;-1349.9000000000706
20.42271287360608;-22.53364905192894;-3.817896880548688;-540.0000000000546
18.25254163331577;-9.70767537105216;-3.820736230607508;486.0000000000582
17.2330837012547;-35.52776594811917;-3.908650408227004;756.00000000004
17.02834873156367;-62.54112020121674;-4.406832166666391;161.9999999999891
16.76348318640282;-50.510397186345;-4.402309815965054;-53.99999999999636
16.323075904406227;-60.89319001883352;-4.305520967799566;-810.0000000000364
15.7588181647711;-78.71537696734782;-4.74054371105558;-594.0000000000509
15.169509076134943;-71.290355608882;-4.639737669889655;324.0000000000691
14.465917389793148;-40.50822882083944;-3.7325792311430632;-107.99999999999272
13.920495071154075;11.480794860186798;-2.763921431770541;-1241.900000000078
14.072643347381188;30.84638266759497;-1.2411961310463084;-107.99999999999272
14.610728996301845;72.94407777163485;-0.2063407400964934;863.9000000000124
15.303355606318778;78.62137217376073;0.8221794749233595;-215.89999999996508
15.87784628738106;55.021417319711496;2.7816277405363508;-593.8999999999396
17.944176306206398;191.92703627861903;4.285108544189825;323.8999999999578
20.9692908939503;176.7088925054172;5.672597965351088;1727.8999999999542
22.508547346185573;136.57326851684667;7.901091409676155;1080.0000000000182
24.34135531907515;158.32070951484204;9.38471343688525;539.9000000000342
26.26665556224609;134.3253322549868;11.861605755218989;1079.8999999999978
27.68581101108949;112.18659522587868;12.84863414416759;-161.9999999999891
28.3628981143728;96.59949192399404;12.312526652383896;1511.8999999999687
26.908197413408733;76.41478504473238;11.967570336572862;2375.900000000001
25.4700806154304;41.39443638084896;10.527156467072018;162.00000000008004
26.29872224765877;21.0483673812029;8.287970028380187;1511.8999999999687
30.62688785273289;-36.42599131418341;5.017713188625748;1295.8999999999833
38.28620756760662;-105.11739969884992;0.3308314687201346;593.9000000000306
48.164017987163895;-162.85270148136746;-5.154148015180908;-864.0000000000327
57.76609177935163;-159.1042470059165;-9.952680112080088;-2213.799999999992
66.1496747802;-154.30061890476267;-15.666405485867472;-1403.899999999976
73.19950861903054;-136.97990791854116;-19.921359491131625;-1943.9000000000303
77.38600746982651;-114.18837636363904;-22.76952733581402;-2267.7999999999884
78.96243980718303;-114.22827233883346;-24.91382376870297;-4103.700000000026
77.58774307098722;-111.3351206032718;-26.352986799955943;-5291.600000000017
72.76832018533182;-103.17648614431072;-26.964832630140336;-4049.699999999939
65.60375368443046;-92.2989192834278;-26.87844594290345;-2699.80000000005
57.91594366936358;-84.4032278144185;-26.547533912244035;-1997.900000000027
51.371398799162726;-75.90190420826217;-26.11496711999189;161.9999999999891
45.64810276879815;-72.23434043487632;-25.823070435235422;809.900000000016
40.89361763772032;-72.34908519617856;-25.816939751336577;-161.90000000005966
37.20243052411956;-70.65234954025672;-25.90561867704037;-161.90000000005966
34.00854454947501;-64.0533357008399;-25.50756804986122;431.9000000000415
31.65958146668787;-60.82392742018778;-23.871254104922627;539.9000000000342
28.839608699700907;-30.956820353321543;-22.101820055698223;-53.99999999999636
25.31061325402648;-27.3628699962594;-20.16210027290708;-701.9000000000233
22.460364820156297;-34.08162381712131;-18.800301579576622;-971.9000000000052
20.48894474889739;-41.80228339337842;-17.605270676487635;-1026.0000000000218
19.212380687139703;-52.82481781402833;-16.72682457661449;-756.00000000004
18.19095373837828;-58.453486147503135;-15.718733477550812;-53.99999999999636
17.513993239927895;28.62474250134432;-14.448249186516476;1727.900000000045
16.346160807937533;55.75716854103615;-13.072818483438825;1781.9000000000417
15.022886985926808;56.05382543052599;-11.846223847313922;0.0
14.513702054469892;-4.8927227871590535;-11.09483233642004;-269.9999999999818
14.036408447207236;-25.874818730905645;-10.508929217212426;-377.9999999999745
13.15732541615106;-8.35236436087191;-9.800897665500996;-539.9000000000342
12.657739170188073;-33.375190070838755;-9.522173257004397;215.99999999998545
13.51297870940113;-105.84141582534872;-9.798281788729582;431.9000000000415
14.984410119576308;-122.95936338127588;-10.075252498328156;323.9999999999782
16.997579246489966;-125.04056713094408;-10.478973111280538;-161.90000000005966
20.297978204100804;-194.4208905724957;-11.795780165743963;-1187.8999999999903
23.54146682450641;-171.81736805702454;-12.736118682310916;-107.99999999999272
25.439704581238907;-92.51184746866528;-13.155402492357098;323.9999999999782
26.853477303740373;-105.576197071066;-13.592443625671876;-809.9999999999454
28.35124699657501;-135.7651203313866;-14.469106124699463;-1889.8999999999432
29.065609301793632;-116.46511459326769;-14.861829095450958;-216.0000000000764
27.87714234726878;-52.6885179277275;-13.320232230991678;-755.9000000000196
25.82119955810911;-52.25516498320009;-11.788402981276704;-3347.699999999986
25.30188247417077;-20.943622271870943;-10.453911084988247;0.0
24.61531719190041;-20.00025625235296;-9.4184668803764;1619.9000000000524
22.878632042504165;-37.09959265541066;-8.499888465021286;-1241.899999999987
22.26572872255122;-40.03849476976008;-7.467955080169304;-1673.9000000000487
23.19240298811581;-1.8701173150094563;-6.445124592549291;-107.99999999999272
24.370896875414665;73.31164933519113;-5.484159115437251;3077.8000000000247
23.258105863454603;73.61107787701494;-4.194922241740642;648.0000000000473
21.12889174832729;116.4733223851475;-2.835572300905369;0.0
19.8672871342646;111.36769170434438;-1.5228557113514398;-269.9999999999818
19.25989646874356;109.45985906727734;-0.6062503410585123;107.99999999999272
18.566348368149143;95.5401637054495;-0.3118928533249345;647.899999999936
17.222201919062623;82.88000728843141;0.0515142137419388;593.9000000000306
15.751265472711468;49.19902965158405;-0.0951214370033994;0.0
14.597249123968952;38.117110892274894;-0.6396921441455561;485.99999999996726
13.846530193154;55.66925423379746;-0.7144447820019195;972.0000000000256
13.411907119781088;62.790363199579865;-0.5064083041743288;323.9999999999782
12.749876646667383;76.90405120507417;0.2653514240855656;-107.99999999999272
11.687607379492643;98.97651656682956;0.9962133032167912;-431.9999999999709
11.096045443179325;99.68632851250712;1.815934566887336;-485.99999999996726
11.33158224123158;69.51861725797156;2.3082411459236027;-863.9000000000124
12.067928418591174;79.28396822493124;3.141492840087267;-432.00000000006185
12.90667605801715;55.57952329380805;3.5862171834905894;323.90000000004875
12.592295440757724;-20.597698058015137;2.773859137057116;594.0000000000509
11.764394143894783;-10.39390101002441;2.191939195981832;971.9999999999344
11.656317781851682;34.87151073601945;1.495655034785159;1133.8999999999942
12.369999220461938;14.524346611939285;1.1053964465581885;647.9000000000269
13.76497075297176;-44.69966104828456;1.260807564653078;-53.99999999999636
14.27716036686122;104.09792192136688;1.8420463886341167;-53.99999999999636
13.384048508422556;103.89373415271126;2.96559194715428;-1133.8999999999942
12.8697229930138;53.1359291259926;3.7259129181065873;-1457.8999999999724
13.796983736802405;172.1906039339661;6.1744502837455;0.0
16.773333524276346;175.69766563098753;8.065532831938981;0.0
19.38370334008708;101.42687095356858;8.163007388706319;-648.0000000000473
21.04437146617068;130.7940003458951;8.663193923055587;809.9999999999454
20.989688604014592;32.425976860153874;7.104203955116645;1943.9000000000303
19.6566444091936;-8.32444333218191;5.155739405248824;755.9000000000196
18.68133944034872;38.18767419405376;3.6134866735255855;917.9000000000088
18.55086084830221;87.88396885765903;2.234758901679016;3185.800000000017
20.8702174971;8.808658804574836;1.3443965858268712;377.9999999999745
22.53833611653427;54.29631309586545;0.7176523601774534;-1673.9000000000487
22.5286722533773;75.49507309322735;0.3045889086279203;1025.9000000000017
23.35336833387936;-53.56293074660014;-0.1086612475282891;-2591.7999999999665
22.5819716036478;-68.18733107073342;-0.215809817194895;-863.9000000000124
20.11354205649477;-30.100671859094124;-0.0819141402416789;161.9999999999891
18.16188882991456;-57.427123172528304;-0.0622304715152495;-647.9999999999563
16.83559889068788;-31.94048271163605;0.0831311546553479;323.90000000004875
15.385361895739008;-28.330425634139992;0.0237634127133787;809.900000000016
14.00248030964048;-53.76212116277864;0.1492871087666571;0.0
13.572778173117047;-111.91342986512387;-0.4001434667879948;-377.9000000000451
14.059226797653883;-139.5692104511626;-1.6014335933132315;269.9000000000524
14.8098870341572;-98.6723191328259;-2.567442283972923;701.9000000000233
15.46554019150768;-91.15533906446905;-3.251951175128852;-107.99999999999272
16.02863007073524;-89.21043133795521;-3.88041881150275;0.0
16.637498442256256;-85.2688528632406;-4.156278995995308;107.99999999999272
17.221755792812562;-85.12530431712248;-3.808120690443502;-647.9000000000269
16.542826449008963;-56.608435141873976;-2.97510639759912;-1619.9000000000524
15.216544827236344;-77.91760770142042;-2.6761680610670737;-1026.0000000000218
13.959100755033472;-82.16547591478536;-2.5837671642266287;0.0
12.640458749600525;-89.40317871190256;-2.008162277366864;-215.89999999996508
11.916707106796688;-40.87304895213618;-0.5866124397725798;-323.8999999999578
12.626465206842832;32.48646061943555;0.4907455519596624;215.89999999996508
12.645098417359062;-15.636886114388632;1.1138522913288398;971.9000000000052
12.008156723615985;86.40362905241786;1.804732474123739;810.0000000000364
11.335292969990975;10.402991876372123;2.669989227320912;-377.9999999999745
10.993849145420723;59.91842570706436;2.3267802535883675;-431.9999999999709
11.014154973650337;3.861201590502223;2.4621375504802927;431.9999999999709
11.16032478668742;25.94443431080424;1.2048233238238026;1673.8999999999578
12.498076719890957;-103.88764720137216;1.3259381226116602;-377.9999999999745
13.125256966762572;157.48809513886582;1.664179766986308;-215.99999999998545
12.599151275956102;129.87773974836298;2.211677582186894;431.9999999999709
13.91727396297147;218.239150138873;3.692267863814777;-215.99999999998545
15.517380291718144;138.61503780354454;4.551815601685121;269.9999999999818
16.27676291948907;91.70214937962108;4.828762511961941;-1511.8999999999687
17.58797548260477;62.59452099298887;4.947638153781554;-1133.8999999999942
19.058645418257463;67.33736416847016;4.596698691915663;1025.9999999999309
19.2918688862994;74.9289249420463;4.054057248095887;2375.799999999981
18.20584351098329;11.707423650749728;3.195018427461946;-269.9999999999818
16.737469138090262;50.85781872874892;2.0978795403279946;1295.8999999999833
16.57045896729728;38.07201696625;1.4297749473844306;-863.9000000000124
17.18172634308616;44.568307518258585;1.234652831004496;-432.00000000006185
17.294981878293658;27.129551699681304;1.5845525651120624;-539.9999999999636
16.59856524690211;59.66293317922423;1.840632954340436;-485.8999999999469
15.817575594934272;14.834296514352108;1.7619080974181998;-810.0000000000364
14.891360753704962;-20.543708621379025;1.59399650755131;-972.0000000000256
13.592417415115682;-1.409356604596156;1.6165045609886874;-593.99999999996
13.078666521671664;44.81951374247806;2.348025063699424;107.99999999999272
13.327630033067797;67.30696274455535;2.808241696150617;161.9999999999891
13.4405507905635;56.17569952994442;2.662961374610859;864.0000000000327
12.687263066107386;111.135533628071;2.648021391927614;1080.0000000000182
11.53813751443594;29.89071222519042;2.778447087637687;-1026.0000000000218
10.76857632203496;28.73225070161241;2.676661554788552;-378.0000000000655
9.96019471719216;38.44359190744084;2.351027173725015;1026.0000000000218
9.917811612042758;14.208802756705683;2.0691081894319723;1079.8999999999978
11.223231968532318;-91.69002367556214;1.1785778377561655;107.89999999997237
13.01539151558512;-119.72095367270248;0.5535916324506616;-431.9999999999709
15.198525027792792;-166.06569251112128;-0.6746065811912558;215.89999999996508
17.453083595515654;-137.75666625694345;-1.7153361607570332;-593.9000000000306
20.762177211351627;-187.7629073351289;-3.329636131517873;-539.9000000000342
25.68198691650468;-199.5984604028474;-6.623989258107031;-107.99999999999272
30.06404580382784;-162.20644282333078;-8.612625021011809;-1133.8999999999942
34.098401601412654;-149.01564064658473;-10.934061872052553;-809.9999999999454
39.15041472122425;-159.53764229622314;-13.9203948821596;-809.9999999999454
42.484845139346746;-113.041488794638;-15.153864962647276;-647.9000000000269
44.6522372160053;-105.286500299594;-16.2921806671593;-324.0000000000691
46.80321511101413;-117.62718617574428;-17.558277806964725;-3455.8
46.53061023906936;-111.26136951325518;-18.22098892439772;-3185.699999999997
43.86455744528864;-87.25232611853374;-18.27409890045601;-269.9999999999818
40.98317359544057;-96.52788578425672;-18.538146899925778;-2051.8999999999323
37.41376949700083;-78.7425964619711;-17.499994798086846;-1889.8000000000136
33.95005261168638;-42.341583626602215;-15.97035432173925;1079.8999999999978
31.46753131108053;-41.55061644204359;-14.67607355740165;53.99999999999636
29.25429856484118;-42.71972484041747;-13.451710296938472;-1241.899999999987
27.986734946671863;-28.13901917426081;-12.38223241142623;-269.9999999999818
27.30725123949657;-22.03205997926208;-11.058598940879165;323.9999999999782
26.579446312325587;-7.802874210664952;-9.98169409710772;269.9999999999818
25.29818204211073;10.5586955811526;-9.49805988506887;1781.8999999999503
23.03588634125784;40.39878669736817;-8.9678272701085;1835.8000000000168
20.887506257661546;27.7168649978906;-8.234820779527581;0.0
19.1335863756876;57.19670664992341;-7.868142523037022;-377.9000000000451
17.677870097024414;39.64479368628578;-7.620424316121898;485.9000000000378
17.69667789361157;-2.708646671486945;-7.6410391190684095;161.8999999999687
18.725997031606177;-76.7065617670552;-8.34541779238316;-485.9000000000378
19.684930760725308;-71.7335339328725;-9.06063848751728;-215.900000000056
20.477506659295244;-96.70550970805448;-9.087051983847232;-377.9999999999745
20.39818196186537;-26.628188677314604;-8.918036324460445;54.00000000008731
20.697076747902376;-103.88506529490972;-9.243906832639368;53.99999999999636
21.16955699103924;-105.1479407359268;-8.317031511895948;-648.0000000000473
19.73803034461497;-32.14597179967647;-6.936145929980739;-1619.8999999999614
18.821364393904407;-30.807960190772658;-5.904362115888034;-1295.8999999999833
17.875215808050477;-101.70686993688568;-5.631775228883271;-107.99999999999272
16.738925128881807;-79.97166614485182;-5.354030229333148;431.9999999999709
17.37150654026896;-154.06240236838875;-6.7122524635396985;269.9999999999818
18.34652947775689;-149.5598600407037;-7.958275553432941;-863.9999999999418
19.50263030929408;-115.72805907559506;-8.973042640347558;1349.8999999999796
22.394441506150145;-119.88247347977544;-9.751985028779927;2375.900000000001
26.0269112100921;-91.94690509392086;-10.164979948163818;-1025.9000000000017
27.218399239222723;-52.15842997102563;-9.597406395565486;-810.0000000000364
26.53593172161208;-40.43031689755591;-6.028208809962962;-1187.8999999999903
27.30461225396857;104.86723367103572;-2.689285245060092;-2861.80000000004
30.094668715344216;108.15443879078356;0.4311737900643493;-864.0000000000327
32.74158431520308;57.049921159399126;2.3541411390633584;-1349.8999999999796
35.37756831127122;89.48352593353819;4.695370359628214;216.0000000000764
36.89838301262549;56.49710344084999;4.453537180759668;1403.899999999976
37.0226986109421;74.38759911963498;4.169918169613993;1079.8999999999978
36.23252451043554;127.64074905625016;3.76984152931982;5021.700000000055
34.06005457571078;114.10267406785758;3.456826024480506;4157.699999999932
31.64839491799693;99.4466275674805;3.3460152896404907;-324.0000000000691
29.28346130988299;79.79200684617994;2.960371377278534;-971.9000000000052
26.81418075427947;75.89541330540972;2.6244922849446084;324.0000000000691
25.120923320375503;49.66759675406109;2.2880343945416826;-540.3999999999542
23.734604972896843;34.62734744109857;2.1720969089601567;-54.3999999999869
22.43974335746301;8.609813324496798;1.4049311079052131;-217.7999999999884
21.51458233837277;-3.0845987764323586;0.7878646699518868;108.89999999999418
20.87346659801836;-8.526415405932362;-0.0955334187010521;272.29999999999563
20.486409146854047;-22.56912580257089;-0.7431697170059124;-217.7999999999884
20.462164117749744;-85.14225296176453;-1.3724554810105474;-217.7999999999884
20.594094616335525;-79.50915759749375;-1.7194975413449356;-326.8000000000029
20.412782000824155;-108.3883629779176;-2.5799835140696814;-871.3000000000648
19.775934876904728;-114.82418815410789;-3.355019720459495;-1034.7000000000662
18.64312927426976;-98.48403937098745;-3.663392591899538;-163.40000000000146
17.469431085319446;-65.94862033606101;-3.776375410357105;381.1999999999898
16.5197117025149;-76.46279739362876;-3.34402433752075;-381.1999999999898
15.385469189798595;-49.19815694416;-3.054050997405284;-490.2000000000044
14.638382821634924;-102.920241311237;-3.3567664603087906;-544.4999999999709
13.962417493035945;-103.14591820228333;-3.555682945941044;-707.8999999999724
12.660880874916849;-68.01695677076886;-3.01943024441789;-108.89999999999418
11.49652056778505;-36.968732282684826;-2.695147583744074;598.9999999999782
12.206722587318405;-113.47444007712394;-3.062024159184148;435.6999999999971
14.331526242342582;-158.48798760673048;-4.661200687985001;490.099999999984
16.80830369574452;-146.427395897608;-5.991345253992222;-217.9000000000088
19.164829869645228;-151.55238410258391;-7.225819255804708;-1470.3999999999724
21.03858588702584;-143.08025984604666;-8.805708354025228;163.40000000000146
23.20707919732712;-122.17687542421731;-9.94316325030468;762.3999999999796
26.06404482815963;-122.5288963361209;-10.894842576447443;54.50000000000728
28.9783769463097;-141.2311211524376;-11.12525979691236;-2504.9999999999272
28.431264782039868;-76.21839318604957;-10.049589416400522;-2178.300000000036
25.838467573006;-66.4336352793638;-9.222650065099517;-108.90000000008511
24.02440999184324;-101.57761144478204;-8.94749644154399;-1415.899999999965
23.741060088168883;3.825986817947516;-6.327572702956786;-1034.599999999955
25.3417901716511;32.569032095970286;-4.246292592064492;-326.8000000000029
27.60817529162137;47.97171268731627;-2.4803176608293143;-381.1999999999898
29.808418586071816;63.53590084120321;-1.1988009180004155;980.199999999968
30.859510393643166;80.39800257526711;-0.1811020349514365;2014.9000000000344
30.44534710306212;53.1168119393345;0.6183042356424266;-598.9999999999782
30.51426748932045;64.71183622113635;1.324445282567467;-544.5000000000618
30.216103252649145;102.1113633442348;1.601980914401793;3975.29999999997
27.77942758086736;115.49817468637424;2.322397937469759;1089.0999999999622
24.656303903418408;112.95972479624744;2.9472329505570087;0.0
21.988525287724624;98.25079235563707;3.359793340291617;-163.40000000000146
20.060260011266127;75.71065217881853;3.6881321830715024;54.3999999999869
18.73134915262106;44.31367593545597;3.208293587722437;-163.29999999998108
17.26330259893822;41.27641557677774;2.8827414849529305;-925.7999999999812
15.687662252413116;54.99699735622404;3.072662299194235;108.89999999999418
14.361035856853263;79.96275406920864;3.1429687798772648;1361.4000000000487
13.633959647368112;56.58539627689242;2.9450155236627324;707.9000000000633
13.457541218195288;38.9814647763838;2.452271342597669;-108.89999999999418
13.444664293864546;-7.80169097220833;2.1252236640684714;-1361.4000000000487
13.117170959444524;-47.01663241283079;1.3234601134945478;-762.3999999999796
13.0745195934233;-83.1623752351903;0.4629962477902154;598.9999999999782
13.704016980966797;-64.97201828214207;-0.4770480486768065;707.9999999999927
15.273862335885472;-111.60935005294591;-1.2949853402260487;435.5999999999767
16.636942595862596;-94.98723105521388;-1.008868000666553;-925.7999999999812
16.322035964033237;-29.22887503372808;-0.382241959694511;-272.29999999999563
14.918497835495444;33.26198636263745;1.2425532799243229;-435.5999999999767
14.687464790762718;90.88182424379066;3.326782561336586;-1197.9999999999563
16.878117104375292;123.99725315505675;4.965209689948097;-544.5999999999913
19.466506252363324;79.64675913690756;7.495530549233081;-707.8999999999724
23.58984827585772;168.97749385868812;9.522904093695615;-381.09999999996944
28.57922088669573;145.87503573839803;11.089650841137882;1306.999999999971
31.181486673231515;109.94541005336433;11.06128831174101;2014.7999999999229
31.46864083108636;92.8570138131402;10.999884184016992;2123.8000000000284
30.120103005989098;118.91300631635264;11.217383694386626;2396.100000000024
27.85961784328573;88.70180779621894;10.825596886906167;598.9999999999782
25.480421178466628;87.04067553658992;10.308400990596963;1851.600000000053
23.82301264038537;118.56229044559052;10.133203054848307;1960.400000000027
22.63037762166738;86.50199777427581;9.837065605986936;-1252.5000000000546
20.883622510206983;69.00376145553754;9.188854606382847;-980.2000000000588
18.781163318369845;66.41945281178202;8.706548500067584;-326.8000000000029
16.896798685444328;52.64533110928031;7.7082226503907805;-163.40000000000146
15.336216003575528;19.883061125425563;6.838215529983245;-1361.3999999999578
14.44531577452732;41.16542447723475;6.295797238724845;-163.40000000000146
13.888430814114107;37.50573995776747;5.581939064791186;1688.0999999999403
13.81547813413692;-13.581770405799752;4.698341474788322;-980.199999999968
13.368500097204327;27.65996782918812;4.517308132480139;-54.3999999999869
12.317357227100883;53.1638622420134;4.541133198963507;54.50000000000728
11.395985787296944;73.1239476445918;5.767889211744659;-599.0999999999985
11.891416253752595;155.70215705937662;6.750163703677572;-108.89999999999418
12.839408372299916;108.856310781696;6.964992280506522;163.40000000000146
13.243458684564738;88.49814925863247;7.401419316136526;-762.3999999999796
14.234107050432318;71.0415242488378;7.485259081188815;-381.1999999999898
15.29760706275566;111.67739793772212;7.943478166843306;1089.0999999999622
16.211554692483514;152.7187471369535;8.559524707833589;980.2000000000588
16.89986168586663;146.6922538149941;8.814290234729924;1906.00000000004
16.132413461084365;94.1130501139574;8.696225730335755;871.3000000000648
14.956405951987366;106.56803808213314;8.808713930821796;-598.9999999999782
14.341756586960432;93.28766996548036;8.796461507488857;163.29999999998108
13.92583666107996;85.74141113912549;8.599745660062581;0.0
13.160810820554987;74.43833075063299;8.391016769229282;980.199999999968
12.3317169968619;62.32594953377244;7.654023857388893;871.1999999999534
11.654659492518364;51.12576480862814;7.771308341189979;-762.3999999999796
11.055014417325417;79.21511391756721;8.382818311791198;-108.89999999999418
11.214783923586822;149.30053034520682;9.809011954720518;762.3999999999796
12.525284162346711;167.93613370749597;11.683414245279891;272.29999999999563
14.92906532165286;159.1886259297459;14.322055193778397;-544.5999999999913
18.48009946924202;135.8953074199339;15.748317416176178;-925.7999999999812
21.98294811143833;99.3092775772507;16.99030271958054;-54.50000000000728
25.8433550299132;141.23025756904676;18.595148154218805;871.2999999999738
29.427569597353365;120.15791050659584;18.815193458800422;2014.9000000000344
30.41528888913478;114.67390161814512;19.38135780331595;2504.899999999998
30.34045989439296;117.01140842142983;19.864758839008573;2123.7999999999374
29.06199381323584;110.29755936128666;19.36545470641522;1688.2000000000517
25.97798035242348;88.33465707253666;18.27573830958136;-108.89999999999418
23.43225916257657;97.58037980674077;17.08335380141125;1034.599999999955
21.91047222661405;78.09420726880676;15.911071308668395;1361.4000000000487
20.659014024970336;55.74558505073751;14.507202446164229;-1143.50000000004
19.49669310735525;58.4484142204914;12.981365560202905;925.7999999999812
19.93893402637453;4.077683211021257;11.02979118447456;-925.7999999999812
19.73094282285791;9.308519812096836;9.722571474891993;-1361.3999999999578
18.52124568457213;20.84355445367408;10.281797383626326;0.0
17.54542245043871;100.03027976092572;10.689637655327717;54.3999999999869
16.295099457046838;69.77412956930405;10.713607809448147;-435.6999999999971
15.172629053250082;48.21134367097795;12.043879493622626;-544.5999999999913
15.255288036626206;86.56485314517063;12.297204835997944;-1089.1000000000531
17.087635346028375;110.7908360459765;13.137465946566408;-1198.0000000000473
20.394907776081745;152.72285392127495;14.080514213290371;217.7999999999884
24.1766486440328;174.26522048473254;14.876127365700086;2777.300000000014
25.387395491495138;119.49736006357912;14.765156161853156;1960.400000000027
25.04413323548628;107.37202112260458;14.90091198605478;-490.099999999984
25.6231630898024;119.8822783871725;15.011285785802102;871.2999999999738
25.27970324925736;92.72385546928444;14.492253454711316;1524.7999999999593
23.48053805411836;96.61018955651907;13.963926090412317;1415.900000000056
21.8952805992836;83.98357774463568;13.955567886584504;1688.2000000000517
21.80246699556963;38.11767825793953;12.095782195417996;-54.3999999999869
22.248466634255617;25.55745224424286;10.196750304100531;-435.6999999999971
23.0316758449263;15.0181378579196;8.245215343051314;816.7999999999665
25.32854287512661;-30.76586160179447;6.535320825498275;-163.29999999998108
27.06767049177642;-37.960062346873805;5.121183288094471;-816.8999999999869
27.59731442620623;-23.26153841211401;4.172099083141802;-108.89999999999418
27.939696312235885;-74.10975839936826;3.46784109825785;-1089.1000000000531
27.08505108965203;-68.65827676519953;3.3109912115442057;-1797.1000000000458
24.77289665865077;-29.977959069047465;3.541333993047374;-653.4999999999854
22.468191389878253;-58.22756040084026;3.5945731068395617;-544.4999999999709
20.317770633132547;-94.06008221186411;3.899412035230853;-980.199999999968
19.439501215381483;7.430848551159538;4.919130146817224;435.5999999999767
20.019001053330587;38.17722837948836;5.83581949183008;-54.50000000000728
21.23437234145795;32.48256192855764;6.7916094972733845;54.50000000000728
21.670513172120724;-106.40803529259396;3.900908111255376;1688.1999999999607
21.571363796790383;-95.89112732492512;1.4613112064125744;1034.6999999999753
22.006624814361206;-106.1111210608882;-0.4667070091354617;-707.9999999999927
22.29044150577972;-90.68895338812035;-2.05881578759454;272.29999999999563
23.57370644786622;-77.9141266310256;-3.8909145081806855;2613.9000000000124
26.50894558815074;-68.09829285257564;-4.586924451567938;1034.6000000000458
28.79344331925452;-40.09571065445673;-4.515252191239597;-1470.300000000043
29.03068421002062;-99.02954298656768;-4.494514640371563;-3757.499999999982
27.57154536297029;-118.08361302389432;-4.557395309743697;-163.40000000000146
26.187696457431453;-149.3883933540455;-5.771009562844483;163.30000000007203
25.87780835834538;-153.86191765094878;-7.220866774671776;-871.3000000000648
25.523633910566023;-136.81189088118128;-7.840066963142817;-707.9999999999927
24.10162081772864;-75.84941327314354;-7.931758655385238;925.7000000000515
22.467290422983883;-42.26080230591789;-7.087804754374702;1361.4000000000487
20.742280271347948;-3.0367266160812973;-5.824583837578757;381.1999999999898
18.464095282787245;-14.805393946563832;-4.725028032822593;-1797.1000000000458
17.34802067365372;-29.70847913852627;-3.940053792253821;-2287.20000000003
17.980775060023735;-32.93053417638803;-3.323540597596548;-1252.4999999999636
19.029681242496785;-22.793251488015603;-2.1075882018085395;435.5999999999767
19.554914219687724;32.273137391628154;-1.2177726415566212;1579.1999999999462
19.823373276110345;84.39125469512194;0.2317041950136626;1579.200000000037
20.04047588691464;129.0781464703271;2.53758258041762;1470.300000000043
20.32205053056404;119.91122318557792;4.0980447617967;381.1999999999898
20.57906760267923;93.39149722212125;4.665825163026966;217.7999999999884
20.239068112798183;20.208512281077656;4.362441429940191;-435.5999999999767
20.81830665013941;-52.13705083444052;2.2504861811694354;-108.89999999999418
22.43792290631129;-62.76379152580109;0.2660826537139655;1361.3999999999578
25.74233794737454;-73.18268004857926;-2.5080464080092497;1579.2999999999663
30.88557860201029;-101.7573787089918;-5.087286597018647;1633.7000000000444
36.03281097888513;-67.66609548634199;-6.485377496133879;490.099999999984
40.05026475312904;-97.79278249674196;-8.028150964144515;-1688.1999999999607
42.43773897652135;-113.86807593073844;-8.276510222966863;-3103.9999999999964
41.16693568441371;-75.27769196978552;-7.2038855941464135;-3866.399999999976
38.37748235506329;-17.801035556569826;-4.761038542003007;-1633.6999999999534
37.61177042200721;-1.7397329718413548;-2.6190468226086523;-1797.0000000000257
39.14710103240623;13.948201678991348;-0.8241296997503014;-544.5999999999913
39.40681613284725;-41.78494368680452;-1.1895350342656457;871.2999999999738
38.02158350561042;-31.479244078492403;-1.5057410936806264;-435.6999999999971
36.93513427629088;-5.066771611508527;-1.6928456576824829;2069.400000000041
34.26385922992821;8.61561774722164;-2.2979806219836973;3049.50000000008
31.033330380223504;53.47096961278709;-2.441890002879518;3212.8999999999905
29.805086329527075;86.50075346581558;-2.613683506398047;1470.299999999952
29.324079580828247;121.63119477393982;-2.761890000534549;435.6999999999971
29.236549922432115;30.78262784951844;-2.89000745319936;-1851.5000000000327
27.861543266107823;26.651048662214244;-2.913974033454906;-163.40000000000146
25.329147021102933;-1.174045307864749;-3.0298911657537246;-381.1999999999898
22.781703608765373;1.9058420145639408;-2.825565372930214;-980.199999999968
20.384614556168057;19.532938444068947;-2.6766768985198723;217.9000000000088
19.077318329631314;-24.211970994621502;-2.963961690380529;707.8999999999724
18.27109017139471;-49.3966806494886;-3.155265026563029;0.0
17.34937338663728;-85.31583336135606;-3.182317326687553;-544.5999999999913
16.493509316037983;-107.0004872453962;-3.645081182036847;-435.6999999999971
16.246960454851962;-106.55848822105676;-4.313593248967663;326.69999999998254
16.63746096563357;-113.29681514720764;-4.961942096289931;653.4999999999854
17.644985217834698;-127.27117592413856;-5.804404103781053;-217.7999999999884
18.68936337926616;-128.10568119633913;-6.267958051485948;-925.6999999999608
18.65317683345917;-87.88478644292871;-6.342492249243151;-435.6999999999971
17.747929446140763;-70.07909022152202;-5.937645911310938;-272.29999999999563
16.955567424750516;-74.12472519044779;-5.8134085136580325;-326.69999999998254
16.281787006212358;-110.56043678871328;-5.519554045256882;-1089.0999999999622
15.212943976812634;-80.40877685245208;-5.052601922774556;-816.8999999999869
13.944360970380451;-72.531358194638;-4.325165337662838;-54.3999999999869
12.538889031472564;-69.20317003932382;-4.140305730094951;326.69999999998254
11.201556208228594;-20.01929926786752;-3.5573267699764983;598.9999999999782
10.454891570940958;-28.532149849845226;-2.755946367946308;381.1999999999898
10.233010790053555;33.97542478176872;-1.5753668920779091;-707.9000000000633
10.68118554185594;62.2513797229342;-0.9365497313028754;-109.00000000001457
11.274470326751327;114.39004655836575;0.1393275283508046;762.3000000000502
12.208764759374954;165.59959165978367;1.5888458653626003;-435.5999999999767
14.219077077172582;180.26283211652867;4.096510136636425;54.50000000000728
17.040042990692385;180.5030604085839;6.448879464425772;816.8999999999869
20.701103925266725;176.3172912012595;8.696326892584693;980.199999999968
26.804290068564523;210.29033336829465;13.39887599564372;598.9999999999782
34.36013234513689;162.50448926626035;16.80016801660804;326.69999999998254
40.63367660388057;137.73356263721254;19.403890619738377;1306.9000000000417
45.05428639002982;115.06987095188148;20.91862609945929;1307.0000000000618
47.48001010945442;97.61888334735016;21.25881342859157;1742.5999999999476
47.37292304724144;91.19025163472593;21.36994807758492;2559.500000000025
45.32746187903774;83.13657930069544;21.43070658517172;1089.1999999999823
43.303128866594605;99.11941228288532;20.92999365994729;4193.099999999959
41.41906406533443;82.01035626909795;19.9082157993289;-54.3999999999869
38.99279361852797;70.37472287665385;19.74960105611808;-217.7999999999884
36.35845446939096;68.73487708421698;19.009300604244345;-816.7999999999665
33.2066510163294;55.53457258652016;18.516754089479942;-1579.200000000037
29.59594040462843;56.92809337967867;18.26740563387284;-435.6999999999971
27.047543588773227;75.18107271868658;18.42857814718536;599.0000000000691
25.702509205508168;77.83269080304886;18.43171241662094;0.0
24.43821274001185;41.89087459116391;17.70280949476455;-1143.6000000000604
22.59568437467696;28.906041113193115;15.887448977700842;326.7000000000735
20.60464074376768;17.97898738019114;14.327500436094851;816.8000000000575
18.79085054936065;4.9674630729585285;13.072389750381262;-272.29999999999563
17.317499047541226;41.67005631480834;11.983543603449109;1470.300000000043
17.79875631739291;8.13969167993477;10.34223629626922;2069.29999999993
19.44754118935957;23.65423564115273;9.199146681855382;-109.00000000001457
19.76397855458784;-8.198974174015177;9.11092380239279;-2287.199999999939
18.695000461595168;-5.654775692285376;8.503616146945205;-1470.300000000043
17.59742420957291;-118.21360367976736;7.496459252824934;-163.40000000000146
16.57614860067742;-102.29213323356414;6.708818275918929;0.0
15.416133549158545;-90.98580235667966;7.231631547278084;-544.5999999999913
15.582906218794587;97.02744064000336;7.862922497235559;-326.7000000000735
16.38359015152677;115.17226379022202;9.267063013613551;762.3999999999796
17.28494479798996;162.92167397492645;11.477930221447425;925.7000000000515
19.354875967781805;149.70240552472856;12.731721564094189;-599.0000000000691
21.85683060064904;90.32211660312656;13.5689458745519;-1633.7000000000444
25.192110330086365;141.6449548620121;15.112800295857596;54.50000000000728
28.97724800036058;154.23794525709943;16.193622987241724;2613.9000000000124
30.445048266979168;116.42915670265216;16.334568138755458;2232.7000000000226
30.545127545667658;124.76971587068778;16.649809290069243;1034.6999999999753
31.91292958719772;165.68073295601593;18.5315986902142;2886.099999999988
32.38001992795235;119.9471331042293;19.57752943175092;599.0999999999985
31.869398223272984;106.82327117278878;19.39195916450172;54.50000000000728
30.781130841122312;90.20680231400388;18.851834776604846;1470.299999999952
28.499922919448853;67.30986636130616;17.77938592823557;54.50000000000728
25.45192367304612;54.12484586349668;16.258699384035026;217.9000000000088
23.137105278544706;35.93234373950169;14.795122184058528;-490.099999999984
21.7843817175959;37.86816314698719;12.480694210469665;2014.8000000000136
22.81098796477365;13.466721607573474;9.916983470928244;-1089.0999999999622
25.60674671232772;-3.0768980206377345;7.751968122616745;-707.8999999999724
27.88971857925553;-26.605636332850647;5.750170136075212;-653.4999999999854
29.60112753059296;-55.5615572106621;4.072805102334314;-1524.7000000000298
30.41532957413298;-62.06108304812934;2.7556922684643723;-544.5999999999913
30.94984277377237;-95.4501816691447;1.5620147801791973;-1034.6999999999753
30.2539018325075;-93.78104947421204;1.2605749841695797;-2178.2999999999447
27.887419683411327;-74.6353120234072;0.9231668820648338;-762.3999999999796
24.90297324943271;-79.97255968805557;1.386825299137854;-599.0000000000691
23.0736434828417;-35.56976176677738;1.6908103803298218;-544.5000000000618
22.271324351796185;-36.31422433945803;2.2572737871860227;-435.6999999999971
21.9909144382234;-13.480701991697474;2.501616641136025;-54.50000000000728
21.70902108455557;-26.163231604224915;2.6210691148453407;544.5000000000618
20.29260874947198;-25.95219077334546;3.0323544533384847;980.2000000000588
19.11947520192329;71.73349251473809;4.797009867219458;54.50000000000728
20.231668984524;177.8256284719004;6.9502298083825735;1034.6999999999753
22.23283692944463;176.6063359732021;9.426818311475472;1198.0000000000473
24.04759676742341;129.3935461290671;10.868774337415744;108.89999999999418
23.9789267222431;52.83546984072368;9.702617100333557;0.0
22.19501268308684;30.069266109245664;9.069352973270725;-1089.0999999999622
21.47099194438948;64.87426789744545;8.991161956645556;871.2999999999738
20.923840637518484;100.2343171699051;8.566822419897107;3212.8999999999905
20.10995712394465;107.58398352412166;8.353954436179265;2831.800000000021
20.07368188837113;104.34899204521756;8.222243572169646;1198.0999999999767
19.98000525563592;66.85180135599126;9.372062769060904;-2069.300000000021
20.116628364408253;90.4063304144194;11.2521312250974;-2777.199999999993
22.36912553486813;127.01006467051072;12.553414132533362;0.0
24.96437546355244;105.16380238690022;13.343007132574712;1143.50000000004
27.62341111603116;154.93983674413877;16.41605000004165;871.3000000000648
31.81051344341743;157.35118166618935;18.940718343497792;544.5999999999913
36.20425927000936;130.86624708760536;20.92002581095221;-326.69999999998254
40.333758034008085;126.87896785244878;21.928349031198195;1470.299999999952
42.49943315328321;117.7582693303236;22.29462677889842;3485.199999999986
41.77023254236929;97.39796160596728;22.71848966636935;1089.1000000000531
41.166763441481926;84.04416198115148;22.87854760195023;-1797.0000000000257
42.10888545880814;108.55219141475214;22.917048291058563;3757.499999999982
40.43076739763372;98.15289637359312;22.77292150000449;1797.0000000000257
36.58028888747304;75.4469538341156;21.79229884034703;108.89999999999418
33.44545036914336;60.93128580098056;21.51410959029909;-435.5999999999767
30.80637603420995;89.4214885046796;21.39854696316252;-435.6999999999971
28.508878277267616;86.97558170030607;21.15102015314824;925.6999999999608
26.372575459346187;79.56498497767127;20.716051625038745;435.6999999999971
24.298055874290466;70.45861696966895;19.878568571675714;435.5999999999767
23.64889128152792;21.341477988696305;18.17048277691447;-707.9999999999927
23.61527244399089;-28.242307335549548;15.23505962971376;-2178.200000000016
22.302507546696862;-8.520387103882376;13.587009475872035;1633.6999999999534
21.69635892142298;20.088995025875462;11.83687320746776;2232.699999999932
22.216044398566588;19.393333521458448;10.287314897948818;707.9999999999927
23.4444384787577;-11.667009444325474;8.69542374493085;108.89999999999418
24.52202763397096;-28.46665625001502;7.826957186355685;-1524.7999999999593
24.688323949441504;-79.66561295705583;6.926990997313624;-2777.300000000014
23.92480932761118;-129.58798435425888;5.0569321198890975;-2287.20000000003
22.31142522678677;-110.54818325750914;4.446430923960179;871.3000000000648
21.07135900607236;-55.9921300191725;4.047794022032576;871.2999999999738
20.834230186215063;-96.71654152367084;2.646721873548813;-599.0000000000691
21.22776616138629;-91.26387219232724;1.5188537016756527;0.0
21.97075448272516;-93.91543497197416;0.140052670132718;490.1000000000749
22.35020626598082;-77.30513104389442;-0.2032706756072002;-871.2999999999738
21.730007335278607;-77.58924574588659;-0.3396719216925703;-2069.300000000021
21.14839683343194;-91.1005532968255;-1.572081195159626;1143.50000000004
21.98750106516489;-114.77211136956456;-2.693472150780508;707.9999999999927
23.946505685047693;-135.18756861074914;-4.366761678394141;-1306.9000000000417
26.331504927041287;-154.17757282167733;-5.975546787739404;-980.2999999999884
26.951480460578622;-88.1581501014236;-5.603961938507382;-435.6999999999971
26.049602113453886;-58.64187493741065;-6.117848886388856;1470.3999999999724
25.60774564118381;-53.18871070943508;-6.276924428048005;-653.4999999999854
24.52727479378788;-70.34395476771198;-6.634115528459006;-2232.7000000000226
22.43170005937809;-79.61546192270256;-7.012187011362585;-925.7999999999812
20.27321148003249;-105.30616267090524;-7.315357694418708;-1960.4999999999563
18.757783282694845;-86.88588149305836;-7.469518683201386;-598.9999999999782
17.392545511668835;-27.82619554343972;-7.374829786285773;2831.800000000021
16.727991824398725;-48.86908710291204;-7.390343274043516;1034.7000000000662
16.349154819240873;-50.91376818158362;-6.145388390958942;599.0000000000691
15.62665322429449;33.09241964681886;-4.013946378388027;-653.5000000000764
15.884756603912368;25.66102293574593;-2.6458371505523246;-217.7999999999884
16.34960334243839;-80.68251942960927;-2.5863460216151;-326.69999999998254
15.919994325351423;4.855095280488102;-2.814353302115705;54.49999999991633
14.63229508197126;-25.915854959695995;-3.0912666608874133;163.40000000000146
13.083246213898953;-20.43965991641328;-3.272993461509941;-435.6999999999971
11.930056242522053;54.98260648316432;-2.856762396909289;1633.7000000000444
11.26001541018582;145.6496787319831;-2.541495752031551;2613.9000000000124
11.392380022160996;49.07584452100812;-2.1352612496102665;-1198.0999999999767
11.395567447777578;61.79904083748264;-1.5319577363216013;-1579.2999999999663
11.048334645216736;96.84662113461448;-0.6508628727888208;-108.89999999999418
11.387932882997328;75.91239068277265;-0.0834767218984779;-598.9999999999782
12.314903736692852;85.27600045915061;1.7086403675102702;163.40000000000146
14.220354667038524;178.2894983725041;3.701431359297203;1034.6999999999753
16.60298356857623;164.7191804260433;5.133681494066877;653.4999999999854
18.367095283242254;119.23229193429252;7.066109018527641;-217.7999999999884
20.938463531190862;151.1348189782305;8.629941306710862;816.7999999999665
22.962163631793967;115.26342457748204;9.40933194495392;816.8999999999869
23.79803705231668;84.52252155641143;9.652041625116908;326.69999999998254
22.979536873912537;66.10138599612628;9.732204005585118;1797.0000000000257
20.90357481453375;92.28741645578668;9.162790440361276;2232.7000000000226
19.51664102973884;81.48921463764427;8.525377642076819;217.7999999999884
18.85664603529752;77.11391726023042;7.885428838382722;1252.4999999999636
18.987407516305502;83.32473989875123;7.467925600863055;816.7999999999665
18.92179127603624;80.69408383770985;8.141734453509343;-598.9999999999782
18.164857201136176;60.76126382002498;9.01130282007216;-1851.5000000000327
18.818342907651324;115.87335291323096;10.632436978261468;-1034.6999999999753
25.13891623425018;220.5375625784364;16.473024287632143;1415.8000000000357
33.832308355397785;161.2554231129606;20.73090865494396;-381.1999999999898
41.4936100984876;140.37620138334455;23.83060827429108;0.0
48.11776684726067;116.99010787825048;25.55313523219138;816.7999999999665
52.93040745810206;103.95260893050252;26.828708943000493;1089.0999999999622
56.21971027321225;93.64907962683696;27.218258614513616;1742.5999999999476
57.23705842726019;80.47952589784016;26.518227632198432;1797.0000000000257
56.43327444648262;106.19465118098842;25.71104406905033;6752.600000000075
53.08129499647542;91.82615420721667;24.95937553303247;-381.1999999999898
48.21579375885019;85.50707957297166;24.433591061417246;54.3999999999869
43.30400221005113;82.78218367762575;23.96034577953651;-598.9999999999782
38.31843048680626;73.18338041833162;24.3591382706054;-217.7999999999884
34.52405880285115;80.11076195635411;24.95869206536736;-871.2999999999738
33.05336048628049;84.75539481764643;26.534106667354536;-816.8000000000575
33.9465886119193;92.51709381241088;27.42262686358663;-217.7999999999884
36.014714892234856;94.69174492836486;28.414354916320008;54.3999999999869
38.07162909707976;96.00605404832048;28.780667722122416;1198.0999999999767
38.61475474127872;86.51562255079493;28.60941231103152;490.099999999984
38.8183160138702;100.60638716881316;28.14920465492287;1579.200000000037
37.529654831068505;72.74812610261519;26.381837349938;2504.9999999999272
34.55876752025937;61.55742470249752;23.87109843748567;2450.500000000011
32.76192708898668;61.46250369930706;22.80484888000865;1742.6000000000386
32.423441572359884;59.70059889293537;21.14487730215842;544.5999999999913
33.41890650556901;30.8386132079358;18.908308375896013;-598.9999999999782
34.83394278101696;-1.166994292474936;17.678981628814654;-163.40000000000146
37.325702791167096;-69.63182851737827;14.38580561182698;-326.69999999998254
40.03759479996386;-124.64712345784322;11.772088725448157;-2831.7000000000007
39.558777398063945;-73.60729963274065;10.632691293380958;-1633.7000000000444
37.46089755451258;-49.95291227153028;9.74917830479808;435.5999999999767
36.69556359486329;-99.73512960770616;8.46803076895958;490.099999999984
34.83422654411958;-34.243005956309155;8.62754160818622;-1524.6999999999389
31.37469157633216;-54.16776712432731;10.435266150507232;-2613.9000000000124
31.747513651868807;53.24075902930374;12.210488898474978;-2178.200000000016
34.8660927840006;6.385120922722272;11.76798263094497;381.2000000000808
35.815880412800524;28.391814169196664;10.939694442640755;2668.40000000002
33.846153500617554;-32.654933447649334;10.687312592058332;-435.6999999999971
31.67492827196378;-7.260174908258616;8.456445756508401;326.69999999998254
29.41199021665432;-19.89438782239002;6.612245862484087;2178.200000000016
26.66243437824321;69.94460442950947;4.831311519729752;3811.999999999989
27.02051931828692;48.35450386400027;3.4678067039567395;2396.100000000024
28.811516742515288;27.7812129802512;2.186270945686374;-2123.7999999999374
29.183804986370376;-11.703609939314472;0.9835603550673112;-1633.7000000000444
28.40701670247333;26.311228883876144;0.2038006575166946;272.29999999999563
28.249819237381672;-64.0191338274685;-1.0176270332440254;-1415.7999999999447
27.307086196207056;-83.99140440629432;-1.0941116680751293;-707.9999999999927
24.54521756052233;-25.011771360690293;-1.185042801711461;381.1999999999898
21.7418599810241;-3.9782191075818543;-0.634598045425264;109.00000000001457
19.78418817403036;-4.121971669506997;0.0211133510447325;-762.3999999999796
18.409120227016743;-56.99203304930556;-0.4211425446119392;-435.5999999999767
17.03851848246217;-100.3857480431732;-0.979979584857574;-163.29999999998108
