kernel;regularization;gamma;degree;coef0;accuracy;f1_score;True Positive;False Positive;False Negative;True Negative
rbf;15.01;3.01;default;default;0.608843537414966;0.7505422993492409;6;1;114;173
linear;5.01;default;default;default;0.5918367346938775;0.7435897435897436;0;0;120;174
linear;10.01;default;default;default;0.5918367346938775;0.7435897435897436;0;0;120;174
linear;15.01;default;default;default;0.5918367346938775;0.7435897435897436;0;0;120;174
linear;20.01;default;default;default;0.5918367346938775;0.7435897435897436;0;0;120;174
linear;25.01;default;default;default;0.5918367346938775;0.7435897435897436;0;0;120;174
linear;30.01;default;default;default;0.5918367346938775;0.7435897435897436;0;0;120;174
linear;35.01;default;default;default;0.5918367346938775;0.7435897435897436;0;0;120;174
linear;40.01;default;default;default;0.5918367346938775;0.7435897435897436;0;0;120;174
linear;45.01;default;default;default;0.5918367346938775;0.7435897435897436;0;0;120;174
poly;0.01;0.01;1;1;0.5918367346938775;0.7435897435897436;0;0;120;174
poly;0.01;0.01;1;2;0.5918367346938775;0.7435897435897436;0;0;120;174
poly;0.01;0.01;1;3;0.5918367346938775;0.7435897435897436;0;0;120;174
poly;0.01;0.01;1;4;0.5918367346938775;0.7435897435897436;0;0;120;174
poly;0.01;0.01;2;1;0.5918367346938775;0.7435897435897436;0;0;120;174
poly;0.01;0.01;2;2;0.5918367346938775;0.7435897435897436;0;0;120;174
poly;0.01;0.01;2;3;0.5918367346938775;0.7435897435897436;0;0;120;174
poly;0.01;0.01;2;4;0.5918367346938775;0.7435897435897436;0;0;120;174
poly;0.01;0.01;3;1;0.5918367346938775;0.7435897435897436;0;0;120;174
poly;0.01;0.01;3;2;0.5918367346938775;0.7435897435897436;0;0;120;174
poly;0.01;0.01;3;3;0.5918367346938775;0.7435897435897436;0;0;120;174
poly;0.01;0.01;3;4;0.5918367346938775;0.7435897435897436;0;0;120;174
poly;0.01;1.01;1;1;0.5918367346938775;0.7435897435897436;0;0;120;174
poly;0.01;1.01;1;2;0.5918367346938775;0.7435897435897436;0;0;120;174
poly;0.01;1.01;1;3;0.5918367346938775;0.7435897435897436;0;0;120;174
poly;0.01;1.01;1;4;0.5918367346938775;0.7435897435897436;0;0;120;174
poly;0.01;1.01;2;1;0.5918367346938775;0.7435897435897436;0;0;120;174
poly;0.01;1.01;2;2;0.5918367346938775;0.7435897435897436;0;0;120;174
poly;0.01;1.01;2;3;0.5918367346938775;0.7435897435897436;0;0;120;174
poly;0.01;1.01;2;4;0.5918367346938775;0.7435897435897436;0;0;120;174
poly;0.01;1.01;3;1;0.5918367346938775;0.7435897435897436;0;0;120;174
poly;0.01;1.01;3;2;0.5918367346938775;0.7435897435897436;0;0;120;174
poly;0.01;1.01;3;3;0.5918367346938775;0.7435897435897436;0;0;120;174
poly;0.01;1.01;3;4;0.5918367346938775;0.7435897435897436;0;0;120;174
poly;0.01;2.01;1;1;0.5918367346938775;0.7435897435897436;0;0;120;174
poly;0.01;2.01;1;2;0.5918367346938775;0.7435897435897436;0;0;120;174
poly;0.01;2.01;1;3;0.5918367346938775;0.7435897435897436;0;0;120;174
poly;0.01;2.01;1;4;0.5918367346938775;0.7435897435897436;0;0;120;174
poly;0.01;2.01;2;1;0.5918367346938775;0.7435897435897436;0;0;120;174
poly;0.01;2.01;2;2;0.5918367346938775;0.7435897435897436;0;0;120;174
poly;0.01;2.01;2;3;0.5918367346938775;0.7435897435897436;0;0;120;174
poly;0.01;2.01;2;4;0.5918367346938775;0.7435897435897436;0;0;120;174
poly;0.01;2.01;3;1;0.5918367346938775;0.7435897435897436;0;0;120;174
poly;0.01;2.01;3;2;0.5918367346938775;0.7435897435897436;0;0;120;174
poly;0.01;2.01;3;3;0.5918367346938775;0.7435897435897436;0;0;120;174
poly;0.01;2.01;3;4;0.5918367346938775;0.7435897435897436;0;0;120;174
poly;0.01;3.01;1;1;0.5918367346938775;0.7435897435897436;0;0;120;174
poly;0.01;3.01;1;2;0.5918367346938775;0.7435897435897436;0;0;120;174
poly;0.01;3.01;1;3;0.5918367346938775;0.7435897435897436;0;0;120;174
poly;0.01;3.01;1;4;0.5918367346938775;0.7435897435897436;0;0;120;174
poly;0.01;3.01;2;1;0.5918367346938775;0.7435897435897436;0;0;120;174
poly;0.01;3.01;2;2;0.5918367346938775;0.7435897435897436;0;0;120;174
poly;0.01;3.01;2;3;0.5918367346938775;0.7435897435897436;0;0;120;174
poly;0.01;3.01;2;4;0.5918367346938775;0.7435897435897436;0;0;120;174
poly;0.01;3.01;3;1;0.5918367346938775;0.7435897435897436;0;0;120;174
poly;0.01;3.01;3;2;0.5918367346938775;0.7435897435897436;0;0;120;174
poly;0.01;3.01;3;3;0.5918367346938775;0.7435897435897436;0;0;120;174
poly;0.01;3.01;3;4;0.5918367346938775;0.7435897435897436;0;0;120;174
poly;0.01;4.01;1;1;0.5918367346938775;0.7435897435897436;0;0;120;174
poly;0.01;4.01;1;2;0.5918367346938775;0.7435897435897436;0;0;120;174
poly;0.01;4.01;1;3;0.5918367346938775;0.7435897435897436;0;0;120;174
poly;0.01;4.01;1;4;0.5918367346938775;0.7435897435897436;0;0;120;174
poly;0.01;4.01;2;1;0.5918367346938775;0.7435897435897436;0;0;120;174
poly;0.01;4.01;2;2;0.5918367346938775;0.7435897435897436;0;0;120;174
poly;0.01;4.01;2;3;0.5918367346938775;0.7435897435897436;0;0;120;174
poly;0.01;4.01;2;4;0.5918367346938775;0.7435897435897436;0;0;120;174
poly;0.01;4.01;3;1;0.5918367346938775;0.7435897435897436;0;0;120;174
poly;0.01;4.01;3;2;0.5918367346938775;0.7435897435897436;0;0;120;174
poly;0.01;4.01;3;3;0.5918367346938775;0.7435897435897436;0;0;120;174
poly;0.01;4.01;3;4;0.5918367346938775;0.7435897435897436;0;0;120;174
poly;5.01;0.01;1;1;0.5918367346938775;0.7435897435897436;0;0;120;174
poly;5.01;0.01;1;2;0.5918367346938775;0.7435897435897436;0;0;120;174
poly;5.01;0.01;1;3;0.5918367346938775;0.7435897435897436;0;0;120;174
poly;5.01;0.01;1;4;0.5918367346938775;0.7435897435897436;0;0;120;174
poly;5.01;0.01;2;1;0.5918367346938775;0.7435897435897436;0;0;120;174
poly;5.01;0.01;2;2;0.5918367346938775;0.7435897435897436;0;0;120;174
poly;5.01;0.01;2;3;0.5918367346938775;0.7435897435897436;0;0;120;174
poly;5.01;0.01;2;4;0.5918367346938775;0.7435897435897436;0;0;120;174
poly;5.01;0.01;3;1;0.5918367346938775;0.7435897435897436;0;0;120;174
poly;5.01;0.01;3;2;0.5918367346938775;0.7435897435897436;0;0;120;174
poly;5.01;0.01;3;3;0.5918367346938775;0.7435897435897436;0;0;120;174
poly;5.01;0.01;3;4;0.5918367346938775;0.7435897435897436;0;0;120;174
poly;5.01;1.01;1;1;0.5918367346938775;0.7435897435897436;0;0;120;174
poly;5.01;1.01;1;2;0.5918367346938775;0.7435897435897436;0;0;120;174
poly;5.01;1.01;1;3;0.5918367346938775;0.7435897435897436;0;0;120;174
poly;5.01;1.01;1;4;0.5918367346938775;0.7435897435897436;0;0;120;174
poly;5.01;1.01;2;1;0.5918367346938775;0.7435897435897436;0;0;120;174
poly;5.01;1.01;2;2;0.5918367346938775;0.7435897435897436;0;0;120;174
poly;5.01;1.01;2;3;0.5918367346938775;0.7435897435897436;0;0;120;174
poly;5.01;1.01;2;4;0.5918367346938775;0.7435897435897436;0;0;120;174
poly;5.01;1.01;3;1;0.5918367346938775;0.7435897435897436;0;0;120;174
poly;5.01;1.01;3;2;0.5918367346938775;0.7435897435897436;0;0;120;174
poly;5.01;1.01;3;3;0.5918367346938775;0.7435897435897436;0;0;120;174
poly;5.01;1.01;3;4;0.5918367346938775;0.7435897435897436;0;0;120;174
poly;5.01;2.01;1;1;0.5918367346938775;0.7435897435897436;0;0;120;174
poly;5.01;2.01;1;2;0.5918367346938775;0.7435897435897436;0;0;120;174
poly;5.01;2.01;1;3;0.5918367346938775;0.7435897435897436;0;0;120;174
poly;5.01;2.01;1;4;0.5918367346938775;0.7435897435897436;0;0;120;174
poly;5.01;2.01;2;1;0.5918367346938775;0.7435897435897436;0;0;120;174
poly;5.01;2.01;2;2;0.5918367346938775;0.7435897435897436;0;0;120;174
poly;5.01;2.01;2;3;0.5918367346938775;0.7435897435897436;0;0;120;174
poly;5.01;2.01;2;4;0.5918367346938775;0.7435897435897436;0;0;120;174
poly;5.01;2.01;3;1;0.5918367346938775;0.7435897435897436;0;0;120;174
poly;5.01;2.01;3;2;0.5918367346938775;0.7435897435897436;0;0;120;174
poly;5.01;2.01;3;3;0.5918367346938775;0.7435897435897436;0;0;120;174
poly;5.01;2.01;3;4;0.5918367346938775;0.7435897435897436;0;0;120;174
poly;5.01;3.01;1;1;0.5918367346938775;0.7435897435897436;0;0;120;174
poly;5.01;3.01;1;2;0.5918367346938775;0.7435897435897436;0;0;120;174
poly;5.01;3.01;1;3;0.5918367346938775;0.7435897435897436;0;0;120;174
poly;5.01;3.01;1;4;0.5918367346938775;0.7435897435897436;0;0;120;174
poly;5.01;3.01;2;1;0.5918367346938775;0.7435897435897436;0;0;120;174
poly;5.01;3.01;2;2;0.5918367346938775;0.7435897435897436;0;0;120;174
poly;5.01;3.01;2;3;0.5918367346938775;0.7435897435897436;0;0;120;174
poly;5.01;3.01;2;4;0.5918367346938775;0.7435897435897436;0;0;120;174
poly;5.01;3.01;3;1;0.5918367346938775;0.7435897435897436;0;0;120;174
poly;5.01;3.01;3;2;0.5918367346938775;0.7435897435897436;0;0;120;174
poly;5.01;3.01;3;3;0.5918367346938775;0.7435897435897436;0;0;120;174
poly;5.01;3.01;3;4;0.5918367346938775;0.7435897435897436;0;0;120;174
poly;5.01;4.01;1;1;0.5918367346938775;0.7435897435897436;0;0;120;174
poly;5.01;4.01;1;2;0.5918367346938775;0.7435897435897436;0;0;120;174
poly;5.01;4.01;1;3;0.5918367346938775;0.7435897435897436;0;0;120;174
poly;5.01;4.01;1;4;0.5918367346938775;0.7435897435897436;0;0;120;174
poly;5.01;4.01;2;1;0.5918367346938775;0.7435897435897436;0;0;120;174
poly;5.01;4.01;2;2;0.5918367346938775;0.7435897435897436;0;0;120;174
poly;5.01;4.01;2;3;0.5918367346938775;0.7435897435897436;0;0;120;174
poly;5.01;4.01;2;4;0.5918367346938775;0.7435897435897436;0;0;120;174
poly;5.01;4.01;3;1;0.5918367346938775;0.7435897435897436;0;0;120;174
poly;5.01;4.01;3;2;0.5918367346938775;0.7435897435897436;0;0;120;174
poly;5.01;4.01;3;3;0.5884353741496599;0.7408993576017131;0;1;120;173
poly;5.01;4.01;3;4;0.5884353741496599;0.7408993576017131;0;1;120;173
poly;10.01;0.01;1;1;0.5918367346938775;0.7435897435897436;0;0;120;174
poly;10.01;0.01;1;2;0.5918367346938775;0.7435897435897436;0;0;120;174
poly;10.01;0.01;1;3;0.5918367346938775;0.7435897435897436;0;0;120;174
poly;10.01;0.01;1;4;0.5918367346938775;0.7435897435897436;0;0;120;174
poly;10.01;0.01;2;1;0.5918367346938775;0.7435897435897436;0;0;120;174
poly;10.01;0.01;2;2;0.5918367346938775;0.7435897435897436;0;0;120;174
poly;10.01;0.01;2;3;0.5918367346938775;0.7435897435897436;0;0;120;174
poly;10.01;0.01;2;4;0.5918367346938775;0.7435897435897436;0;0;120;174
poly;10.01;0.01;3;1;0.5918367346938775;0.7435897435897436;0;0;120;174
poly;10.01;0.01;3;2;0.5918367346938775;0.7435897435897436;0;0;120;174
poly;10.01;0.01;3;3;0.5918367346938775;0.7435897435897436;0;0;120;174
poly;10.01;0.01;3;4;0.5918367346938775;0.7435897435897436;0;0;120;174
poly;10.01;1.01;1;1;0.5918367346938775;0.7435897435897436;0;0;120;174
poly;10.01;1.01;1;2;0.5918367346938775;0.7435897435897436;0;0;120;174
poly;10.01;1.01;1;3;0.5918367346938775;0.7435897435897436;0;0;120;174
poly;10.01;1.01;1;4;0.5918367346938775;0.7435897435897436;0;0;120;174
poly;10.01;1.01;2;1;0.5918367346938775;0.7435897435897436;0;0;120;174
poly;10.01;1.01;2;2;0.5918367346938775;0.7435897435897436;0;0;120;174
poly;10.01;1.01;2;3;0.5918367346938775;0.7435897435897436;0;0;120;174
poly;10.01;1.01;2;4;0.5918367346938775;0.7435897435897436;0;0;120;174
poly;10.01;1.01;3;1;0.5918367346938775;0.7435897435897436;0;0;120;174
poly;10.01;1.01;3;2;0.5918367346938775;0.7435897435897436;0;0;120;174
poly;10.01;1.01;3;3;0.5918367346938775;0.7435897435897436;0;0;120;174
poly;10.01;1.01;3;4;0.5918367346938775;0.7435897435897436;0;0;120;174
poly;10.01;2.01;1;1;0.5918367346938775;0.7435897435897436;0;0;120;174
poly;10.01;2.01;1;2;0.5918367346938775;0.7435897435897436;0;0;120;174
poly;10.01;2.01;1;3;0.5918367346938775;0.7435897435897436;0;0;120;174
poly;10.01;2.01;1;4;0.5918367346938775;0.7435897435897436;0;0;120;174
poly;10.01;2.01;2;1;0.5918367346938775;0.7435897435897436;0;0;120;174
poly;10.01;2.01;2;2;0.5918367346938775;0.7435897435897436;0;0;120;174
poly;10.01;2.01;2;3;0.5918367346938775;0.7435897435897436;0;0;120;174
poly;10.01;2.01;2;4;0.5918367346938775;0.7435897435897436;0;0;120;174
poly;10.01;2.01;3;1;0.5918367346938775;0.7435897435897436;0;0;120;174
poly;10.01;2.01;3;2;0.5918367346938775;0.7435897435897436;0;0;120;174
poly;10.01;2.01;3;3;0.5918367346938775;0.7435897435897436;0;0;120;174
poly;10.01;2.01;3;4;0.5918367346938775;0.7435897435897436;0;0;120;174
poly;10.01;3.01;1;1;0.5918367346938775;0.7435897435897436;0;0;120;174
poly;10.01;3.01;1;2;0.5918367346938775;0.7435897435897436;0;0;120;174
poly;10.01;3.01;1;3;0.5918367346938775;0.7435897435897436;0;0;120;174
poly;10.01;3.01;1;4;0.5918367346938775;0.7435897435897436;0;0;120;174
poly;10.01;3.01;2;1;0.5918367346938775;0.7435897435897436;0;0;120;174
poly;10.01;3.01;2;2;0.5918367346938775;0.7435897435897436;0;0;120;174
poly;10.01;3.01;2;3;0.5918367346938775;0.7435897435897436;0;0;120;174
poly;10.01;3.01;2;4;0.5918367346938775;0.7435897435897436;0;0;120;174
poly;10.01;3.01;3;1;0.5918367346938775;0.7435897435897436;0;0;120;174
poly;10.01;3.01;3;2;0.5918367346938775;0.7435897435897436;0;0;120;174
poly;10.01;3.01;3;3;0.5918367346938775;0.7435897435897436;0;0;120;174
poly;10.01;3.01;3;4;0.5884353741496599;0.7408993576017131;0;1;120;173
poly;10.01;4.01;1;1;0.5918367346938775;0.7435897435897436;0;0;120;174
poly;10.01;4.01;1;2;0.5918367346938775;0.7435897435897436;0;0;120;174
poly;10.01;4.01;1;3;0.5918367346938775;0.7435897435897436;0;0;120;174
poly;10.01;4.01;1;4;0.5918367346938775;0.7435897435897436;0;0;120;174
poly;10.01;4.01;2;1;0.5918367346938775;0.7435897435897436;0;0;120;174
poly;10.01;4.01;2;2;0.5918367346938775;0.7435897435897436;0;0;120;174
poly;10.01;4.01;2;3;0.5918367346938775;0.7435897435897436;0;0;120;174
poly;10.01;4.01;2;4;0.5918367346938775;0.7435897435897436;0;0;120;174
poly;10.01;4.01;3;1;0.5918367346938775;0.7424892703862662;1;1;119;173
poly;10.01;4.01;3;2;0.5918367346938775;0.7413793103448276;2;2;118;172
poly;10.01;4.01;3;3;0.5986394557823129;0.7445887445887446;4;2;116;172
poly;10.01;4.01;3;4;0.5986394557823129;0.7445887445887446;4;2;116;172
poly;15.01;0.01;1;1;0.5918367346938775;0.7435897435897436;0;0;120;174
poly;15.01;0.01;1;2;0.5918367346938775;0.7435897435897436;0;0;120;174
poly;15.01;0.01;1;3;0.5918367346938775;0.7435897435897436;0;0;120;174
poly;15.01;0.01;1;4;0.5918367346938775;0.7435897435897436;0;0;120;174
poly;15.01;0.01;2;1;0.5918367346938775;0.7435897435897436;0;0;120;174
poly;15.01;0.01;2;2;0.5918367346938775;0.7435897435897436;0;0;120;174
poly;15.01;0.01;2;3;0.5918367346938775;0.7435897435897436;0;0;120;174
poly;15.01;0.01;2;4;0.5918367346938775;0.7435897435897436;0;0;120;174
poly;15.01;0.01;3;1;0.5918367346938775;0.7435897435897436;0;0;120;174
poly;15.01;0.01;3;2;0.5918367346938775;0.7435897435897436;0;0;120;174
poly;15.01;0.01;3;3;0.5918367346938775;0.7435897435897436;0;0;120;174
poly;15.01;0.01;3;4;0.5918367346938775;0.7435897435897436;0;0;120;174
poly;15.01;1.01;1;1;0.5918367346938775;0.7435897435897436;0;0;120;174
poly;15.01;1.01;1;2;0.5918367346938775;0.7435897435897436;0;0;120;174
poly;15.01;1.01;1;3;0.5918367346938775;0.7435897435897436;0;0;120;174
poly;15.01;1.01;1;4;0.5918367346938775;0.7435897435897436;0;0;120;174
poly;15.01;1.01;2;1;0.5918367346938775;0.7435897435897436;0;0;120;174
poly;15.01;1.01;2;2;0.5918367346938775;0.7435897435897436;0;0;120;174
poly;15.01;1.01;2;3;0.5918367346938775;0.7435897435897436;0;0;120;174
poly;15.01;1.01;2;4;0.5918367346938775;0.7435897435897436;0;0;120;174
poly;15.01;1.01;3;1;0.5918367346938775;0.7435897435897436;0;0;120;174
poly;15.01;1.01;3;2;0.5918367346938775;0.7435897435897436;0;0;120;174
poly;15.01;1.01;3;3;0.5918367346938775;0.7435897435897436;0;0;120;174
poly;15.01;1.01;3;4;0.5918367346938775;0.7435897435897436;0;0;120;174
poly;15.01;2.01;1;1;0.5918367346938775;0.7435897435897436;0;0;120;174
poly;15.01;2.01;1;2;0.5918367346938775;0.7435897435897436;0;0;120;174
poly;15.01;2.01;1;3;0.5918367346938775;0.7435897435897436;0;0;120;174
poly;15.01;2.01;1;4;0.5918367346938775;0.7435897435897436;0;0;120;174
poly;15.01;2.01;2;1;0.5918367346938775;0.7435897435897436;0;0;120;174
poly;15.01;2.01;2;2;0.5918367346938775;0.7435897435897436;0;0;120;174
poly;15.01;2.01;2;3;0.5918367346938775;0.7435897435897436;0;0;120;174
poly;15.01;2.01;2;4;0.5918367346938775;0.7435897435897436;0;0;120;174
poly;15.01;2.01;3;1;0.5918367346938775;0.7435897435897436;0;0;120;174
poly;15.01;2.01;3;2;0.5918367346938775;0.7435897435897436;0;0;120;174
poly;15.01;2.01;3;3;0.5918367346938775;0.7435897435897436;0;0;120;174
poly;15.01;2.01;3;4;0.5918367346938775;0.7435897435897436;0;0;120;174
poly;15.01;3.01;1;1;0.5918367346938775;0.7435897435897436;0;0;120;174
poly;15.01;3.01;1;2;0.5918367346938775;0.7435897435897436;0;0;120;174
poly;15.01;3.01;1;3;0.5918367346938775;0.7435897435897436;0;0;120;174
poly;15.01;3.01;1;4;0.5918367346938775;0.7435897435897436;0;0;120;174
poly;15.01;3.01;2;1;0.5918367346938775;0.7435897435897436;0;0;120;174
poly;15.01;3.01;2;2;0.5918367346938775;0.7435897435897436;0;0;120;174
poly;15.01;3.01;2;3;0.5918367346938775;0.7435897435897436;0;0;120;174
poly;15.01;3.01;2;4;0.5918367346938775;0.7435897435897436;0;0;120;174
poly;15.01;3.01;3;1;0.5884353741496599;0.7408993576017131;0;1;120;173
poly;15.01;3.01;3;2;0.5918367346938775;0.7424892703862662;1;1;119;173
poly;15.01;3.01;3;3;0.5884353741496599;0.7397849462365591;1;2;119;172
poly;15.01;3.01;3;4;0.5918367346938775;0.7413793103448276;2;2;118;172
poly;15.01;4.01;1;1;0.5918367346938775;0.7435897435897436;0;0;120;174
poly;15.01;4.01;1;2;0.5918367346938775;0.7435897435897436;0;0;120;174
poly;15.01;4.01;1;3;0.5918367346938775;0.7435897435897436;0;0;120;174
poly;15.01;4.01;1;4;0.5918367346938775;0.7435897435897436;0;0;120;174
poly;15.01;4.01;2;1;0.5918367346938775;0.7435897435897436;0;0;120;174
poly;15.01;4.01;2;2;0.5918367346938775;0.7435897435897436;0;0;120;174
poly;15.01;4.01;2;3;0.5918367346938775;0.7435897435897436;0;0;120;174
poly;15.01;4.01;2;4;0.5918367346938775;0.7435897435897436;0;0;120;174
poly;15.01;4.01;3;1;0.5918367346938775;0.7413793103448276;2;2;118;172
poly;15.01;4.01;3;2;0.5986394557823129;0.7445887445887446;4;2;116;172
poly;15.01;4.01;3;3;0.5986394557823129;0.7445887445887446;4;2;116;172
poly;15.01;4.01;3;4;0.5986394557823129;0.7445887445887446;4;2;116;172
poly;20.01;0.01;1;1;0.5918367346938775;0.7435897435897436;0;0;120;174
poly;20.01;0.01;1;2;0.5918367346938775;0.7435897435897436;0;0;120;174
poly;20.01;0.01;1;3;0.5918367346938775;0.7435897435897436;0;0;120;174
poly;20.01;0.01;1;4;0.5918367346938775;0.7435897435897436;0;0;120;174
poly;20.01;0.01;2;1;0.5918367346938775;0.7435897435897436;0;0;120;174
poly;20.01;0.01;2;2;0.5918367346938775;0.7435897435897436;0;0;120;174
poly;20.01;0.01;2;3;0.5918367346938775;0.7435897435897436;0;0;120;174
poly;20.01;0.01;2;4;0.5918367346938775;0.7435897435897436;0;0;120;174
poly;20.01;0.01;3;1;0.5918367346938775;0.7435897435897436;0;0;120;174
poly;20.01;0.01;3;2;0.5918367346938775;0.7435897435897436;0;0;120;174
poly;20.01;0.01;3;3;0.5918367346938775;0.7435897435897436;0;0;120;174
poly;20.01;0.01;3;4;0.5918367346938775;0.7435897435897436;0;0;120;174
poly;20.01;1.01;1;1;0.5918367346938775;0.7435897435897436;0;0;120;174
poly;20.01;1.01;1;2;0.5918367346938775;0.7435897435897436;0;0;120;174
poly;20.01;1.01;1;3;0.5918367346938775;0.7435897435897436;0;0;120;174
poly;20.01;1.01;1;4;0.5918367346938775;0.7435897435897436;0;0;120;174
poly;20.01;1.01;2;1;0.5918367346938775;0.7435897435897436;0;0;120;174
poly;20.01;1.01;2;2;0.5918367346938775;0.7435897435897436;0;0;120;174
poly;20.01;1.01;2;3;0.5918367346938775;0.7435897435897436;0;0;120;174
poly;20.01;1.01;2;4;0.5918367346938775;0.7435897435897436;0;0;120;174
poly;20.01;1.01;3;1;0.5918367346938775;0.7435897435897436;0;0;120;174
poly;20.01;1.01;3;2;0.5918367346938775;0.7435897435897436;0;0;120;174
poly;20.01;1.01;3;3;0.5918367346938775;0.7435897435897436;0;0;120;174
poly;20.01;1.01;3;4;0.5918367346938775;0.7435897435897436;0;0;120;174
poly;20.01;2.01;1;1;0.5918367346938775;0.7435897435897436;0;0;120;174
poly;20.01;2.01;1;2;0.5918367346938775;0.7435897435897436;0;0;120;174
poly;20.01;2.01;1;3;0.5918367346938775;0.7435897435897436;0;0;120;174
poly;20.01;2.01;1;4;0.5918367346938775;0.7435897435897436;0;0;120;174
poly;20.01;2.01;2;1;0.5918367346938775;0.7435897435897436;0;0;120;174
poly;20.01;2.01;2;2;0.5918367346938775;0.7435897435897436;0;0;120;174
poly;20.01;2.01;2;3;0.5918367346938775;0.7435897435897436;0;0;120;174
poly;20.01;2.01;2;4;0.5918367346938775;0.7435897435897436;0;0;120;174
poly;20.01;2.01;3;1;0.5918367346938775;0.7435897435897436;0;0;120;174
poly;20.01;2.01;3;2;0.5918367346938775;0.7435897435897436;0;0;120;174
poly;20.01;2.01;3;3;0.5918367346938775;0.7435897435897436;0;0;120;174
poly;20.01;2.01;3;4;0.5918367346938775;0.7435897435897436;0;0;120;174
poly;20.01;3.01;1;1;0.5918367346938775;0.7435897435897436;0;0;120;174
poly;20.01;3.01;1;2;0.5918367346938775;0.7435897435897436;0;0;120;174
poly;20.01;3.01;1;3;0.5918367346938775;0.7435897435897436;0;0;120;174
poly;20.01;3.01;1;4;0.5918367346938775;0.7435897435897436;0;0;120;174
poly;20.01;3.01;2;1;0.5918367346938775;0.7435897435897436;0;0;120;174
poly;20.01;3.01;2;2;0.5918367346938775;0.7435897435897436;0;0;120;174
poly;20.01;3.01;2;3;0.5918367346938775;0.7435897435897436;0;0;120;174
poly;20.01;3.01;2;4;0.5918367346938775;0.7435897435897436;0;0;120;174
poly;20.01;3.01;3;1;0.5918367346938775;0.7413793103448276;2;2;118;172
poly;20.01;3.01;3;2;0.5918367346938775;0.7413793103448276;2;2;118;172
poly;20.01;3.01;3;3;0.5952380952380952;0.7429805615550755;3;2;117;172
poly;20.01;3.01;3;4;0.5986394557823129;0.7445887445887446;4;2;116;172
poly;20.01;4.01;1;1;0.5918367346938775;0.7435897435897436;0;0;120;174
poly;20.01;4.01;1;2;0.5918367346938775;0.7435897435897436;0;0;120;174
poly;20.01;4.01;1;3;0.5918367346938775;0.7435897435897436;0;0;120;174
poly;20.01;4.01;1;4;0.5918367346938775;0.7435897435897436;0;0;120;174
poly;20.01;4.01;2;1;0.5918367346938775;0.7435897435897436;0;0;120;174
poly;20.01;4.01;2;2;0.5918367346938775;0.7435897435897436;0;0;120;174
poly;20.01;4.01;2;3;0.5918367346938775;0.7435897435897436;0;0;120;174
poly;20.01;4.01;2;4;0.5918367346938775;0.7435897435897436;0;0;120;174
poly;20.01;4.01;3;1;0.5986394557823129;0.7445887445887446;4;2;116;172
poly;20.01;4.01;3;2;0.5986394557823129;0.7445887445887446;4;2;116;172
poly;20.01;4.01;3;3;0.5952380952380952;0.7418655097613883;4;3;116;171
poly;20.01;4.01;3;4;0.5952380952380952;0.7418655097613883;4;3;116;171
poly;25.01;0.01;1;1;0.5918367346938775;0.7435897435897436;0;0;120;174
poly;25.01;0.01;1;2;0.5918367346938775;0.7435897435897436;0;0;120;174
poly;25.01;0.01;1;3;0.5918367346938775;0.7435897435897436;0;0;120;174
poly;25.01;0.01;1;4;0.5918367346938775;0.7435897435897436;0;0;120;174
poly;25.01;0.01;2;1;0.5918367346938775;0.7435897435897436;0;0;120;174
poly;25.01;0.01;2;2;0.5918367346938775;0.7435897435897436;0;0;120;174
poly;25.01;0.01;2;3;0.5918367346938775;0.7435897435897436;0;0;120;174
poly;25.01;0.01;2;4;0.5918367346938775;0.7435897435897436;0;0;120;174
poly;25.01;0.01;3;1;0.5918367346938775;0.7435897435897436;0;0;120;174
poly;25.01;0.01;3;2;0.5918367346938775;0.7435897435897436;0;0;120;174
poly;25.01;0.01;3;3;0.5918367346938775;0.7435897435897436;0;0;120;174
poly;25.01;0.01;3;4;0.5918367346938775;0.7435897435897436;0;0;120;174
poly;25.01;1.01;1;1;0.5918367346938775;0.7435897435897436;0;0;120;174
poly;25.01;1.01;1;2;0.5918367346938775;0.7435897435897436;0;0;120;174
poly;25.01;1.01;1;3;0.5918367346938775;0.7435897435897436;0;0;120;174
poly;25.01;1.01;1;4;0.5918367346938775;0.7435897435897436;0;0;120;174
poly;25.01;1.01;2;1;0.5918367346938775;0.7435897435897436;0;0;120;174
poly;25.01;1.01;2;2;0.5918367346938775;0.7435897435897436;0;0;120;174
poly;25.01;1.01;2;3;0.5918367346938775;0.7435897435897436;0;0;120;174
poly;25.01;1.01;2;4;0.5918367346938775;0.7435897435897436;0;0;120;174
poly;25.01;1.01;3;1;0.5918367346938775;0.7435897435897436;0;0;120;174
poly;25.01;1.01;3;2;0.5918367346938775;0.7435897435897436;0;0;120;174
poly;25.01;1.01;3;3;0.5918367346938775;0.7435897435897436;0;0;120;174
poly;25.01;1.01;3;4;0.5918367346938775;0.7435897435897436;0;0;120;174
poly;25.01;2.01;1;1;0.5918367346938775;0.7435897435897436;0;0;120;174
poly;25.01;2.01;1;2;0.5918367346938775;0.7435897435897436;0;0;120;174
poly;25.01;2.01;1;3;0.5918367346938775;0.7435897435897436;0;0;120;174
poly;25.01;2.01;1;4;0.5918367346938775;0.7435897435897436;0;0;120;174
poly;25.01;2.01;2;1;0.5918367346938775;0.7435897435897436;0;0;120;174
poly;25.01;2.01;2;2;0.5918367346938775;0.7435897435897436;0;0;120;174
poly;25.01;2.01;2;3;0.5918367346938775;0.7435897435897436;0;0;120;174
poly;25.01;2.01;2;4;0.5918367346938775;0.7435897435897436;0;0;120;174
poly;25.01;2.01;3;1;0.5918367346938775;0.7435897435897436;0;0;120;174
poly;25.01;2.01;3;2;0.5918367346938775;0.7435897435897436;0;0;120;174
poly;25.01;2.01;3;3;0.5918367346938775;0.7435897435897436;0;0;120;174
poly;25.01;2.01;3;4;0.5918367346938775;0.7435897435897436;0;0;120;174
poly;25.01;3.01;1;1;0.5918367346938775;0.7435897435897436;0;0;120;174
poly;25.01;3.01;1;2;0.5918367346938775;0.7435897435897436;0;0;120;174
poly;25.01;3.01;1;3;0.5918367346938775;0.7435897435897436;0;0;120;174
poly;25.01;3.01;1;4;0.5918367346938775;0.7435897435897436;0;0;120;174
poly;25.01;3.01;2;1;0.5918367346938775;0.7435897435897436;0;0;120;174
poly;25.01;3.01;2;2;0.5918367346938775;0.7435897435897436;0;0;120;174
poly;25.01;3.01;2;3;0.5918367346938775;0.7435897435897436;0;0;120;174
poly;25.01;3.01;2;4;0.5918367346938775;0.7435897435897436;0;0;120;174
poly;25.01;3.01;3;1;0.5986394557823129;0.7445887445887446;4;2;116;172
poly;25.01;3.01;3;2;0.5918367346938775;0.7413793103448276;2;2;118;172
poly;25.01;3.01;3;3;0.5986394557823129;0.7445887445887446;4;2;116;172
poly;25.01;3.01;3;4;0.5986394557823129;0.7445887445887446;4;2;116;172
poly;25.01;4.01;1;1;0.5918367346938775;0.7435897435897436;0;0;120;174
poly;25.01;4.01;1;2;0.5918367346938775;0.7435897435897436;0;0;120;174
poly;25.01;4.01;1;3;0.5918367346938775;0.7435897435897436;0;0;120;174
poly;25.01;4.01;1;4;0.5918367346938775;0.7435897435897436;0;0;120;174
poly;25.01;4.01;2;1;0.5918367346938775;0.7435897435897436;0;0;120;174
poly;25.01;4.01;2;2;0.5918367346938775;0.7435897435897436;0;0;120;174
poly;25.01;4.01;2;3;0.5918367346938775;0.7435897435897436;0;0;120;174
poly;25.01;4.01;2;4;0.5918367346938775;0.7435897435897436;0;0;120;174
poly;25.01;4.01;3;1;0.5986394557823129;0.7445887445887446;4;2;116;172
poly;25.01;4.01;3;2;0.5986394557823129;0.7445887445887446;4;2;116;172
poly;25.01;4.01;3;3;0.5952380952380952;0.7418655097613883;4;3;116;171
poly;25.01;4.01;3;4;0.5952380952380952;0.7418655097613883;4;3;116;171
poly;30.01;0.01;1;1;0.5918367346938775;0.7435897435897436;0;0;120;174
poly;30.01;0.01;1;2;0.5918367346938775;0.7435897435897436;0;0;120;174
poly;30.01;0.01;1;3;0.5918367346938775;0.7435897435897436;0;0;120;174
poly;30.01;0.01;1;4;0.5918367346938775;0.7435897435897436;0;0;120;174
poly;30.01;0.01;2;1;0.5918367346938775;0.7435897435897436;0;0;120;174
poly;30.01;0.01;2;2;0.5918367346938775;0.7435897435897436;0;0;120;174
poly;30.01;0.01;2;3;0.5918367346938775;0.7435897435897436;0;0;120;174
poly;30.01;0.01;2;4;0.5918367346938775;0.7435897435897436;0;0;120;174
poly;30.01;0.01;3;1;0.5918367346938775;0.7435897435897436;0;0;120;174
poly;30.01;0.01;3;2;0.5918367346938775;0.7435897435897436;0;0;120;174
poly;30.01;0.01;3;3;0.5918367346938775;0.7435897435897436;0;0;120;174
poly;30.01;0.01;3;4;0.5918367346938775;0.7435897435897436;0;0;120;174
poly;30.01;1.01;1;1;0.5918367346938775;0.7435897435897436;0;0;120;174
poly;30.01;1.01;1;2;0.5918367346938775;0.7435897435897436;0;0;120;174
poly;30.01;1.01;1;3;0.5918367346938775;0.7435897435897436;0;0;120;174
poly;30.01;1.01;1;4;0.5918367346938775;0.7435897435897436;0;0;120;174
poly;30.01;1.01;2;1;0.5918367346938775;0.7435897435897436;0;0;120;174
poly;30.01;1.01;2;2;0.5918367346938775;0.7435897435897436;0;0;120;174
poly;30.01;1.01;2;3;0.5918367346938775;0.7435897435897436;0;0;120;174
poly;30.01;1.01;2;4;0.5918367346938775;0.7435897435897436;0;0;120;174
poly;30.01;1.01;3;1;0.5918367346938775;0.7435897435897436;0;0;120;174
poly;30.01;1.01;3;2;0.5918367346938775;0.7435897435897436;0;0;120;174
poly;30.01;1.01;3;3;0.5918367346938775;0.7435897435897436;0;0;120;174
poly;30.01;1.01;3;4;0.5918367346938775;0.7435897435897436;0;0;120;174
poly;30.01;2.01;1;1;0.5918367346938775;0.7435897435897436;0;0;120;174
poly;30.01;2.01;1;2;0.5918367346938775;0.7435897435897436;0;0;120;174
poly;30.01;2.01;1;3;0.5918367346938775;0.7435897435897436;0;0;120;174
poly;30.01;2.01;1;4;0.5918367346938775;0.7435897435897436;0;0;120;174
poly;30.01;2.01;2;1;0.5918367346938775;0.7435897435897436;0;0;120;174
poly;30.01;2.01;2;2;0.5918367346938775;0.7435897435897436;0;0;120;174
poly;30.01;2.01;2;3;0.5918367346938775;0.7435897435897436;0;0;120;174
poly;30.01;2.01;2;4;0.5918367346938775;0.7435897435897436;0;0;120;174
poly;30.01;2.01;3;1;0.5918367346938775;0.7435897435897436;0;0;120;174
poly;30.01;2.01;3;2;0.5918367346938775;0.7435897435897436;0;0;120;174
poly;30.01;2.01;3;3;0.5918367346938775;0.7435897435897436;0;0;120;174
poly;30.01;2.01;3;4;0.5918367346938775;0.7435897435897436;0;0;120;174
poly;30.01;3.01;1;1;0.5918367346938775;0.7435897435897436;0;0;120;174
poly;30.01;3.01;1;2;0.5918367346938775;0.7435897435897436;0;0;120;174
poly;30.01;3.01;1;3;0.5918367346938775;0.7435897435897436;0;0;120;174
poly;30.01;3.01;1;4;0.5918367346938775;0.7435897435897436;0;0;120;174
poly;30.01;3.01;2;1;0.5918367346938775;0.7435897435897436;0;0;120;174
poly;30.01;3.01;2;2;0.5918367346938775;0.7435897435897436;0;0;120;174
poly;30.01;3.01;2;3;0.5918367346938775;0.7435897435897436;0;0;120;174
poly;30.01;3.01;2;4;0.5918367346938775;0.7435897435897436;0;0;120;174
poly;30.01;3.01;3;1;0.5986394557823129;0.7445887445887446;4;2;116;172
poly;30.01;3.01;3;2;0.5986394557823129;0.7445887445887446;4;2;116;172
poly;30.01;3.01;3;3;0.5986394557823129;0.7445887445887446;4;2;116;172
poly;30.01;3.01;3;4;0.5986394557823129;0.7445887445887446;4;2;116;172
poly;30.01;4.01;1;1;0.5918367346938775;0.7435897435897436;0;0;120;174
poly;30.01;4.01;1;2;0.5918367346938775;0.7435897435897436;0;0;120;174
poly;30.01;4.01;1;3;0.5918367346938775;0.7435897435897436;0;0;120;174
poly;30.01;4.01;1;4;0.5918367346938775;0.7435897435897436;0;0;120;174
poly;30.01;4.01;2;1;0.5918367346938775;0.7435897435897436;0;0;120;174
poly;30.01;4.01;2;2;0.5918367346938775;0.7435897435897436;0;0;120;174
poly;30.01;4.01;2;3;0.5918367346938775;0.7435897435897436;0;0;120;174
poly;30.01;4.01;2;4;0.5918367346938775;0.7435897435897436;0;0;120;174
poly;30.01;4.01;3;1;0.5952380952380952;0.7418655097613883;4;3;116;171
poly;30.01;4.01;3;2;0.5952380952380952;0.7418655097613883;4;3;116;171
poly;30.01;4.01;3;3;0.5952380952380952;0.7418655097613883;4;3;116;171
poly;30.01;4.01;3;4;0.5986394557823129;0.7434782608695651;5;3;115;171
poly;35.01;0.01;1;1;0.5918367346938775;0.7435897435897436;0;0;120;174
poly;35.01;0.01;1;2;0.5918367346938775;0.7435897435897436;0;0;120;174
poly;35.01;0.01;1;3;0.5918367346938775;0.7435897435897436;0;0;120;174
poly;35.01;0.01;1;4;0.5918367346938775;0.7435897435897436;0;0;120;174
poly;35.01;0.01;2;1;0.5918367346938775;0.7435897435897436;0;0;120;174
poly;35.01;0.01;2;2;0.5918367346938775;0.7435897435897436;0;0;120;174
poly;35.01;0.01;2;3;0.5918367346938775;0.7435897435897436;0;0;120;174
poly;35.01;0.01;2;4;0.5918367346938775;0.7435897435897436;0;0;120;174
poly;35.01;0.01;3;1;0.5918367346938775;0.7435897435897436;0;0;120;174
poly;35.01;0.01;3;2;0.5918367346938775;0.7435897435897436;0;0;120;174
poly;35.01;0.01;3;3;0.5918367346938775;0.7435897435897436;0;0;120;174
poly;35.01;0.01;3;4;0.5918367346938775;0.7435897435897436;0;0;120;174
poly;35.01;1.01;1;1;0.5918367346938775;0.7435897435897436;0;0;120;174
poly;35.01;1.01;1;2;0.5918367346938775;0.7435897435897436;0;0;120;174
poly;35.01;1.01;1;3;0.5918367346938775;0.7435897435897436;0;0;120;174
poly;35.01;1.01;1;4;0.5918367346938775;0.7435897435897436;0;0;120;174
poly;35.01;1.01;2;1;0.5918367346938775;0.7435897435897436;0;0;120;174
poly;35.01;1.01;2;2;0.5918367346938775;0.7435897435897436;0;0;120;174
poly;35.01;1.01;2;3;0.5918367346938775;0.7435897435897436;0;0;120;174
poly;35.01;1.01;2;4;0.5918367346938775;0.7435897435897436;0;0;120;174
poly;35.01;1.01;3;1;0.5918367346938775;0.7435897435897436;0;0;120;174
poly;35.01;1.01;3;2;0.5918367346938775;0.7435897435897436;0;0;120;174
poly;35.01;1.01;3;3;0.5918367346938775;0.7435897435897436;0;0;120;174
poly;35.01;1.01;3;4;0.5918367346938775;0.7435897435897436;0;0;120;174
poly;35.01;2.01;1;1;0.5918367346938775;0.7435897435897436;0;0;120;174
poly;35.01;2.01;1;2;0.5918367346938775;0.7435897435897436;0;0;120;174
poly;35.01;2.01;1;3;0.5918367346938775;0.7435897435897436;0;0;120;174
poly;35.01;2.01;1;4;0.5918367346938775;0.7435897435897436;0;0;120;174
poly;35.01;2.01;2;1;0.5918367346938775;0.7435897435897436;0;0;120;174
poly;35.01;2.01;2;2;0.5918367346938775;0.7435897435897436;0;0;120;174
poly;35.01;2.01;2;3;0.5918367346938775;0.7435897435897436;0;0;120;174
poly;35.01;2.01;2;4;0.5918367346938775;0.7435897435897436;0;0;120;174
poly;35.01;2.01;3;1;0.5918367346938775;0.7435897435897436;0;0;120;174
poly;35.01;2.01;3;2;0.5884353741496599;0.7408993576017131;0;1;120;173
poly;35.01;2.01;3;3;0.5884353741496599;0.7408993576017131;0;1;120;173
poly;35.01;2.01;3;4;0.5918367346938775;0.7435897435897436;0;0;120;174
poly;35.01;3.01;1;1;0.5918367346938775;0.7435897435897436;0;0;120;174
poly;35.01;3.01;1;2;0.5918367346938775;0.7435897435897436;0;0;120;174
poly;35.01;3.01;1;3;0.5918367346938775;0.7435897435897436;0;0;120;174
poly;35.01;3.01;1;4;0.5918367346938775;0.7435897435897436;0;0;120;174
poly;35.01;3.01;2;1;0.5918367346938775;0.7435897435897436;0;0;120;174
poly;35.01;3.01;2;2;0.5918367346938775;0.7435897435897436;0;0;120;174
poly;35.01;3.01;2;3;0.5918367346938775;0.7435897435897436;0;0;120;174
poly;35.01;3.01;2;4;0.5918367346938775;0.7435897435897436;0;0;120;174
poly;35.01;3.01;3;1;0.5986394557823129;0.7445887445887446;4;2;116;172
poly;35.01;3.01;3;2;0.5986394557823129;0.7445887445887446;4;2;116;172
poly;35.01;3.01;3;3;0.5986394557823129;0.7445887445887446;4;2;116;172
poly;35.01;3.01;3;4;0.5986394557823129;0.7445887445887446;4;2;116;172
poly;35.01;4.01;1;1;0.5918367346938775;0.7435897435897436;0;0;120;174
poly;35.01;4.01;1;2;0.5918367346938775;0.7435897435897436;0;0;120;174
poly;35.01;4.01;1;3;0.5918367346938775;0.7435897435897436;0;0;120;174
poly;35.01;4.01;1;4;0.5918367346938775;0.7435897435897436;0;0;120;174
poly;35.01;4.01;2;1;0.5918367346938775;0.7435897435897436;0;0;120;174
poly;35.01;4.01;2;2;0.5918367346938775;0.7435897435897436;0;0;120;174
poly;35.01;4.01;2;3;0.5918367346938775;0.7435897435897436;0;0;120;174
poly;35.01;4.01;2;4;0.5918367346938775;0.7435897435897436;0;0;120;174
poly;35.01;4.01;3;1;0.5952380952380952;0.7418655097613883;4;3;116;171
poly;35.01;4.01;3;2;0.5952380952380952;0.7418655097613883;4;3;116;171
poly;35.01;4.01;3;3;0.5952380952380952;0.7418655097613883;4;3;116;171
poly;35.01;4.01;3;4;0.5952380952380952;0.7407407407407407;5;4;115;170
poly;40.01;0.01;1;1;0.5918367346938775;0.7435897435897436;0;0;120;174
poly;40.01;0.01;1;2;0.5918367346938775;0.7435897435897436;0;0;120;174
poly;40.01;0.01;1;3;0.5918367346938775;0.7435897435897436;0;0;120;174
poly;40.01;0.01;1;4;0.5918367346938775;0.7435897435897436;0;0;120;174
poly;40.01;0.01;2;1;0.5918367346938775;0.7435897435897436;0;0;120;174
poly;40.01;0.01;2;2;0.5918367346938775;0.7435897435897436;0;0;120;174
poly;40.01;0.01;2;3;0.5918367346938775;0.7435897435897436;0;0;120;174
poly;40.01;0.01;2;4;0.5918367346938775;0.7435897435897436;0;0;120;174
poly;40.01;0.01;3;1;0.5918367346938775;0.7435897435897436;0;0;120;174
poly;40.01;0.01;3;2;0.5918367346938775;0.7435897435897436;0;0;120;174
poly;40.01;0.01;3;3;0.5918367346938775;0.7435897435897436;0;0;120;174
poly;40.01;0.01;3;4;0.5918367346938775;0.7435897435897436;0;0;120;174
poly;40.01;1.01;1;1;0.5918367346938775;0.7435897435897436;0;0;120;174
poly;40.01;1.01;1;2;0.5918367346938775;0.7435897435897436;0;0;120;174
poly;40.01;1.01;1;3;0.5918367346938775;0.7435897435897436;0;0;120;174
poly;40.01;1.01;1;4;0.5918367346938775;0.7435897435897436;0;0;120;174
poly;40.01;1.01;2;1;0.5918367346938775;0.7435897435897436;0;0;120;174
poly;40.01;1.01;2;2;0.5918367346938775;0.7435897435897436;0;0;120;174
poly;40.01;1.01;2;3;0.5918367346938775;0.7435897435897436;0;0;120;174
poly;40.01;1.01;2;4;0.5918367346938775;0.7435897435897436;0;0;120;174
poly;40.01;1.01;3;1;0.5918367346938775;0.7435897435897436;0;0;120;174
poly;40.01;1.01;3;2;0.5918367346938775;0.7435897435897436;0;0;120;174
poly;40.01;1.01;3;3;0.5918367346938775;0.7435897435897436;0;0;120;174
poly;40.01;1.01;3;4;0.5918367346938775;0.7435897435897436;0;0;120;174
poly;40.01;2.01;1;1;0.5918367346938775;0.7435897435897436;0;0;120;174
poly;40.01;2.01;1;2;0.5918367346938775;0.7435897435897436;0;0;120;174
poly;40.01;2.01;1;3;0.5918367346938775;0.7435897435897436;0;0;120;174
poly;40.01;2.01;1;4;0.5918367346938775;0.7435897435897436;0;0;120;174
poly;40.01;2.01;2;1;0.5918367346938775;0.7435897435897436;0;0;120;174
poly;40.01;2.01;2;2;0.5918367346938775;0.7435897435897436;0;0;120;174
poly;40.01;2.01;2;3;0.5918367346938775;0.7435897435897436;0;0;120;174
poly;40.01;2.01;2;4;0.5918367346938775;0.7435897435897436;0;0;120;174
poly;40.01;2.01;3;1;0.5918367346938775;0.7435897435897436;0;0;120;174
poly;40.01;2.01;3;2;0.5918367346938775;0.7424892703862662;1;1;119;173
poly;40.01;2.01;3;3;0.5884353741496599;0.7408993576017131;0;1;120;173
poly;40.01;2.01;3;4;0.5918367346938775;0.7435897435897436;0;0;120;174
poly;40.01;3.01;1;1;0.5918367346938775;0.7435897435897436;0;0;120;174
poly;40.01;3.01;1;2;0.5918367346938775;0.7435897435897436;0;0;120;174
poly;40.01;3.01;1;3;0.5918367346938775;0.7435897435897436;0;0;120;174
poly;40.01;3.01;1;4;0.5918367346938775;0.7435897435897436;0;0;120;174
poly;40.01;3.01;2;1;0.5918367346938775;0.7435897435897436;0;0;120;174
poly;40.01;3.01;2;2;0.5918367346938775;0.7435897435897436;0;0;120;174
poly;40.01;3.01;2;3;0.5918367346938775;0.7435897435897436;0;0;120;174
poly;40.01;3.01;2;4;0.5918367346938775;0.7435897435897436;0;0;120;174
poly;40.01;3.01;3;1;0.5986394557823129;0.7445887445887446;4;2;116;172
poly;40.01;3.01;3;2;0.5986394557823129;0.7445887445887446;4;2;116;172
poly;40.01;3.01;3;3;0.5986394557823129;0.7445887445887446;4;2;116;172
poly;40.01;3.01;3;4;0.5986394557823129;0.7445887445887446;4;2;116;172
poly;40.01;4.01;1;1;0.5918367346938775;0.7435897435897436;0;0;120;174
poly;40.01;4.01;1;2;0.5918367346938775;0.7435897435897436;0;0;120;174
poly;40.01;4.01;1;3;0.5918367346938775;0.7435897435897436;0;0;120;174
poly;40.01;4.01;1;4;0.5918367346938775;0.7435897435897436;0;0;120;174
poly;40.01;4.01;2;1;0.5918367346938775;0.7435897435897436;0;0;120;174
poly;40.01;4.01;2;2;0.5918367346938775;0.7435897435897436;0;0;120;174
poly;40.01;4.01;2;3;0.5918367346938775;0.7435897435897436;0;0;120;174
poly;40.01;4.01;2;4;0.5918367346938775;0.7435897435897436;0;0;120;174
poly;40.01;4.01;3;1;0.5952380952380952;0.7418655097613883;4;3;116;171
poly;40.01;4.01;3;2;0.5952380952380952;0.7418655097613883;4;3;116;171
poly;40.01;4.01;3;3;0.5986394557823129;0.7434782608695651;5;3;115;171
poly;40.01;4.01;3;4;0.5952380952380952;0.7407407407407407;5;4;115;170
poly;45.01;0.01;1;1;0.5918367346938775;0.7435897435897436;0;0;120;174
poly;45.01;0.01;1;2;0.5918367346938775;0.7435897435897436;0;0;120;174
poly;45.01;0.01;1;3;0.5918367346938775;0.7435897435897436;0;0;120;174
poly;45.01;0.01;1;4;0.5918367346938775;0.7435897435897436;0;0;120;174
poly;45.01;0.01;2;1;0.5918367346938775;0.7435897435897436;0;0;120;174
poly;45.01;0.01;2;2;0.5918367346938775;0.7435897435897436;0;0;120;174
poly;45.01;0.01;2;3;0.5918367346938775;0.7435897435897436;0;0;120;174
poly;45.01;0.01;2;4;0.5918367346938775;0.7435897435897436;0;0;120;174
poly;45.01;0.01;3;1;0.5918367346938775;0.7435897435897436;0;0;120;174
poly;45.01;0.01;3;2;0.5918367346938775;0.7435897435897436;0;0;120;174
poly;45.01;0.01;3;3;0.5918367346938775;0.7435897435897436;0;0;120;174
poly;45.01;0.01;3;4;0.5918367346938775;0.7435897435897436;0;0;120;174
poly;45.01;1.01;1;1;0.5918367346938775;0.7435897435897436;0;0;120;174
poly;45.01;1.01;1;2;0.5918367346938775;0.7435897435897436;0;0;120;174
poly;45.01;1.01;1;3;0.5918367346938775;0.7435897435897436;0;0;120;174
poly;45.01;1.01;1;4;0.5918367346938775;0.7435897435897436;0;0;120;174
poly;45.01;1.01;2;1;0.5918367346938775;0.7435897435897436;0;0;120;174
poly;45.01;1.01;2;2;0.5918367346938775;0.7435897435897436;0;0;120;174
poly;45.01;1.01;2;3;0.5918367346938775;0.7435897435897436;0;0;120;174
poly;45.01;1.01;2;4;0.5918367346938775;0.7435897435897436;0;0;120;174
poly;45.01;1.01;3;1;0.5918367346938775;0.7435897435897436;0;0;120;174
poly;45.01;1.01;3;2;0.5918367346938775;0.7435897435897436;0;0;120;174
poly;45.01;1.01;3;3;0.5918367346938775;0.7435897435897436;0;0;120;174
poly;45.01;1.01;3;4;0.5918367346938775;0.7435897435897436;0;0;120;174
poly;45.01;2.01;1;1;0.5918367346938775;0.7435897435897436;0;0;120;174
poly;45.01;2.01;1;2;0.5918367346938775;0.7435897435897436;0;0;120;174
poly;45.01;2.01;1;3;0.5918367346938775;0.7435897435897436;0;0;120;174
poly;45.01;2.01;1;4;0.5918367346938775;0.7435897435897436;0;0;120;174
poly;45.01;2.01;2;1;0.5918367346938775;0.7435897435897436;0;0;120;174
poly;45.01;2.01;2;2;0.5918367346938775;0.7435897435897436;0;0;120;174
poly;45.01;2.01;2;3;0.5918367346938775;0.7435897435897436;0;0;120;174
poly;45.01;2.01;2;4;0.5918367346938775;0.7435897435897436;0;0;120;174
poly;45.01;2.01;3;1;0.5884353741496599;0.7408993576017131;0;1;120;173
poly;45.01;2.01;3;2;0.5918367346938775;0.7424892703862662;1;1;119;173
poly;45.01;2.01;3;3;0.5918367346938775;0.7424892703862662;1;1;119;173
poly;45.01;2.01;3;4;0.5884353741496599;0.7408993576017131;0;1;120;173
poly;45.01;3.01;1;1;0.5918367346938775;0.7435897435897436;0;0;120;174
poly;45.01;3.01;1;2;0.5918367346938775;0.7435897435897436;0;0;120;174
poly;45.01;3.01;1;3;0.5918367346938775;0.7435897435897436;0;0;120;174
poly;45.01;3.01;1;4;0.5918367346938775;0.7435897435897436;0;0;120;174
poly;45.01;3.01;2;1;0.5918367346938775;0.7435897435897436;0;0;120;174
poly;45.01;3.01;2;2;0.5918367346938775;0.7435897435897436;0;0;120;174
poly;45.01;3.01;2;3;0.5918367346938775;0.7435897435897436;0;0;120;174
poly;45.01;3.01;2;4;0.5918367346938775;0.7435897435897436;0;0;120;174
poly;45.01;3.01;3;1;0.5952380952380952;0.7418655097613883;4;3;116;171
poly;45.01;3.01;3;2;0.5986394557823129;0.7445887445887446;4;2;116;172
poly;45.01;3.01;3;3;0.5952380952380952;0.7418655097613883;4;3;116;171
poly;45.01;3.01;3;4;0.5986394557823129;0.7445887445887446;4;2;116;172
poly;45.01;4.01;1;1;0.5918367346938775;0.7435897435897436;0;0;120;174
poly;45.01;4.01;1;2;0.5918367346938775;0.7435897435897436;0;0;120;174
poly;45.01;4.01;1;3;0.5918367346938775;0.7435897435897436;0;0;120;174
poly;45.01;4.01;1;4;0.5918367346938775;0.7435897435897436;0;0;120;174
poly;45.01;4.01;2;1;0.5918367346938775;0.7435897435897436;0;0;120;174
poly;45.01;4.01;2;2;0.5918367346938775;0.7435897435897436;0;0;120;174
poly;45.01;4.01;2;3;0.5918367346938775;0.7435897435897436;0;0;120;174
poly;45.01;4.01;2;4;0.5918367346938775;0.7435897435897436;0;0;120;174
poly;45.01;4.01;3;1;0.5952380952380952;0.7418655097613883;4;3;116;171
poly;45.01;4.01;3;2;0.5986394557823129;0.7434782608695651;5;3;115;171
poly;45.01;4.01;3;3;0.5986394557823129;0.7434782608695651;5;3;115;171
poly;45.01;4.01;3;4;0.5952380952380952;0.7407407407407407;5;4;115;170
rbf;0.01;0.01;default;default;0.5918367346938775;0.7435897435897436;0;0;120;174
rbf;0.01;1.01;default;default;0.5918367346938775;0.7435897435897436;0;0;120;174
rbf;0.01;2.01;default;default;0.5918367346938775;0.7435897435897436;0;0;120;174
rbf;0.01;3.01;default;default;0.5918367346938775;0.7435897435897436;0;0;120;174
rbf;0.01;4.01;default;default;0.5918367346938775;0.7435897435897436;0;0;120;174
rbf;5.01;0.01;default;default;0.5918367346938775;0.7435897435897436;0;0;120;174
rbf;5.01;1.01;default;default;0.5918367346938775;0.7435897435897436;0;0;120;174
rbf;5.01;2.01;default;default;0.5918367346938775;0.7435897435897436;0;0;120;174
rbf;5.01;3.01;default;default;0.5986394557823129;0.7456896551724137;3;1;117;173
rbf;5.01;4.01;default;default;0.6020408163265306;0.7473002159827213;4;1;116;173
rbf;10.01;0.01;default;default;0.5918367346938775;0.7435897435897436;0;0;120;174
rbf;10.01;1.01;default;default;0.5918367346938775;0.7435897435897436;0;0;120;174
rbf;10.01;2.01;default;default;0.5952380952380952;0.7440860215053764;2;1;118;173
rbf;10.01;3.01;default;default;0.6054421768707483;0.7489177489177489;5;1;115;173
rbf;10.01;4.01;default;default;0.6054421768707483;0.7489177489177489;5;1;115;173
rbf;15.01;0.01;default;default;0.5918367346938775;0.7435897435897436;0;0;120;174
rbf;15.01;1.01;default;default;0.5918367346938775;0.7435897435897436;0;0;120;174
rbf;15.01;2.01;default;default;0.5986394557823129;0.7456896551724137;3;1;117;173
rbf;15.01;3.01;default;default;0.608843537414966;0.7505422993492409;6;1;114;173
rbf;15.01;4.01;default;default;0.6054421768707483;0.7478260869565218;6;2;114;172
rbf;20.01;0.01;default;default;0.5918367346938775;0.7435897435897436;0;0;120;174
rbf;20.01;1.01;default;default;0.5918367346938775;0.7435897435897436;0;0;120;174
rbf;20.01;2.01;default;default;0.6054421768707483;0.7489177489177489;5;1;115;173
rbf;20.01;3.01;default;default;0.608843537414966;0.7505422993492409;6;1;114;173
rbf;20.01;4.01;default;default;0.6020408163265306;0.7450980392156863;6;3;114;171
rbf;25.01;0.01;default;default;0.5918367346938775;0.7435897435897436;0;0;120;174
rbf;25.01;1.01;default;default;0.5918367346938775;0.7435897435897436;0;0;120;174
rbf;25.01;2.01;default;default;0.608843537414966;0.7505422993492409;6;1;114;173
rbf;25.01;3.01;default;default;0.6020408163265306;0.7450980392156863;6;3;114;171
rbf;25.01;4.01;default;default;0.6054421768707483;0.7467248908296943;7;3;113;171
rbf;30.01;0.01;default;default;0.5918367346938775;0.7435897435897436;0;0;120;174
rbf;30.01;1.01;default;default;0.5918367346938775;0.7435897435897436;0;0;120;174
rbf;30.01;2.01;default;default;0.608843537414966;0.7505422993492409;6;1;114;173
rbf;30.01;3.01;default;default;0.6020408163265306;0.7450980392156863;6;3;114;171
rbf;30.01;4.01;default;default;0.5986394557823129;0.7400881057268723;8;6;112;168
rbf;35.01;0.01;default;default;0.5918367346938775;0.7435897435897436;0;0;120;174
rbf;35.01;1.01;default;default;0.5918367346938775;0.7435897435897436;0;0;120;174
rbf;35.01;2.01;default;default;0.608843537414966;0.7505422993492409;6;1;114;173
rbf;35.01;3.01;default;default;0.6020408163265306;0.7450980392156863;6;3;114;171
rbf;35.01;4.01;default;default;0.5952380952380952;0.7361419068736141;9;8;111;166
rbf;40.01;0.01;default;default;0.5918367346938775;0.7435897435897436;0;0;120;174
rbf;40.01;1.01;default;default;0.5918367346938775;0.7435897435897436;0;0;120;174
rbf;40.01;2.01;default;default;0.608843537414966;0.7505422993492409;6;1;114;173
rbf;40.01;3.01;default;default;0.5986394557823129;0.74235807860262;6;4;114;170
rbf;40.01;4.01;default;default;0.6020408163265306;0.7382550335570469;12;9;108;165
rbf;45.01;0.01;default;default;0.5918367346938775;0.7435897435897436;0;0;120;174
rbf;45.01;1.01;default;default;0.5918367346938775;0.7435897435897436;0;0;120;174
rbf;45.01;2.01;default;default;0.608843537414966;0.7505422993492409;6;1;114;173
rbf;45.01;3.01;default;default;0.5986394557823129;0.74235807860262;6;4;114;170
rbf;45.01;4.01;default;default;0.5884353741496599;0.7268623024830699;12;13;108;161
sigmoid;0.01;0.01;default;1;0.5918367346938775;0.7435897435897436;0;0;120;174
sigmoid;0.01;0.01;default;2;0.5918367346938775;0.7435897435897436;0;0;120;174
sigmoid;0.01;0.01;default;3;0.5918367346938775;0.7435897435897436;0;0;120;174
sigmoid;0.01;0.01;default;4;0.5918367346938775;0.7435897435897436;0;0;120;174
sigmoid;0.01;1.01;default;1;0.5918367346938775;0.7435897435897436;0;0;120;174
sigmoid;0.01;1.01;default;2;0.5918367346938775;0.7435897435897436;0;0;120;174
sigmoid;0.01;1.01;default;3;0.5918367346938775;0.7435897435897436;0;0;120;174
sigmoid;0.01;1.01;default;4;0.5918367346938775;0.7435897435897436;0;0;120;174
sigmoid;0.01;2.01;default;1;0.5918367346938775;0.7435897435897436;0;0;120;174
sigmoid;0.01;2.01;default;2;0.5918367346938775;0.7435897435897436;0;0;120;174
sigmoid;0.01;2.01;default;3;0.5918367346938775;0.7435897435897436;0;0;120;174
sigmoid;0.01;2.01;default;4;0.5918367346938775;0.7435897435897436;0;0;120;174
sigmoid;0.01;3.01;default;1;0.5918367346938775;0.7435897435897436;0;0;120;174
sigmoid;0.01;3.01;default;2;0.5918367346938775;0.7435897435897436;0;0;120;174
sigmoid;0.01;3.01;default;3;0.5918367346938775;0.7435897435897436;0;0;120;174
sigmoid;0.01;3.01;default;4;0.5918367346938775;0.7435897435897436;0;0;120;174
sigmoid;0.01;4.01;default;1;0.5918367346938775;0.7435897435897436;0;0;120;174
sigmoid;0.01;4.01;default;2;0.5918367346938775;0.7435897435897436;0;0;120;174
sigmoid;0.01;4.01;default;3;0.5918367346938775;0.7435897435897436;0;0;120;174
sigmoid;0.01;4.01;default;4;0.5918367346938775;0.7435897435897436;0;0;120;174
sigmoid;5.01;0.01;default;1;0.5918367346938775;0.7435897435897436;0;0;120;174
sigmoid;5.01;0.01;default;2;0.5918367346938775;0.7435897435897436;0;0;120;174
sigmoid;5.01;0.01;default;3;0.5918367346938775;0.7435897435897436;0;0;120;174
sigmoid;5.01;0.01;default;4;0.5918367346938775;0.7435897435897436;0;0;120;174
sigmoid;5.01;1.01;default;1;0.48639455782312924;0.5325077399380805;57;88;63;86
sigmoid;5.01;1.01;default;2;0.47619047619047616;0.51875;57;91;63;83
sigmoid;5.01;1.01;default;3;0.47619047619047616;0.51875;57;91;63;83
sigmoid;5.01;1.01;default;4;0.4965986394557823;0.5515151515151516;55;83;65;91
sigmoid;5.01;2.01;default;1;0.5204081632653061;0.5959885386819483;49;70;71;104
sigmoid;5.01;2.01;default;2;0.4931972789115646;0.5329153605015674;60;89;60;85
sigmoid;5.01;2.01;default;3;0.48299319727891155;0.5279503105590062;57;89;63;85
sigmoid;5.01;2.01;default;4;0.47619047619047616;0.51875;57;91;63;83
sigmoid;5.01;3.01;default;1;0.5408163265306123;0.6239554317548747;47;62;73;112
sigmoid;5.01;3.01;default;2;0.5272108843537415;0.6170798898071624;43;62;77;112
sigmoid;5.01;3.01;default;3;0.5204081632653061;0.6158038147138964;40;61;80;113
sigmoid;5.01;3.01;default;4;0.5272108843537415;0.6273458445040215;38;57;82;117
sigmoid;5.01;4.01;default;1;0.5136054421768708;0.5878962536023055;49;72;71;102
sigmoid;5.01;4.01;default;2;0.5238095238095238;0.6132596685082874;43;63;77;111
sigmoid;5.01;4.01;default;3;0.5306122448979592;0.6187845303867403;44;62;76;112
sigmoid;5.01;4.01;default;4;0.5204081632653061;0.6158038147138964;40;61;80;113
sigmoid;10.01;0.01;default;1;0.5918367346938775;0.7435897435897436;0;0;120;174
sigmoid;10.01;0.01;default;2;0.5918367346938775;0.7435897435897436;0;0;120;174
sigmoid;10.01;0.01;default;3;0.5918367346938775;0.7435897435897436;0;0;120;174
sigmoid;10.01;0.01;default;4;0.5918367346938775;0.7435897435897436;0;0;120;174
sigmoid;10.01;1.01;default;1;0.48639455782312924;0.5325077399380805;57;88;63;86
sigmoid;10.01;1.01;default;2;0.47619047619047616;0.51875;57;91;63;83
sigmoid;10.01;1.01;default;3;0.47619047619047616;0.51875;57;91;63;83
sigmoid;10.01;1.01;default;4;0.48299319727891155;0.5308641975308641;56;88;64;86
sigmoid;10.01;2.01;default;1;0.5204081632653061;0.5959885386819483;49;70;71;104
sigmoid;10.01;2.01;default;2;0.4931972789115646;0.5329153605015674;60;89;60;85
sigmoid;10.01;2.01;default;3;0.48299319727891155;0.5279503105590062;57;89;63;85
sigmoid;10.01;2.01;default;4;0.47619047619047616;0.51875;57;91;63;83
sigmoid;10.01;3.01;default;1;0.5408163265306123;0.6239554317548747;47;62;73;112
sigmoid;10.01;3.01;default;2;0.5272108843537415;0.6170798898071624;43;62;77;112
sigmoid;10.01;3.01;default;3;0.5204081632653061;0.6158038147138964;40;61;80;113
sigmoid;10.01;3.01;default;4;0.5272108843537415;0.6273458445040215;38;57;82;117
sigmoid;10.01;4.01;default;1;0.5136054421768708;0.5878962536023055;49;72;71;102
sigmoid;10.01;4.01;default;2;0.5238095238095238;0.6132596685082874;43;63;77;111
sigmoid;10.01;4.01;default;3;0.5340136054421769;0.6204986149584488;45;62;75;112
sigmoid;10.01;4.01;default;4;0.5204081632653061;0.6158038147138964;40;61;80;113
sigmoid;15.01;0.01;default;1;0.5918367346938775;0.7435897435897436;0;0;120;174
sigmoid;15.01;0.01;default;2;0.5918367346938775;0.7435897435897436;0;0;120;174
sigmoid;15.01;0.01;default;3;0.5918367346938775;0.7435897435897436;0;0;120;174
sigmoid;15.01;0.01;default;4;0.5918367346938775;0.7435897435897436;0;0;120;174
sigmoid;15.01;1.01;default;1;0.48639455782312924;0.5325077399380805;57;88;63;86
sigmoid;15.01;1.01;default;2;0.47619047619047616;0.51875;57;91;63;83
sigmoid;15.01;1.01;default;3;0.47619047619047616;0.51875;57;91;63;83
sigmoid;15.01;1.01;default;4;0.47619047619047616;0.5217391304347826;56;90;64;84
sigmoid;15.01;2.01;default;1;0.5204081632653061;0.5959885386819483;49;70;71;104
sigmoid;15.01;2.01;default;2;0.4931972789115646;0.5329153605015674;60;89;60;85
sigmoid;15.01;2.01;default;3;0.48299319727891155;0.5279503105590062;57;89;63;85
sigmoid;15.01;2.01;default;4;0.47619047619047616;0.51875;57;91;63;83
sigmoid;15.01;3.01;default;1;0.5408163265306123;0.6239554317548747;47;62;73;112
sigmoid;15.01;3.01;default;2;0.5272108843537415;0.6170798898071624;43;62;77;112
sigmoid;15.01;3.01;default;3;0.5204081632653061;0.6158038147138964;40;61;80;113
sigmoid;15.01;3.01;default;4;0.5238095238095238;0.6236559139784946;38;58;82;116
sigmoid;15.01;4.01;default;1;0.5136054421768708;0.5878962536023055;49;72;71;102
sigmoid;15.01;4.01;default;2;0.5238095238095238;0.6132596685082874;43;63;77;111
sigmoid;15.01;4.01;default;3;0.5340136054421769;0.6204986149584488;45;62;75;112
sigmoid;15.01;4.01;default;4;0.5204081632653061;0.6158038147138964;40;61;80;113
sigmoid;20.01;0.01;default;1;0.5918367346938775;0.7435897435897436;0;0;120;174
sigmoid;20.01;0.01;default;2;0.5918367346938775;0.7435897435897436;0;0;120;174
sigmoid;20.01;0.01;default;3;0.5918367346938775;0.7435897435897436;0;0;120;174
sigmoid;20.01;0.01;default;4;0.5918367346938775;0.7435897435897436;0;0;120;174
sigmoid;20.01;1.01;default;1;0.48639455782312924;0.5325077399380805;57;88;63;86
sigmoid;20.01;1.01;default;2;0.47619047619047616;0.51875;57;91;63;83
sigmoid;20.01;1.01;default;3;0.47619047619047616;0.51875;57;91;63;83
sigmoid;20.01;1.01;default;4;0.47619047619047616;0.5217391304347826;56;90;64;84
sigmoid;20.01;2.01;default;1;0.5204081632653061;0.5959885386819483;49;70;71;104
sigmoid;20.01;2.01;default;2;0.4931972789115646;0.5329153605015674;60;89;60;85
sigmoid;20.01;2.01;default;3;0.48299319727891155;0.5279503105590062;57;89;63;85
sigmoid;20.01;2.01;default;4;0.47619047619047616;0.51875;57;91;63;83
sigmoid;20.01;3.01;default;1;0.5408163265306123;0.6239554317548747;47;62;73;112
sigmoid;20.01;3.01;default;2;0.5272108843537415;0.6170798898071624;43;62;77;112
sigmoid;20.01;3.01;default;3;0.5204081632653061;0.6158038147138964;40;61;80;113
sigmoid;20.01;3.01;default;4;0.5238095238095238;0.6236559139784946;38;58;82;116
sigmoid;20.01;4.01;default;1;0.5136054421768708;0.5878962536023055;49;72;71;102
sigmoid;20.01;4.01;default;2;0.5238095238095238;0.6132596685082874;43;63;77;111
sigmoid;20.01;4.01;default;3;0.5340136054421769;0.6204986149584488;45;62;75;112
sigmoid;20.01;4.01;default;4;0.5204081632653061;0.6158038147138964;40;61;80;113
sigmoid;25.01;0.01;default;1;0.5918367346938775;0.7435897435897436;0;0;120;174
sigmoid;25.01;0.01;default;2;0.5918367346938775;0.7435897435897436;0;0;120;174
sigmoid;25.01;0.01;default;3;0.5918367346938775;0.7435897435897436;0;0;120;174
sigmoid;25.01;0.01;default;4;0.5918367346938775;0.7435897435897436;0;0;120;174
sigmoid;25.01;1.01;default;1;0.48639455782312924;0.5325077399380805;57;88;63;86
sigmoid;25.01;1.01;default;2;0.47619047619047616;0.51875;57;91;63;83
sigmoid;25.01;1.01;default;3;0.47619047619047616;0.51875;57;91;63;83
sigmoid;25.01;1.01;default;4;0.47619047619047616;0.5217391304347826;56;90;64;84
sigmoid;25.01;2.01;default;1;0.5204081632653061;0.5959885386819483;49;70;71;104
sigmoid;25.01;2.01;default;2;0.4931972789115646;0.5329153605015674;60;89;60;85
sigmoid;25.01;2.01;default;3;0.48299319727891155;0.5279503105590062;57;89;63;85
sigmoid;25.01;2.01;default;4;0.47619047619047616;0.51875;57;91;63;83
sigmoid;25.01;3.01;default;1;0.5408163265306123;0.6239554317548747;47;62;73;112
sigmoid;25.01;3.01;default;2;0.5272108843537415;0.6170798898071624;43;62;77;112
sigmoid;25.01;3.01;default;3;0.5204081632653061;0.6158038147138964;40;61;80;113
sigmoid;25.01;3.01;default;4;0.5238095238095238;0.6236559139784946;38;58;82;116
sigmoid;25.01;4.01;default;1;0.5136054421768708;0.5878962536023055;49;72;71;102
sigmoid;25.01;4.01;default;2;0.5238095238095238;0.6132596685082874;43;63;77;111
sigmoid;25.01;4.01;default;3;0.5340136054421769;0.6204986149584488;45;62;75;112
sigmoid;25.01;4.01;default;4;0.5204081632653061;0.6158038147138964;40;61;80;113
sigmoid;30.01;0.01;default;1;0.5918367346938775;0.7435897435897436;0;0;120;174
sigmoid;30.01;0.01;default;2;0.5918367346938775;0.7435897435897436;0;0;120;174
sigmoid;30.01;0.01;default;3;0.5918367346938775;0.7435897435897436;0;0;120;174
sigmoid;30.01;0.01;default;4;0.5918367346938775;0.7435897435897436;0;0;120;174
sigmoid;30.01;1.01;default;1;0.48639455782312924;0.5325077399380805;57;88;63;86
sigmoid;30.01;1.01;default;2;0.47619047619047616;0.51875;57;91;63;83
sigmoid;30.01;1.01;default;3;0.47619047619047616;0.51875;57;91;63;83
sigmoid;30.01;1.01;default;4;0.47619047619047616;0.5217391304347826;56;90;64;84
sigmoid;30.01;2.01;default;1;0.5204081632653061;0.5959885386819483;49;70;71;104
sigmoid;30.01;2.01;default;2;0.4931972789115646;0.5329153605015674;60;89;60;85
sigmoid;30.01;2.01;default;3;0.48299319727891155;0.5279503105590062;57;89;63;85
sigmoid;30.01;2.01;default;4;0.47619047619047616;0.51875;57;91;63;83
sigmoid;30.01;3.01;default;1;0.5408163265306123;0.6239554317548747;47;62;73;112
sigmoid;30.01;3.01;default;2;0.5272108843537415;0.6170798898071624;43;62;77;112
sigmoid;30.01;3.01;default;3;0.5204081632653061;0.6158038147138964;40;61;80;113
sigmoid;30.01;3.01;default;4;0.5238095238095238;0.6236559139784946;38;58;82;116
sigmoid;30.01;4.01;default;1;0.5136054421768708;0.5878962536023055;49;72;71;102
sigmoid;30.01;4.01;default;2;0.5238095238095238;0.6132596685082874;43;63;77;111
sigmoid;30.01;4.01;default;3;0.5340136054421769;0.6204986149584488;45;62;75;112
sigmoid;30.01;4.01;default;4;0.5204081632653061;0.6158038147138964;40;61;80;113
sigmoid;35.01;0.01;default;1;0.5918367346938775;0.7435897435897436;0;0;120;174
sigmoid;35.01;0.01;default;2;0.5918367346938775;0.7435897435897436;0;0;120;174
sigmoid;35.01;0.01;default;3;0.5918367346938775;0.7435897435897436;0;0;120;174
sigmoid;35.01;0.01;default;4;0.5918367346938775;0.7435897435897436;0;0;120;174
sigmoid;35.01;1.01;default;1;0.48639455782312924;0.5325077399380805;57;88;63;86
sigmoid;35.01;1.01;default;2;0.47619047619047616;0.51875;57;91;63;83
sigmoid;35.01;1.01;default;3;0.47619047619047616;0.51875;57;91;63;83
sigmoid;35.01;1.01;default;4;0.47619047619047616;0.5217391304347826;56;90;64;84
sigmoid;35.01;2.01;default;1;0.5204081632653061;0.5959885386819483;49;70;71;104
sigmoid;35.01;2.01;default;2;0.4931972789115646;0.5329153605015674;60;89;60;85
sigmoid;35.01;2.01;default;3;0.48299319727891155;0.5279503105590062;57;89;63;85
sigmoid;35.01;2.01;default;4;0.47619047619047616;0.51875;57;91;63;83
sigmoid;35.01;3.01;default;1;0.5408163265306123;0.6239554317548747;47;62;73;112
sigmoid;35.01;3.01;default;2;0.5272108843537415;0.6170798898071624;43;62;77;112
sigmoid;35.01;3.01;default;3;0.5204081632653061;0.6158038147138964;40;61;80;113
sigmoid;35.01;3.01;default;4;0.5238095238095238;0.6236559139784946;38;58;82;116
sigmoid;35.01;4.01;default;1;0.5136054421768708;0.5878962536023055;49;72;71;102
sigmoid;35.01;4.01;default;2;0.5238095238095238;0.6132596685082874;43;63;77;111
sigmoid;35.01;4.01;default;3;0.5340136054421769;0.6204986149584488;45;62;75;112
sigmoid;35.01;4.01;default;4;0.5204081632653061;0.6158038147138964;40;61;80;113
sigmoid;40.01;0.01;default;1;0.5918367346938775;0.7435897435897436;0;0;120;174
sigmoid;40.01;0.01;default;2;0.5918367346938775;0.7435897435897436;0;0;120;174
sigmoid;40.01;0.01;default;3;0.5918367346938775;0.7435897435897436;0;0;120;174
sigmoid;40.01;0.01;default;4;0.5918367346938775;0.7435897435897436;0;0;120;174
sigmoid;40.01;1.01;default;1;0.48299319727891155;0.5279503105590062;57;89;63;85
sigmoid;40.01;1.01;default;2;0.47619047619047616;0.51875;57;91;63;83
sigmoid;40.01;1.01;default;3;0.47619047619047616;0.51875;57;91;63;83
sigmoid;40.01;1.01;default;4;0.47619047619047616;0.5217391304347826;56;90;64;84
sigmoid;40.01;2.01;default;1;0.5204081632653061;0.5959885386819483;49;70;71;104
sigmoid;40.01;2.01;default;2;0.4931972789115646;0.5329153605015674;60;89;60;85
sigmoid;40.01;2.01;default;3;0.48299319727891155;0.5279503105590062;57;89;63;85
sigmoid;40.01;2.01;default;4;0.47278911564625853;0.5141065830721002;57;92;63;82
sigmoid;40.01;3.01;default;1;0.5408163265306123;0.6239554317548747;47;62;73;112
sigmoid;40.01;3.01;default;2;0.5272108843537415;0.6170798898071624;43;62;77;112
sigmoid;40.01;3.01;default;3;0.5204081632653061;0.6158038147138964;40;61;80;113
sigmoid;40.01;3.01;default;4;0.5238095238095238;0.6236559139784946;38;58;82;116
sigmoid;40.01;4.01;default;1;0.5136054421768708;0.5878962536023055;49;72;71;102
sigmoid;40.01;4.01;default;2;0.5238095238095238;0.6132596685082874;43;63;77;111
sigmoid;40.01;4.01;default;3;0.5340136054421769;0.6204986149584488;45;62;75;112
sigmoid;40.01;4.01;default;4;0.5204081632653061;0.6158038147138964;40;61;80;113
sigmoid;45.01;0.01;default;1;0.5918367346938775;0.7435897435897436;0;0;120;174
sigmoid;45.01;0.01;default;2;0.5918367346938775;0.7435897435897436;0;0;120;174
sigmoid;45.01;0.01;default;3;0.5918367346938775;0.7435897435897436;0;0;120;174
sigmoid;45.01;0.01;default;4;0.5918367346938775;0.7435897435897436;0;0;120;174
sigmoid;45.01;1.01;default;1;0.48299319727891155;0.5279503105590062;57;89;63;85
sigmoid;45.01;1.01;default;2;0.47619047619047616;0.51875;57;91;63;83
sigmoid;45.01;1.01;default;3;0.47619047619047616;0.51875;57;91;63;83
sigmoid;45.01;1.01;default;4;0.47619047619047616;0.5217391304347826;56;90;64;84
sigmoid;45.01;2.01;default;1;0.5204081632653061;0.5959885386819483;49;70;71;104
sigmoid;45.01;2.01;default;2;0.4931972789115646;0.5329153605015674;60;89;60;85
sigmoid;45.01;2.01;default;3;0.48299319727891155;0.5279503105590062;57;89;63;85
sigmoid;45.01;2.01;default;4;0.47278911564625853;0.5141065830721002;57;92;63;82
sigmoid;45.01;3.01;default;1;0.5408163265306123;0.6239554317548747;47;62;73;112
sigmoid;45.01;3.01;default;2;0.5272108843537415;0.6170798898071624;43;62;77;112
sigmoid;45.01;3.01;default;3;0.5204081632653061;0.6158038147138964;40;61;80;113
sigmoid;45.01;3.01;default;4;0.5238095238095238;0.6236559139784946;38;58;82;116
sigmoid;45.01;4.01;default;1;0.5136054421768708;0.5878962536023055;49;72;71;102
sigmoid;45.01;4.01;default;2;0.5238095238095238;0.6132596685082874;43;63;77;111
sigmoid;45.01;4.01;default;3;0.5340136054421769;0.6204986149584488;45;62;75;112
sigmoid;45.01;4.01;default;4;0.5204081632653061;0.6158038147138964;40;61;80;113
