OutPut |T+1|;OutPut_class |T+1|
34.39;0
34.39;1
34.39;1
34.44;1
34.43;0
34.43;1
34.44;1
34.41;0
34.42;1
34.38;0
34.38;1
34.38;1
34.37;0
34.37;1
34.39;1
34.41;1
34.42;1
34.42;1
34.43;1
34.4;0
34.39;0
34.4;1
34.41;1
34.41;1
34.43;1
34.44;1
34.4;0
34.43;1
34.44;1
34.45;1
34.49;1
34.45;0
34.39;0
34.39;1
34.39;1
34.37;0
34.39;1
34.38;0
34.34;0
34.32;0
34.36;1
34.35;0
34.39;1
34.42;1
34.36;0
34.34;0
34.31;0
34.28;0
34.32;1
34.34;1
34.32;0
34.31;0
34.28;0
34.31;1
34.32;1
34.34;1
34.33;0
34.36;1
34.34;0
34.32;0
34.29;0
34.31;1
34.33;1
34.31;0
34.27;0
34.34;1
34.34;1
34.4;1
34.35;0
34.36;1
34.38;1
34.38;1
34.39;1
34.42;1
34.45;1
34.38;0
34.38;1
34.33;0
34.37;1
34.4;1
34.41;1
34.42;1
34.41;0
34.45;1
34.42;0
34.36;0
34.44;1
34.41;0
34.36;0
34.35;0
34.32;0
34.39;1
34.41;1
34.38;0
34.34;0
34.31;0
34.3;0
34.33;1
34.33;1
34.3;0
34.26;0
34.27;1
34.2;0
34.25;1
34.26;1
34.29;1
34.42;1
34.42;1
34.41;0
34.4;0
34.45;1
34.42;0
34.46;1
34.48;1
34.54;1
34.53;0
34.51;0
34.54;1
34.58;1
34.63;1
34.61;0
34.63;1
34.6;0
34.55;0
34.53;0
34.57;1
34.65;1
34.67;1
34.67;1
34.66;0
34.64;0
34.65;1
34.66;1
34.61;0
34.61;1
34.59;0
34.57;0
34.61;1
34.61;1
34.63;1
34.63;1
34.61;0
34.59;0
34.62;1
34.6;0
34.62;1
34.64;1
34.71;1
34.65;0
34.69;1
34.71;1
34.75;1
34.71;0
34.72;1
34.75;1
34.76;1
34.77;1
34.74;0
34.74;1
34.7;0
34.7;1
34.71;1
34.61;0
34.53;0
34.62;1
34.55;0
34.57;1
34.57;1
34.7;1
34.69;0
34.64;0
34.6;0
34.64;1
34.65;1
34.66;1
34.66;1
34.62;0
34.67;1
34.65;0
34.67;1
34.7;1
34.71;1
34.74;1
34.78;1
34.76;0
34.75;0
34.79;1
34.84;1
34.84;1
35.24;1
35.09;0
35.07;0
35.06;0
35.08;1
35.08;1
35.08;1
35.11;1
35.07;0
35.06;0
35.04;0
35.07;1
35.07;1
35.06;0
35.12;1
35.08;0
35.08;1
35.12;1
35.13;1
35.13;1
35.14;1
35.14;1
35.14;1
35.12;0
35.11;0
35.09;0
35.07;0
35.09;1
35.09;1
35.11;1
35.12;1
35.14;1
35.14;1
35.14;1
35.13;0
35.14;1
35.09;0
35.13;1
35.15;1
35.14;0
35.16;1
35.15;0
35.09;0
35.11;1
35.12;1
35.12;1
35.13;1
35.13;1
35.13;1
35.12;0
35.17;1
35.15;0
35.15;1
35.11;0
35.13;1
35.13;1
35.16;1
35.15;0
35.13;0
35.13;1
35.1;0
35.09;0
35.04;0
35.06;1
35.08;1
35.08;1
35.02;0
34.99;0
35.03;1
35.01;0
35.02;1
35.01;0
35.02;1
35.05;1
35.03;0
35.01;0
35.03;1
35.0;0
34.99;0
34.97;0
35.0;1
34.98;0
35.02;1
35.03;1
35.06;1
35.03;0
35.01;0
35.0;0
34.97;0
34.94;0
34.94;1
34.93;0
34.92;0
34.89;0
34.89;1
34.9;1
34.92;1
34.9;0
34.9;1
34.89;0
34.93;1
34.93;1
34.92;0
34.92;1
34.91;0
34.92;1
34.92;1
34.91;0
34.9;0
34.91;1
34.9;0
34.9;1
34.91;1
34.89;0
34.95;1
34.94;0
34.89;0
34.88;0
34.88;1
34.88;1
34.91;1
34.92;1
34.93;1
34.93;1
34.95;1
34.94;0
34.95;1
34.94;0
34.93;0
34.94;1
34.95;1
34.94;0
34.95;1
34.95;1
34.95;1
34.93;0
34.92;0
34.92;1
34.92;1
34.93;1
34.89;0
34.88;0
34.87;0
34.87;1
34.9;1
34.89;0
34.86;0
34.83;0
34.83;1
34.84;1
34.86;1
34.81;0
34.84;1
34.83;0
34.83;1
34.82;0
34.77;0
34.79;1
34.83;1
34.84;1
34.83;0
34.81;0
34.81;1
34.8;0
34.81;1
34.83;1
34.86;1
34.89;1
34.89;1
34.88;0
34.88;1
34.86;0
34.92;1
34.92;1
34.93;1
34.91;0
34.91;1
34.91;1
34.91;1
34.92;1
34.92;1
34.91;0
34.92;1
34.95;1
34.91;0
34.97;1
34.97;1
35.01;1
35.0;0
35.0;1
34.95;0
34.91;0
34.94;1
34.95;1
34.94;0
34.94;1
34.95;1
34.94;0
34.95;1
34.97;1
34.98;1
34.98;1
34.97;0
34.99;1
34.99;1
34.98;0
34.96;0
34.9;0
34.9;1
34.94;1
34.92;0
34.97;1
34.99;1
34.99;1
34.98;0
35.02;1
35.02;1
35.01;0
35.02;1
35.06;1
35.07;1
35.07;1
35.05;0
35.04;0
35.08;1
35.04;0
35.04;1
35.04;1
35.01;0
35.0;0
35.01;1
35.04;1
35.04;1
35.06;1
35.04;0
35.02;0
35.01;0
35.01;1
35.02;1
35.03;1
35.02;0
35.02;1
35.03;1
35.01;0
35.03;1
35.02;0
35.01;0
35.0;0
35.0;1
35.01;1
35.06;1
35.11;1
35.13;1
35.13;1
35.1;0
35.08;0
35.1;1
35.13;1
35.16;1
35.15;0
35.14;0
35.1;0
35.11;1
35.06;0
35.01;0
34.98;0
35.0;1
34.99;0
34.98;0
34.92;0
34.88;0
34.94;1
34.96;1
34.96;1
35.01;1
35.05;1
35.03;0
35.0;0
35.0;1
35.0;1
35.02;1
35.05;1
35.01;0
35.0;0
34.99;0
35.01;1
35.03;1
35.07;1
35.07;1
35.08;1
35.12;1
35.12;1
35.14;1
35.15;1
35.16;1
35.15;0
35.22;1
35.22;1
35.26;1
35.27;1
35.24;0
35.25;1
35.25;1
35.28;1
35.21;0
35.2;0
35.21;1
35.23;1
35.25;1
35.25;1
35.26;1
35.27;1
35.23;0
35.23;1
35.26;1
35.29;1
35.28;0
35.29;1
35.27;0
35.24;0
35.27;1
35.24;0
35.29;1
35.3;1
35.24;0
35.22;0
35.24;1
35.27;1
35.26;0
35.23;0
35.26;1
35.3;1
35.3;1
35.31;1
35.32;1
35.34;1
35.37;1
35.32;0
35.31;0
35.28;0
35.26;0
35.25;0
35.19;0
35.12;0
35.2;1
35.1;0
35.08;0
35.04;0
35.08;1
35.07;0
35.1;1
35.2;1
35.26;1
35.23;0
35.2;0
35.21;1
35.24;1
35.22;0
35.23;1
35.16;0
35.07;0
35.09;1
35.14;1
35.13;0
35.15;1
35.14;0
35.05;0
35.03;0
35.05;1
35.02;0
35.09;1
35.17;1
35.15;0
35.14;0
35.19;1
35.22;1
35.19;0
35.08;0
35.11;1
35.1;0
35.14;1
35.07;0
35.15;1
35.01;0
34.99;0
35.05;1
35.18;1
35.25;1
35.3;1
35.26;0
35.35;1
35.36;1
35.37;1
35.35;0
35.35;1
35.42;1
35.42;1
35.38;0
35.38;1
35.45;1
35.49;1
35.46;0
35.42;0
35.44;1
35.48;1
35.46;0
35.42;0
35.28;0
35.65;1
35.68;1
35.6;0
35.62;1
35.68;1
35.66;0
35.68;1
35.68;1
35.66;0
35.66;1
35.64;0
35.67;1
35.67;1
35.67;1
35.66;0
35.65;0
35.65;1
35.68;1
35.7;1
35.69;0
35.69;1
35.72;1
35.66;0
35.69;1
35.71;1
35.7;0
35.7;1
35.7;1
35.72;1
35.71;0
35.75;1
35.76;1
35.77;1
35.73;0
35.8;1
35.81;1
35.8;0
35.81;1
35.8;0
35.79;0
35.74;0
35.8;1
35.79;0
35.8;1
35.8;1
35.8;1
35.8;1
35.8;1
35.79;0
35.77;0
35.79;1
35.78;0
35.78;1
35.74;0
35.73;0
35.74;1
35.77;1
35.77;1
35.79;1
35.77;0
35.76;0
35.74;0
35.76;1
35.76;1
35.74;0
35.72;0
35.68;0
35.69;1
35.68;0
35.71;1
35.71;1
35.71;1
35.7;0
35.68;0
35.66;0
35.64;0
35.6;0
35.59;0
35.58;0
35.58;1
35.59;1
35.62;1
35.58;0
35.59;1
35.59;1
35.59;1
35.54;0
35.58;1
35.62;1
35.6;0
35.66;1
35.68;1
35.68;1
35.7;1
35.69;0
35.69;1
35.69;1
35.69;1
35.72;1
35.69;0
35.69;1
35.71;1
35.72;1
35.71;0
35.74;1
35.7;0
35.7;1
35.67;0
35.76;1
35.77;1
35.75;0
35.73;0
35.77;1
35.76;0
35.76;1
35.76;1
35.76;1
35.71;0
35.75;1
35.8;1
35.79;0
35.82;1
35.82;1
35.81;0
35.82;1
35.78;0
35.82;1
35.83;1
35.82;0
35.82;1
35.81;0
35.81;1
35.81;1
35.81;1
35.81;1
35.81;1
35.81;1
35.78;0
35.78;1
35.77;0
35.8;1
35.81;1
35.83;1
35.81;0
35.82;1
35.81;0
35.81;1
35.78;0
35.78;1
35.77;0
35.78;1
35.78;1
35.78;1
35.79;1
35.81;1
35.8;0
35.78;0
35.77;0
35.78;1
35.78;1
35.75;0
35.73;0
35.76;1
35.77;1
35.8;1
35.76;0
35.73;0
35.74;1
35.75;1
35.79;1
35.74;0
35.72;0
35.74;1
35.79;1
35.8;1
35.82;1
35.8;0
35.82;1
35.8;0
35.76;0
35.76;1
35.75;0
35.81;1
35.79;0
35.8;1
35.79;0
35.77;0
35.77;1
35.77;1
35.74;0
35.77;1
35.8;1
35.79;0
35.78;0
35.77;0
35.8;1
35.79;0
35.81;1
35.79;0
35.8;1
35.79;0
35.82;1
35.83;1
35.82;0
35.82;1
35.8;0
35.8;1
35.78;0
35.76;0
35.76;1
35.75;0
35.76;1
35.69;0
35.71;1
35.73;1
35.7;0
35.71;1
35.72;1
35.72;1
35.7;0
35.7;1
35.66;0
35.65;0
35.64;0
35.65;1
35.67;1
35.65;0
35.65;1
35.63;0
35.62;0
35.62;1
35.62;1
35.62;1
35.64;1
35.61;0
35.56;0
35.63;1
35.6;0
35.6;1
35.6;1
35.62;1
35.61;0
35.59;0
35.54;0
35.55;1
35.53;0
35.55;1
35.58;1
35.56;0
35.61;1
35.62;1
35.62;1
35.62;1
35.56;0
35.55;0
35.58;1
35.54;0
35.56;1
35.51;0
35.53;1
35.51;0
35.46;0
35.44;0
35.42;0
35.4;0
35.4;1
35.39;0
35.4;1
35.35;0
35.31;0
35.25;0
35.32;1
35.31;0
35.32;1
35.3;0
35.29;0
35.28;0
35.26;0
35.23;0
35.22;0
35.22;1
35.25;1
35.23;0
35.22;0
35.22;1
35.22;1
35.24;1
35.28;1
35.28;1
35.26;0
35.24;0
35.29;1
35.33;1
35.37;1
35.36;0
35.29;0
35.29;1
35.29;1
35.29;1
35.33;1
35.34;1
35.39;1
35.39;1
35.3;0
35.31;1
35.35;1
35.37;1
35.42;1
35.41;0
35.37;0
35.34;0
35.3;0
35.31;1
35.39;1
35.38;0
35.4;1
35.3;0
35.32;1
35.31;0
35.29;0
35.36;1
35.36;1
35.36;1
35.37;1
35.36;0
35.38;1
35.3;0
35.33;1
35.33;1
35.24;0
35.25;1
35.26;1
35.21;0
35.18;0
35.23;1
35.18;0
35.19;1
35.14;0
35.16;1
35.16;1
35.07;0
34.99;0
35.07;1
35.1;1
35.08;0
35.03;0
35.05;1
35.01;0
35.01;1
35.04;1
35.12;1
35.12;1
35.14;1
35.1;0
35.1;1
35.13;1
35.12;0
35.13;1
35.1;0
35.1;1
35.12;1
35.18;1
35.19;1
35.17;0
35.14;0
35.11;0
35.14;1
35.16;1
35.13;0
35.11;0
35.06;0
35.02;0
35.07;1
35.05;0
35.03;0
35.0;0
35.06;1
35.02;0
35.14;1
35.17;1
35.23;1
35.25;1
35.25;1
35.26;1
35.24;0
35.03;0
34.9;0
34.84;0
34.9;1
34.8;0
34.79;0
34.78;0
34.8;1
34.85;1
34.84;0
34.88;1
34.96;1
35.04;1
35.04;1
35.06;1
35.07;1
35.11;1
35.0;0
34.87;0
34.83;0
34.75;0
34.66;0
34.74;1
34.77;1
34.2;0
34.31;1
34.23;0
34.24;1
34.22;0
34.23;1
34.23;1
34.23;1
34.22;0
34.22;1
34.2;0
34.2;1
34.16;0
34.14;0
34.15;1
34.13;0
34.13;1
34.16;1
34.13;0
34.16;1
34.13;0
34.13;1
34.14;1
34.13;0
34.17;1
34.15;0
34.09;0
34.11;1
34.15;1
34.17;1
34.15;0
34.15;1
34.15;1
34.15;1
34.13;0
34.13;1
34.12;0
34.12;1
34.12;1
34.13;1
34.13;1
34.17;1
34.18;1
34.16;0
34.14;0
34.13;0
34.16;1
34.16;1
34.16;1
34.13;0
34.16;1
34.11;0
34.11;1
34.1;0
34.09;0
34.14;1
34.15;1
34.13;0
34.12;0
34.12;1
34.13;1
34.13;1
34.16;1
34.14;0
34.17;1
34.17;1
34.19;1
34.19;1
34.2;1
34.2;1
34.18;0
34.2;1
34.19;0
34.16;0
34.19;1
34.23;1
34.23;1
34.26;1
34.22;0
34.23;1
34.31;1
34.27;0
34.27;1
34.28;1
34.29;1
34.31;1
34.3;0
34.3;1
34.3;1
34.28;0
34.26;0
34.25;0
34.23;0
34.27;1
34.29;1
34.29;1
34.32;1
34.24;0
34.27;1
34.3;1
34.31;1
34.3;0
34.28;0
34.32;1
34.32;1
34.3;0
34.29;0
34.26;0
34.27;1
34.25;0
34.28;1
34.29;1
34.29;1
34.28;0
34.28;1
34.31;1
34.28;0
34.3;1
34.35;1
34.37;1
34.34;0
34.33;0
34.34;1
34.31;0
34.33;1
34.31;0
34.33;1
34.33;1
34.36;1
34.35;0
34.38;1
34.37;0
34.37;1
34.38;1
34.36;0
34.36;1
34.32;0
34.31;0
34.27;0
34.28;1
34.27;0
34.29;1
34.31;1
34.32;1
34.27;0
34.27;1
34.26;0
34.28;1
34.27;0
34.25;0
34.25;1
34.26;1
34.23;0
34.26;1
34.21;0
34.22;1
34.23;1
34.23;1
34.24;1
34.17;0
34.19;1
34.17;0
34.23;1
34.22;0
34.24;1
34.22;0
34.22;1
34.2;0
34.21;1
34.21;1
34.19;0
34.21;1
34.24;1
34.22;0
34.21;0
34.19;0
34.22;1
34.18;0
34.16;0
34.16;1
34.19;1
34.17;0
34.23;1
34.23;1
34.17;0
34.19;1
34.22;1
34.22;1
34.21;0
34.18;0
34.15;0
34.14;0
34.18;1
34.15;0
34.15;1
34.15;1
34.13;0
34.19;1
34.16;0
34.14;0
34.16;1
34.12;0
34.12;1
34.18;1
34.17;0
34.18;1
34.16;0
34.08;0
34.08;1
34.04;0
34.0;0
33.98;0
34.03;1
34.02;0
33.96;0
33.98;1
33.97;0
33.98;1
33.97;0
33.96;0
33.96;1
33.98;1
33.97;0
33.92;0
33.95;1
33.96;1
33.95;0
33.92;0
33.94;1
33.94;1
33.98;1
33.99;1
33.92;0
33.9;0
33.94;1
33.94;1
33.95;1
33.96;1
33.95;0
33.95;1
33.98;1
33.95;0
33.94;0
33.89;0
33.87;0
33.9;1
33.88;0
33.87;0
33.85;0
33.86;1
33.84;0
33.75;0
33.8;1
33.82;1
33.81;0
33.82;1
33.79;0
33.79;1
33.78;0
33.81;1
33.8;0
33.78;0
33.8;1
33.79;0
33.81;1
33.81;1
33.75;0
33.74;0
33.67;0
33.67;1
33.7;1
33.65;0
33.67;1
33.75;1
33.76;1
33.77;1
33.76;0
33.76;1
33.78;1
33.73;0
33.77;1
33.8;1
33.79;0
33.74;0
33.67;0
33.72;1
33.73;1
33.73;1
33.71;0
33.73;1
33.71;0
33.7;0
33.71;1
33.69;0
33.67;0
33.62;0
33.6;0
33.57;0
33.57;1
33.6;1
33.67;1
33.64;0
33.64;1
33.63;0
33.58;0
33.57;0
33.55;0
33.57;1
33.6;1
33.55;0
33.6;1
33.55;0
33.55;1
33.53;0
33.53;1
33.51;0
33.47;0
33.48;1
33.54;1
33.58;1
33.59;1
33.59;1
33.61;1
33.57;0
33.48;0
33.54;1
33.56;1
33.53;0
33.52;0
33.55;1
33.55;1
33.56;1
33.58;1
33.62;1
33.63;1
33.65;1
33.59;0
33.63;1
33.65;1
33.63;0
33.63;1
33.61;0
33.67;1
33.66;0
33.68;1
33.66;0
33.65;0
33.68;1
33.65;0
33.65;1
33.69;1
33.72;1
33.69;0
33.8;1
33.79;0
33.81;1
33.75;0
33.75;1
33.76;1
33.74;0
33.79;1
33.83;1
33.73;0
33.64;0
33.62;0
33.62;1
33.64;1
33.68;1
33.73;1
33.75;1
33.72;0
33.67;0
33.75;1
33.75;1
33.75;1
33.75;1
33.81;1
33.79;0
33.79;1
33.85;1
33.81;0
33.88;1
33.89;1
33.88;0
33.92;1
33.98;1
34.05;1
34.09;1
34.1;1
34.13;1
34.14;1
34.16;1
34.13;0
34.13;1
34.08;0
34.04;0
34.04;1
34.07;1
34.05;0
34.1;1
34.09;0
34.11;1
34.11;1
34.14;1
34.17;1
34.15;0
34.13;0
34.15;1
34.12;0
34.12;1
34.14;1
34.12;0
34.0;0
34.17;1
34.22;1
34.2;0
34.19;0
34.18;0
34.19;1
34.18;0
34.15;0
34.13;0
34.21;1
34.23;1
34.22;0
34.21;0
34.19;0
34.18;0
34.16;0
34.14;0
34.15;1
34.14;0
34.15;1
34.12;0
34.12;1
34.12;1
34.13;1
34.11;0
34.13;1
34.11;0
34.12;1
34.08;0
34.1;1
34.14;1
34.1;0
34.11;1
34.09;0
34.08;0
34.07;0
34.08;1
34.07;0
34.08;1
34.06;0
34.09;1
34.08;0
34.08;1
34.08;1
34.08;1
34.09;1
34.08;0
34.08;1
34.08;1
34.05;0
34.09;1
34.08;0
34.1;1
34.06;0
34.09;1
34.08;0
34.08;1
34.09;1
34.05;0
34.05;1
34.08;1
34.08;1
34.08;1
34.07;0
34.06;0
34.1;1
34.09;0
34.09;1
34.07;0
34.07;1
34.07;1
34.05;0
34.08;1
34.09;1
34.1;1
34.14;1
34.15;1
34.14;0
34.13;0
34.13;1
34.13;1
34.13;1
34.12;0
34.11;0
34.1;0
34.09;0
34.08;0
34.08;1
34.08;1
34.1;1
34.09;0
34.07;0
34.07;1
34.07;1
34.05;0
34.1;1
34.11;1
34.11;1
34.1;0
34.1;1
34.1;1
34.09;0
34.07;0
34.06;0
34.07;1
34.1;1
34.12;1
34.07;0
34.07;1
34.07;1
34.08;1
34.09;1
34.09;1
34.1;1
34.1;1
34.1;1
34.09;0
34.07;0
34.09;1
34.09;1
34.09;1
34.08;0
34.07;0
34.06;0
34.03;0
34.1;1
34.11;1
34.11;1
34.13;1
34.13;1
34.16;1
34.16;1
34.17;1
34.17;1
34.17;1
34.17;1
34.17;1
34.18;1
34.19;1
34.19;1
34.17;0
34.15;0
34.14;0
34.14;1
34.14;1
34.15;1
34.15;1
34.13;0
34.13;1
34.15;1
34.17;1
34.16;0
34.16;1
34.15;0
34.14;0
34.15;1
34.16;1
34.15;0
34.15;1
34.19;1
34.17;0
34.16;0
34.16;1
34.19;1
34.16;0
34.19;1
34.21;1
34.19;0
34.17;0
34.18;1
34.21;1
34.19;0
34.22;1
34.18;0
34.17;0
34.14;0
34.13;0
34.13;1
34.12;0
34.11;0
34.11;1
34.11;1
34.12;1
34.11;0
34.11;1
34.13;1
34.15;1
34.14;0
34.13;0
34.13;1
34.12;0
34.12;1
34.12;1
34.11;0
34.11;1
34.12;1
34.13;1
34.09;0
34.08;0
34.09;1
34.12;1
34.11;0
34.11;1
34.12;1
34.11;0
34.1;0
34.11;1
34.08;0
34.07;0
34.08;1
34.06;0
34.07;1
34.07;1
34.09;1
34.08;0
34.08;1
34.08;1
34.09;1
34.08;0
34.07;0
34.06;0
34.06;1
34.06;1
34.05;0
34.03;0
34.03;1
34.02;0
34.06;1
34.05;0
34.04;0
34.04;1
34.03;0
34.02;0
34.03;1
34.02;0
34.02;1
34.03;1
34.05;1
34.06;1
34.05;0
34.05;1
34.05;1
34.07;1
34.05;0
34.02;0
34.02;1
34.02;1
34.0;0
34.01;1
34.02;1
33.98;0
33.97;0
33.95;0
33.96;1
33.97;1
33.97;1
33.94;0
33.95;1
33.95;1
33.96;1
33.95;0
33.96;1
33.92;0
33.93;1
33.9;0
33.95;1
33.95;1
33.95;1
33.92;0
33.99;1
33.95;0
33.88;0
33.92;1
33.95;1
33.98;1
34.02;1
33.95;0
33.95;1
33.95;1
33.95;1
34.0;1
34.02;1
34.0;0
34.0;1
34.0;1
34.01;1
34.01;1
34.01;1
33.95;0
33.95;1
33.96;1
33.97;1
33.98;1
33.99;1
33.98;0
33.97;0
33.96;0
33.96;1
33.96;1
33.96;1
33.96;1
33.97;1
34.01;1
34.0;0
33.99;0
34.06;1
34.07;1
34.0;0
34.03;1
33.96;0
33.92;0
33.87;0
33.85;0
33.85;1
33.81;0
33.78;0
33.76;0
33.75;0
33.75;1
33.76;1
33.75;0
33.7;0
33.74;1
33.71;0
33.71;1
33.67;0
33.68;1
33.69;1
33.7;1
33.71;1
33.64;0
33.64;1
33.64;1
33.63;0
33.63;1
33.59;0
33.58;0
33.57;0
33.63;1
33.64;1
33.59;0
33.59;1
33.59;1
33.58;0
33.59;1
33.6;1
33.63;1
33.59;0
33.56;0
33.57;1
33.58;1
33.57;0
33.56;0
33.57;1
33.56;0
33.53;0
33.54;1
33.53;0
33.53;1
33.54;1
33.57;1
33.56;0
33.58;1
33.57;0
33.56;0
33.54;0
33.54;1
33.54;1
33.51;0
33.55;1
33.55;1
33.54;0
33.49;0
33.48;0
33.48;1
33.47;0
33.46;0
33.47;1
33.48;1
33.48;1
33.51;1
33.48;0
33.52;1
33.47;0
33.46;0
33.47;1
33.47;1
33.47;1
33.47;1
33.48;1
33.43;0
33.43;1
33.4;0
33.46;1
33.46;1
33.45;0
33.42;0
33.41;0
33.43;1
33.46;1
33.52;1
33.52;1
33.54;1
33.5;0
33.45;0
33.42;0
33.37;0
33.32;0
33.49;1
33.39;0
33.43;1
33.44;1
33.43;0
33.43;1
33.41;0
33.43;1
33.43;1
33.43;1
33.38;0
33.42;1
33.4;0
33.45;1
33.46;1
33.46;1
33.46;1
33.45;0
33.46;1
33.45;0
33.37;0
33.38;1
33.36;0
33.39;1
33.39;1
33.4;1
33.38;0
33.38;1
33.39;1
33.39;1
33.42;1
33.41;0
33.4;0
33.44;1
33.4;0
33.41;1
33.43;1
33.44;1
33.45;1
33.45;1
33.44;0
33.44;1
33.44;1
33.42;0
33.36;0
33.36;1
33.38;1
33.38;1
33.4;1
33.38;0
33.38;1
33.42;1
33.42;1
33.41;0
33.4;0
33.42;1
33.43;1
33.41;0
33.41;1
33.42;1
33.4;0
33.42;1
33.42;1
33.41;0
33.42;1
33.41;0
33.43;1
33.41;0
33.41;1
33.41;1
33.41;1
33.42;1
33.44;1
33.44;1
33.44;1
33.41;0
33.41;1
33.41;1
33.39;0
33.38;0
33.37;0
33.38;1
33.38;1
33.37;0
33.35;0
33.35;1
33.34;0
33.33;0
33.35;1
33.35;1
33.34;0
33.33;0
33.32;0
33.3;0
33.27;0
33.28;1
33.3;1
33.32;1
33.3;0
33.28;0
33.32;1
33.28;0
33.28;1
33.32;1
33.32;1
33.34;1
33.34;1
33.35;1
33.34;0
33.34;1
33.38;1
33.38;1
33.36;0
33.39;1
33.36;0
33.37;1
33.35;0
33.38;1
33.37;0
33.37;1
33.35;0
33.34;0
33.34;1
33.36;1
33.36;1
33.3;0
33.31;1
33.31;1
33.33;1
33.3;0
33.3;1
33.3;1
33.3;1
33.26;0
33.29;1
33.3;1
33.28;0
33.29;1
33.3;1
33.3;1
33.3;1
33.32;1
33.31;0
33.34;1
33.36;1
33.34;0
33.35;1
33.33;0
33.32;0
33.34;1
33.32;0
33.33;1
33.33;1
33.32;0
33.3;0
33.3;1
33.28;0
33.29;1
33.32;1
33.31;0
33.31;1
33.32;1
33.32;1
33.34;1
33.32;0
33.31;0
33.34;1
33.35;1
33.36;1
33.34;0
33.38;1
33.38;1
33.38;1
33.38;1
33.41;1
33.4;0
33.39;0
33.4;1
33.38;0
33.37;0
33.37;1
33.4;1
33.41;1
33.41;1
33.38;0
33.38;1
33.39;1
33.36;0
33.37;1
33.35;0
33.37;1
33.36;0
33.35;0
33.36;1
33.36;1
33.35;0
33.35;1
33.35;1
33.36;1
33.37;1
33.36;0
33.35;0
33.35;1
33.35;1
33.35;1
33.36;1
33.39;1
33.38;0
33.37;0
33.38;1
33.39;1
33.36;0
33.38;1
33.38;1
33.37;0
33.38;1
33.39;1
33.39;1
33.36;0
33.38;1
33.37;0
33.38;1
33.38;1
33.35;0
33.36;1
33.36;1
33.38;1
33.37;0
33.37;1
33.37;1
33.38;1
33.36;0
33.34;0
33.39;1
33.37;0
33.38;1
33.37;0
33.34;0
33.34;1
33.36;1
33.33;0
33.31;0
33.31;1
33.32;1
33.32;1
33.37;1
33.36;0
33.37;1
33.39;1
33.33;0
33.37;1
33.34;0
33.33;0
33.35;1
33.39;1
33.38;0
33.44;1
33.46;1
33.47;1
33.44;0
33.47;1
33.43;0
33.39;0
33.43;1
33.41;0
33.37;0
33.3;0
33.34;1
33.34;1
33.33;0
33.31;0
33.3;0
33.32;1
33.3;0
33.32;1
33.34;1
33.33;0
33.35;1
33.33;0
33.31;0
33.31;1
33.37;1
33.44;1
33.44;1
33.44;1
33.4;0
33.41;1
33.39;0
33.37;0
33.38;1
33.41;1
33.42;1
33.35;0
33.31;0
33.34;1
33.34;1
33.34;1
33.34;1
33.38;1
33.38;1
33.34;0
33.32;0
33.32;1
33.31;0
33.31;1
33.34;1
33.3;0
33.32;1
33.32;1
33.32;1
33.34;1
33.32;0
33.26;0
33.29;1
33.3;1
33.37;1
33.44;1
33.45;1
33.44;0
33.43;0
33.39;0
33.39;1
33.38;0
33.39;1
33.37;0
33.31;0
33.31;1
33.34;1
33.36;1
33.37;1
33.31;0
33.32;1
33.37;1
33.4;1
33.47;1
33.37;0
33.43;1
33.5;1
33.5;1
33.52;1
33.52;1
33.52;1
33.48;0
33.56;1
33.58;1
33.57;0
33.57;1
33.63;1
33.6;0
33.5;0
33.47;0
33.44;0
33.44;1
33.4;0
33.38;0
33.38;1
33.37;0
33.4;1
33.38;0
33.33;0
33.31;0
33.27;0
33.26;0
33.26;1
33.25;0
33.26;1
33.32;1
33.27;0
33.31;1
33.33;1
33.34;1
33.37;1
33.32;0
33.33;1
33.32;0
33.27;0
33.35;1
33.27;0
33.2;0
33.19;0
33.17;0
33.25;1
33.25;1
33.31;1
33.3;0
33.31;1
33.36;1
33.35;0
33.37;1
33.33;0
33.34;1
33.18;0
33.14;0
33.16;1
33.08;0
33.08;1
33.1;1
33.07;0
33.02;0
33.02;1
33.05;1
33.02;0
33.08;1
33.0;0
33.0;1
33.04;1
33.07;1
33.12;1
33.29;1
33.19;0
33.15;0
33.1;0
33.13;1
33.12;0
33.09;0
33.08;0
33.1;1
33.1;1
33.14;1
33.13;0
33.16;1
33.16;1
33.18;1
33.14;0
33.14;1
33.14;1
33.14;1
33.16;1
33.17;1
33.16;0
33.15;0
33.19;1
33.19;1
33.21;1
33.24;1
33.23;0
33.25;1
33.26;1
33.26;1
33.3;1
33.32;1
33.33;1
33.31;0
33.3;0
33.31;1
33.31;1
33.29;0
33.29;1
33.31;1
33.32;1
33.3;0
33.27;0
33.28;1
33.3;1
33.3;1
33.26;0
33.26;1
33.26;1
33.32;1
33.28;0
33.3;1
33.26;0
33.25;0
33.26;1
33.27;1
33.3;1
33.31;1
33.31;1
33.3;0
33.31;1
33.29;0
33.29;1
33.32;1
33.31;0
33.3;0
33.27;0
33.23;0
33.27;1
33.24;0
33.26;1
33.3;1
33.27;0
33.35;1
33.34;0
33.35;1
33.32;0
33.35;1
33.31;0
33.37;1
33.42;1
33.42;1
33.37;0
33.37;1
33.32;0
33.33;1
33.34;1
33.33;0
33.33;1
33.3;0
33.27;0
33.29;1
33.25;0
33.25;1
33.24;0
33.23;0
33.23;1
33.19;0
33.2;1
33.2;1
33.23;1
33.22;0
33.23;1
33.21;0
33.21;1
33.21;1
33.21;1
33.22;1
33.23;1
33.24;1
33.23;0
33.2;0
33.15;0
33.14;0
33.17;1
33.17;1
33.2;1
33.21;1
33.2;0
33.19;0
33.18;0
33.19;1
33.19;1
33.18;0
33.19;1
33.19;1
33.17;0
33.18;1
33.13;0
33.1;0
33.14;1
33.15;1
33.18;1
33.19;1
33.23;1
33.29;1
33.27;0
33.27;1
33.29;1
33.36;1
33.34;0
33.37;1
33.33;0
33.34;1
33.33;0
33.28;0
33.28;1
33.26;0
33.3;1
33.3;1
33.36;1
33.38;1
33.37;0
33.33;0
33.32;0
33.29;0
33.35;1
33.35;1
33.3;0
33.28;0
33.28;1
33.3;1
33.32;1
33.26;0
33.22;0
33.15;0
33.27;1
33.18;0
33.23;1
33.26;1
33.18;0
33.2;1
33.23;1
33.24;1
33.23;0
33.32;1
33.33;1
33.31;0
33.25;0
33.23;0
33.21;0
33.26;1
33.23;0
33.23;1
33.27;1
33.3;1
33.29;0
33.28;0
33.3;1
33.41;1
33.44;1
33.45;1
33.4;0
33.43;1
33.43;1
33.49;1
33.52;1
33.57;1
33.59;1
33.62;1
33.61;0
33.61;1
33.67;1
33.64;0
33.7;1
33.73;1
33.73;1
33.7;0
33.66;0
33.56;0
33.46;0
33.52;1
33.56;1
33.59;1
33.64;1
33.68;1
33.7;1
33.74;1
33.73;0
33.72;0
33.71;0
33.73;1
33.79;1
33.81;1
33.81;1
33.96;1
34.02;1
34.02;1
34.04;1
34.04;1
34.05;1
34.01;0
34.02;1
34.03;1
34.01;0
34.0;0
33.97;0
34.0;1
33.98;0
34.01;1
34.03;1
34.01;0
34.02;1
34.03;1
34.02;0
34.05;1
34.05;1
34.1;1
34.14;1
34.17;1
34.18;1
34.12;0
34.16;1
34.16;1
34.13;0
34.12;0
34.06;0
34.14;1
34.16;1
34.18;1
34.19;1
34.12;0
34.17;1
34.18;1
34.24;1
34.26;1
34.28;1
34.22;0
34.23;1
34.22;0
34.27;1
34.27;1
34.28;1
34.27;0
34.3;1
34.25;0
34.29;1
34.25;0
34.21;0
34.18;0
34.18;1
34.05;0
34.07;1
33.98;0
33.86;0
33.73;0
34.04;1
34.18;1
34.18;1
34.19;1
34.24;1
34.27;1
34.25;0
34.27;1
34.28;1
34.26;0
34.31;1
34.32;1
34.33;1
34.31;0
34.29;0
34.27;0
34.29;1
34.27;0
34.33;1
34.26;0
34.25;0
34.27;1
34.3;1
34.3;1
34.28;0
34.24;0
34.27;1
34.28;1
34.27;0
34.27;1
34.28;1
34.28;1
34.3;1
34.3;1
34.3;1
34.33;1
34.24;0
34.26;1
34.26;1
34.25;0
34.25;1
34.27;1
34.31;1
34.31;1
34.32;1
34.32;1
34.34;1
34.33;0
34.33;1
34.37;1
34.36;0
34.37;1
34.36;0
34.33;0
34.35;1
34.34;0
34.3;0
34.33;1
34.27;0
34.25;0
34.23;0
34.23;1
34.19;0
34.16;0
34.16;1
34.17;1
34.16;0
34.15;0
34.12;0
34.13;1
34.11;0
34.14;1
34.13;0
34.17;1
34.12;0
34.13;1
34.17;1
34.14;0
34.12;0
34.2;1
34.17;0
34.16;0
34.15;0
34.15;1
34.17;1
34.19;1
34.18;0
34.13;0
34.17;1
34.22;1
34.25;1
34.27;1
34.34;1
34.34;1
34.3;0
34.36;1
34.33;0
34.33;1
34.26;0
34.27;1
34.22;0
34.21;0
34.17;0
34.17;1
34.09;0
34.06;0
34.05;0
34.07;1
34.1;1
34.03;0
34.02;0
33.96;0
33.91;0
33.88;0
33.88;1
33.86;0
33.87;1
33.88;1
33.89;1
33.81;0
33.86;1
33.89;1
33.95;1
33.97;1
34.04;1
33.92;0
33.78;0
33.6;0
33.69;1
33.44;0
33.48;1
33.45;0
33.45;1
33.43;0
33.5;1
33.48;0
33.5;1
33.54;1
33.55;1
33.54;0
33.55;1
33.55;1
33.6;1
33.58;0
33.57;0
33.59;1
33.57;0
33.56;0
33.57;1
33.55;0
33.57;1
33.57;1
33.49;0
33.51;1
33.57;1
33.57;1
33.55;0
33.49;0
33.42;0
33.43;1
33.41;0
33.41;1
33.39;0
33.38;0
33.37;0
33.36;0
33.35;0
33.35;1
33.37;1
33.38;1
33.36;0
33.36;1
33.37;1
33.38;1
33.39;1
33.43;1
33.37;0
33.36;0
33.34;0
33.34;1
33.33;0
33.34;1
33.35;1
33.32;0
33.31;0
33.34;1
33.35;1
33.33;0
33.32;0
33.34;1
33.32;0
33.34;1
33.34;1
33.35;1
33.33;0
33.32;0
33.31;0
33.31;1
33.31;1
33.3;0
33.26;0
33.27;1
33.23;0
33.21;0
33.25;1
33.25;1
33.25;1
33.22;0
33.18;0
33.2;1
33.19;0
33.19;1
33.22;1
33.21;0
33.17;0
33.23;1
33.21;0
33.22;1
33.2;0
33.19;0
33.18;0
33.24;1
33.24;1
33.26;1
33.25;0
33.31;1
33.33;1
33.35;1
33.37;1
33.39;1
33.39;1
33.36;0
33.37;1
33.3;0
33.25;0
33.3;1
33.34;1
33.36;1
33.37;1
33.35;0
33.32;0
33.31;0
33.33;1
33.37;1
33.39;1
33.38;0
33.39;1
33.42;1
33.45;1
33.43;0
33.39;0
33.39;1
33.42;1
33.44;1
33.44;1
33.46;1
33.49;1
33.5;1
33.53;1
33.56;1
33.57;1
33.55;0
33.55;1
33.54;0
33.53;0
33.52;0
33.52;1
33.52;1
33.51;0
33.52;1
33.51;0
33.5;0
33.47;0
33.46;0
33.47;1
33.42;0
33.46;1
33.52;1
33.54;1
33.54;1
33.51;0
33.56;1
33.56;1
33.56;1
33.54;0
33.54;1
33.55;1
33.52;0
33.57;1
33.58;1
33.57;0
33.6;1
33.59;0
33.57;0
33.57;1
33.58;1
33.6;1
33.55;0
33.58;1
33.55;0
33.55;1
33.54;0
33.51;0
33.49;0
33.48;0
33.48;1
33.47;0
33.45;0
33.48;1
33.48;1
33.46;0
33.46;1
33.45;0
33.46;1
33.46;1
33.47;1
33.47;1
33.4;0
33.41;1
33.43;1
33.4;0
33.38;0
33.39;1
33.39;1
33.39;1
33.4;1
33.4;1
33.39;0
33.4;1
33.4;1
33.41;1
33.4;0
33.43;1
33.43;1
33.44;1
33.45;1
33.36;0
33.38;1
33.38;1
33.43;1
33.44;1
33.45;1
33.4;0
33.39;0
33.35;0
33.34;0
33.35;1
33.32;0
33.32;1
33.32;1
33.33;1
33.32;0
33.31;0
33.29;0
33.3;1
33.29;0
33.26;0
33.26;1
33.26;1
33.3;1
33.32;1
33.32;1
33.34;1
33.35;1
33.38;1
33.36;0
33.41;1
33.42;1
33.43;1
33.42;0
33.43;1
33.4;0
33.38;0
33.37;0
33.36;0
33.35;0
33.37;1
33.37;1
33.33;0
33.36;1
33.29;0
33.29;1
33.29;1
33.3;1
33.33;1
33.36;1
33.32;0
33.33;1
33.34;1
33.29;0
33.31;1
33.31;1
33.34;1
33.4;1
33.36;0
33.4;1
33.44;1
33.47;1
33.43;0
33.44;1
33.45;1
33.47;1
33.4;0
33.42;1
33.44;1
33.44;1
33.42;0
33.42;1
33.41;0
33.43;1
33.47;1
33.46;0
33.43;0
33.43;1
33.43;1
33.41;0
33.37;0
33.38;1
33.4;1
33.44;1
33.44;1
33.43;0
33.39;0
33.36;0
33.33;0
33.34;1
33.33;0
33.33;1
33.33;1
33.32;0
33.32;1
33.25;0
33.28;1
33.33;1
33.35;1
33.34;0
33.32;0
33.29;0
33.25;0
33.26;1
33.24;0
33.23;0
33.19;0
33.16;0
33.11;0
33.13;1
33.12;0
33.19;1
33.22;1
33.22;1
33.2;0
33.25;1
33.21;0
33.21;1
33.24;1
33.23;0
33.28;1
33.27;0
33.34;1
33.28;0
33.27;0
33.27;1
33.25;0
33.23;0
33.27;1
33.24;0
33.25;1
33.24;0
33.25;1
33.27;1
33.28;1
33.25;0
33.25;1
33.26;1
33.24;0
33.24;1
33.21;0
33.17;0
33.12;0
33.09;0
33.13;1
33.05;0
33.15;1
33.15;1
33.18;1
33.18;1
33.18;1
33.19;1
33.17;0
33.17;1
33.17;1
33.2;1
33.13;0
33.05;0
33.14;1
33.16;1
33.17;1
33.13;0
33.04;0
33.07;1
32.94;0
32.93;0
32.85;0
32.83;0
32.79;0
32.79;1
32.73;0
32.72;0
32.68;0
32.69;1
32.62;0
32.62;1
32.56;0
32.54;0
32.58;1
32.63;1
32.59;0
32.58;0
32.62;1
32.67;1
32.65;0
32.63;0
32.57;0
32.58;1
32.61;1
32.64;1
32.69;1
32.56;0
32.6;1
32.68;1
32.65;0
32.62;0
32.52;0
32.46;0
32.52;1
32.53;1
32.55;1
32.45;0
32.54;1
32.42;0
32.34;0
32.3;0
32.27;0
32.28;1
32.29;1
32.29;1
32.31;1
32.32;1
32.3;0
32.3;1
32.27;0
32.3;1
32.29;0
32.3;1
32.31;1
32.32;1
32.31;0
32.33;1
32.31;0
32.33;1
32.32;0
32.31;0
32.3;0
32.3;1
32.29;0
32.28;0
32.24;0
32.23;0
32.25;1
32.25;1
32.24;0
32.25;1
32.22;0
32.23;1
32.21;0
32.21;1
32.19;0
32.19;1
32.19;1
32.2;1
32.18;0
32.19;1
32.2;1
32.18;0
32.18;1
32.18;1
32.2;1
32.18;0
32.21;1
32.23;1
32.23;1
32.23;1
32.21;0
32.21;1
32.22;1
32.2;0
32.19;0
32.19;1
32.22;1
32.2;0
32.18;0
32.2;1
32.19;0
32.18;0
32.19;1
32.2;1
32.18;0
32.18;1
32.16;0
32.16;1
32.14;0
32.16;1
32.17;1
32.18;1
32.17;0
32.2;1
32.21;1
32.17;0
32.17;1
32.15;0
32.17;1
32.2;1
32.18;0
32.22;1
32.22;1
32.21;0
32.22;1
32.24;1
32.25;1
32.25;1
32.25;1
32.25;1
32.27;1
32.29;1
32.29;1
32.29;1
32.26;0
32.24;0
32.24;1
32.22;0
32.23;1
32.23;1
32.24;1
32.25;1
32.22;0
32.22;1
32.22;1
32.21;0
32.25;1
32.28;1
32.22;0
32.21;0
32.18;0
32.19;1
32.21;1
32.13;0
32.08;0
32.08;1
32.07;0
32.09;1
32.12;1
32.11;0
32.12;1
32.14;1
32.12;0
32.12;1
32.1;0
32.11;1
32.13;1
32.12;0
32.11;0
32.13;1
32.13;1
32.12;0
32.11;0
32.13;1
32.13;1
32.11;0
32.13;1
32.12;0
32.14;1
32.15;1
32.14;0
32.15;1
32.15;1
32.19;1
32.2;1
32.2;1
32.19;0
32.18;0
32.18;1
32.18;1
32.18;1
32.17;0
32.17;1
32.19;1
32.2;1
32.19;0
32.19;1
32.17;0
32.17;1
32.18;1
32.17;0
32.18;1
32.19;1
32.21;1
32.21;1
32.23;1
32.23;1
32.24;1
32.24;1
32.21;0
32.22;1
32.2;0
32.19;0
32.18;0
32.21;1
32.23;1
32.23;1
32.21;0
32.22;1
32.22;1
32.29;1
32.26;0
32.24;0
32.24;1
32.24;1
32.23;0
32.22;0
32.2;0
32.19;0
32.23;1
32.21;0
32.21;1
32.19;0
32.17;0
32.16;0
32.16;1
32.18;1
32.19;1
32.2;1
32.2;1
32.2;1
32.23;1
32.25;1
32.28;1
32.28;1
32.31;1
32.28;0
32.3;1
32.31;1
32.31;1
32.3;0
32.32;1
32.3;0
32.28;0
32.27;0
32.25;0
32.24;0
32.2;0
32.15;0
32.14;0
32.12;0
32.15;1
32.18;1
32.18;1
32.21;1
32.22;1
32.25;1
32.25;1
32.23;0
32.22;0
32.2;0
32.16;0
32.18;1
32.16;0
32.15;0
32.16;1
32.18;1
32.16;0
32.16;1
32.17;1
32.17;1
32.15;0
32.12;0
32.08;0
32.09;1
32.08;0
32.09;1
32.09;1
32.09;1
32.1;1
32.11;1
32.08;0
32.08;1
32.08;1
32.08;1
32.06;0
32.14;1
32.18;1
32.19;1
32.22;1
32.19;0
32.2;1
32.23;1
32.24;1
32.26;1
32.25;0
32.22;0
32.19;0
32.2;1
32.18;0
32.21;1
32.22;1
32.21;0
32.17;0
32.18;1
32.17;0
32.16;0
32.16;1
32.21;1
32.17;0
32.19;1
32.16;0
32.14;0
32.13;0
32.07;0
32.09;1
32.14;1
32.13;0
32.14;1
32.17;1
32.23;1
32.21;0
32.23;1
32.29;1
32.31;1
32.31;1
32.36;1
32.35;0
32.3;0
32.28;0
32.29;1
32.29;1
32.31;1
32.37;1
32.34;0
32.34;1
32.34;1
32.35;1
32.34;0
32.31;0
32.3;0
32.3;1
32.31;1
32.35;1
32.33;0
32.33;1
32.33;1
32.35;1
32.35;1
32.34;0
32.34;1
32.38;1
32.36;0
32.37;1
32.38;1
32.42;1
32.43;1
32.42;0
32.46;1
32.45;0
32.41;0
32.42;1
32.36;0
32.36;1
32.39;1
32.36;0
32.39;1
32.36;0
32.42;1
32.45;1
32.4;0
32.43;1
32.47;1
32.45;0
32.5;1
32.5;1
32.44;0
32.44;1
32.49;1
32.44;0
32.43;0
32.5;1
32.54;1
32.48;0
32.42;0
32.41;0
32.47;1
32.51;1
32.5;0
32.5;1
32.48;0
32.43;0
32.43;1
32.42;0
32.39;0
32.43;1
32.5;1
32.55;1
32.6;1
32.64;1
32.61;0
32.57;0
32.53;0
32.52;0
32.57;1
32.51;0
32.54;1
32.51;0
32.47;0
32.5;1
32.45;0
32.36;0
32.31;0
32.24;0
32.26;1
32.23;0
32.25;1
32.28;1
32.27;0
32.23;0
32.2;0
32.19;0
32.17;0
32.14;0
32.11;0
32.12;1
32.17;1
32.19;1
32.16;0
32.06;0
32.01;0
32.16;1
32.22;1
32.3;1
32.46;1
32.48;1
32.53;1
32.45;0
32.39;0
32.37;0
32.35;0
32.35;1
32.37;1
32.36;0
32.36;1
32.39;1
32.38;0
32.39;1
32.42;1
32.41;0
32.39;0
32.39;1
32.38;0
32.36;0
32.38;1
32.36;0
32.34;0
32.35;1
32.35;1
32.33;0
32.3;0
32.27;0
32.27;1
32.27;1
32.26;0
32.26;1
32.28;1
32.25;0
32.22;0
32.24;1
32.23;0
32.21;0
32.22;1
32.2;0
32.22;1
32.21;0
32.23;1
32.25;1
32.22;0
32.27;1
32.25;0
32.25;1
32.23;0
32.21;0
32.22;1
32.2;0
32.2;1
32.21;1
32.21;1
32.2;0
32.2;1
32.2;1
32.18;0
32.18;1
32.21;1
32.18;0
32.2;1
32.21;1
32.21;1
32.2;0
32.2;1
32.2;1
32.19;0
32.2;1
32.2;1
32.18;0
32.2;1
32.2;1
32.16;0
32.17;1
32.14;0
32.13;0
32.14;1
32.15;1
32.17;1
32.19;1
32.19;1
32.2;1
32.18;0
32.19;1
32.18;0
32.18;1
32.18;1
32.19;1
32.2;1
32.21;1
32.23;1
32.2;0
32.19;0
32.19;1
32.17;0
32.16;0
32.17;1
32.2;1
32.17;0
32.17;1
32.16;0
32.12;0
32.12;1
32.15;1
32.16;1
32.16;1
32.18;1
32.19;1
32.19;1
32.18;0
32.16;0
32.17;1
32.16;0
32.17;1
32.18;1
32.2;1
32.19;0
32.21;1
32.2;0
32.17;0
32.22;1
32.24;1
32.21;0
32.22;1
32.21;0
32.2;0
32.18;0
32.2;1
32.19;0
32.16;0
32.16;1
32.2;1
32.19;0
32.17;0
32.14;0
32.14;1
32.09;0
32.08;0
32.07;0
32.07;1
32.09;1
32.1;1
32.12;1
32.13;1
32.12;0
32.16;1
32.14;0
32.14;1
32.14;1
32.1;0
32.09;0
32.1;1
32.08;0
32.07;0
32.07;1
32.07;1
32.08;1
32.1;1
32.11;1
32.07;0
32.07;1
32.1;1
32.11;1
32.07;0
32.1;1
32.08;0
32.07;0
32.05;0
32.04;0
32.0;0
32.01;1
32.03;1
32.07;1
32.06;0
32.07;1
32.09;1
32.09;1
32.11;1
32.11;1
32.12;1
32.11;0
32.13;1
32.13;1
32.15;1
32.15;1
32.12;0
32.1;0
32.1;1
32.1;1
32.1;1
32.14;1
32.13;0
32.14;1
32.11;0
32.1;0
32.12;1
32.11;0
32.1;0
32.14;1
32.17;1
32.16;0
32.14;0
32.14;1
32.14;1
32.14;1
32.14;1
32.16;1
32.18;1
32.18;1
32.21;1
32.26;1
32.27;1
32.26;0
32.27;1
32.28;1
32.27;0
32.31;1
32.33;1
32.32;0
32.34;1
32.32;0
32.34;1
32.32;0
32.3;0
32.29;0
32.28;0
32.26;0
32.29;1
32.27;0
32.28;1
32.28;1
32.3;1
32.32;1
32.31;0
32.3;0
32.3;1
32.29;0
32.3;1
32.32;1
32.32;1
32.3;0
32.32;1
32.36;1
32.37;1
32.37;1
32.37;1
32.37;1
32.36;0
32.43;1
32.41;0
32.41;1
32.38;0
32.38;1
32.35;0
32.36;1
32.27;0
32.3;1
32.29;0
32.27;0
32.26;0
32.25;0
32.3;1
32.35;1
32.34;0
32.35;1
32.45;1
32.46;1
32.45;0
32.45;1
32.47;1
32.49;1
32.47;0
32.56;1
32.54;0
32.5;0
32.47;0
32.43;0
32.48;1
32.51;1
32.57;1
32.59;1
32.57;0
32.57;1
32.53;0
32.48;0
32.49;1
32.42;0
32.43;1
32.47;1
32.45;0
32.4;0
32.34;0
32.38;1
32.34;0
32.37;1
32.34;0
32.32;0
32.3;0
32.32;1
32.31;0
32.27;0
32.28;1
32.23;0
32.21;0
32.18;0
32.22;1
32.22;1
32.22;1
32.2;0
32.18;0
32.21;1
32.18;0
32.13;0
32.11;0
32.04;0
32.03;0
32.0;0
32.03;1
31.93;0
31.86;0
31.87;1
31.89;1
31.9;1
31.89;0
31.9;1
31.91;1
31.87;0
31.87;1
31.9;1
31.88;0
31.87;0
31.88;1
31.87;0
31.86;0
31.89;1
31.88;0
31.9;1
31.92;1
31.86;0
31.87;1
31.91;1
31.88;0
31.9;1
31.9;1
31.91;1
31.88;0
31.88;1
31.88;1
31.89;1
31.84;0
31.86;1
31.9;1
31.88;0
31.91;1
31.98;1
31.98;1
31.99;1
32.02;1
31.92;0
31.96;1
31.96;1
32.01;1
32.1;1
32.08;0
32.0;0
32.02;1
32.05;1
32.0;0
31.95;0
31.99;1
31.98;0
31.99;1
31.95;0
31.89;0
31.9;1
31.87;0
31.84;0
31.81;0
31.8;0
31.82;1
31.9;1
31.95;1
31.95;1
31.92;0
31.91;0
31.95;1
31.81;0
31.89;1
31.96;1
31.92;0
31.84;0
31.91;1
32.0;1
32.08;1
32.05;0
31.96;0
31.96;1
31.95;0
31.99;1
32.04;1
32.11;1
32.08;0
32.12;1
32.16;1
32.16;1
32.04;0
31.81;0
31.96;1
31.85;0
31.85;1
31.85;1
31.86;1
31.88;1
31.84;0
31.85;1
31.86;1
31.81;0
31.8;0
31.8;1
31.8;1
31.79;0
31.79;1
31.82;1
31.8;0
31.77;0
31.81;1
31.79;0
31.8;1
31.78;0
31.75;0
31.75;1
31.74;0
31.73;0
31.73;1
31.7;0
31.72;1
31.71;0
31.68;0
31.69;1
31.69;1
31.7;1
31.69;0
31.69;1
31.68;0
31.69;1
31.69;1
31.63;0
31.64;1
31.64;1
31.64;1
31.62;0
31.63;1
31.65;1
31.67;1
31.67;1
31.65;0
31.67;1
31.69;1
31.69;1
31.72;1
31.72;1
31.7;0
31.71;1
31.71;1
31.7;0
31.7;1
31.67;0
31.64;0
31.64;1
31.65;1
31.66;1
31.64;0
31.64;1
31.64;1
31.62;0
31.59;0
31.61;1
31.59;0
31.58;0
31.58;1
31.58;1
31.6;1
31.59;0
31.64;1
31.64;1
31.66;1
31.64;0
31.64;1
31.63;0
31.66;1
31.66;1
31.62;0
31.59;0
31.56;0
31.59;1
31.59;1
31.6;1
31.59;0
31.58;0
31.59;1
31.61;1
31.61;1
31.6;0
31.61;1
31.57;0
31.53;0
31.53;1
31.55;1
31.58;1
31.59;1
31.6;1
31.61;1
31.63;1
31.66;1
31.62;0
31.62;1
31.68;1
31.65;0
31.67;1
31.67;1
31.66;0
31.7;1
31.68;0
31.66;0
31.67;1
31.7;1
31.66;0
31.65;0
31.65;1
31.65;1
31.71;1
31.71;1
31.76;1
31.68;0
31.67;0
31.64;0
31.65;1
31.68;1
31.7;1
31.71;1
31.74;1
31.72;0
31.73;1
31.74;1
31.77;1
31.75;0
31.78;1
31.78;1
31.78;1
31.8;1
31.81;1
31.79;0
31.72;0
31.75;1
31.82;1
31.87;1
31.85;0
31.89;1
31.91;1
31.99;1
31.95;0
31.93;0
31.91;0
31.92;1
31.88;0
31.89;1
31.91;1
31.91;1
31.88;0
31.92;1
31.89;0
31.87;0
31.87;1
31.88;1
31.85;0
31.83;0
31.82;0
31.85;1
31.8;0
31.79;0
31.78;0
31.77;0
31.76;0
31.75;0
31.73;0
31.73;1
31.72;0
31.71;0
31.71;1
31.66;0
31.68;1
31.66;0
31.67;1
31.67;1
31.68;1
31.69;1
31.72;1
31.7;0
31.71;1
31.71;1
31.71;1
31.73;1
31.7;0
31.66;0
31.68;1
31.64;0
31.63;0
31.59;0
31.62;1
31.53;0
31.56;1
31.56;1
31.54;0
31.55;1
31.56;1
31.61;1
31.64;1
31.64;1
31.64;1
31.64;1
31.64;1
31.66;1
31.67;1
31.63;0
31.64;1
31.57;0
31.55;0
31.52;0
31.51;0
31.47;0
31.47;1
31.45;0
31.45;1
31.43;0
31.44;1
31.48;1
31.48;1
31.46;0
31.46;1
31.47;1
31.48;1
31.5;1
31.48;0
31.51;1
31.52;1
31.51;0
31.5;0
31.48;0
31.48;1
31.39;0
31.4;1
31.4;1
31.4;1
31.37;0
31.42;1
31.45;1
31.47;1
31.48;1
31.5;1
31.49;0
31.49;1
31.48;0
31.48;1
31.47;0
31.44;0
31.44;1
31.45;1
31.41;0
31.34;0
31.33;0
31.36;1
31.38;1
31.42;1
31.39;0
31.42;1
31.4;0
31.4;1
31.36;0
31.37;1
31.34;0
31.33;0
31.31;0
31.31;1
31.32;1
31.28;0
31.28;1
31.28;1
31.29;1
31.3;1
31.29;0
31.3;1
31.27;0
31.26;0
31.26;1
31.26;1
31.27;1
31.28;1
31.24;0
31.26;1
31.24;0
31.2;0
31.23;1
31.18;0
31.18;1
31.18;1
31.19;1
31.2;1
31.16;0
31.19;1
31.15;0
31.15;1
31.17;1
31.2;1
31.26;1
31.26;1
31.23;0
31.24;1
31.17;0
31.15;0
31.16;1
31.13;0
31.14;1
31.1;0
31.06;0
31.07;1
31.08;1
31.06;0
31.02;0
31.01;0
31.02;1
31.01;0
31.0;0
31.02;1
31.02;1
31.04;1
31.04;1
31.01;0
31.0;0
31.03;1
30.97;0
30.93;0
30.88;0
30.89;1
30.88;0
30.88;1
30.87;0
30.87;1
30.85;0
30.87;1
30.89;1
30.83;0
30.81;0
30.84;1
30.82;0
30.84;1
30.84;1
30.84;1
30.81;0
30.81;1
30.81;1
30.77;0
30.71;0
30.69;0
30.66;0
30.7;1
30.69;0
30.75;1
30.68;0
30.68;1
30.7;1
30.66;0
30.67;1
30.64;0
30.62;0
30.61;0
30.58;0
30.61;1
30.62;1
30.65;1
30.62;0
30.58;0
30.6;1
30.64;1
30.55;0
30.54;0
30.55;1
30.52;0
30.57;1
30.54;0
30.55;1
30.62;1
30.64;1
30.56;0
30.56;1
30.58;1
30.55;0
30.59;1
30.58;0
30.62;1
30.64;1
30.66;1
30.65;0
30.62;0
30.6;0
30.63;1
30.62;0
30.61;0
30.71;1
30.73;1
30.73;1
30.71;0
30.71;1
30.73;1
30.68;0
30.7;1
30.4;0
30.41;1
30.41;1
30.42;1
30.41;0
30.42;1
30.41;0
30.4;0
30.38;0
30.39;1
30.34;0
30.36;1
30.33;0
30.33;1
30.35;1
30.34;0
30.35;1
30.36;1
30.35;0
30.36;1
30.35;0
30.4;1
30.41;1
30.4;0
30.38;0
30.34;0
30.36;1
30.34;0
30.34;1
30.35;1
30.36;1
30.35;0
30.34;0
30.32;0
30.33;1
30.36;1
30.36;1
30.35;0
30.35;1
30.3;0
30.28;0
30.28;1
30.32;1
30.3;0
30.33;1
30.33;1
30.32;0
30.31;0
30.31;1
30.29;0
30.29;1
30.22;0
30.24;1
30.25;1
30.27;1
30.29;1
30.26;0
30.27;1
30.29;1
30.29;1
30.27;0
30.31;1
30.28;0
30.27;0
30.26;0
30.26;1
30.26;1
30.25;0
30.26;1
30.26;1
30.26;1
30.28;1
30.29;1
30.26;0
30.25;0
30.27;1
30.28;1
30.27;0
30.24;0
30.25;1
30.25;1
30.28;1
30.26;0
30.26;1
30.24;0
30.28;1
30.26;0
30.27;1
30.24;0
30.26;1
30.27;1
30.26;0
30.26;1
30.28;1
30.25;0
30.25;1
30.25;1
30.25;1
30.23;0
30.22;0
30.23;1
30.21;0
30.2;0
30.21;1
30.2;0
30.2;1
30.21;1
30.21;1
30.13;0
30.08;0
30.07;0
30.1;1
30.13;1
30.17;1
30.14;0
30.09;0
30.06;0
30.05;0
30.05;1
30.06;1
30.04;0
30.02;0
30.03;1
30.01;0
30.02;1
30.06;1
30.07;1
30.06;0
30.1;1
30.09;0
30.08;0
30.08;1
30.01;0
30.05;1
30.05;1
30.04;0
30.03;0
30.03;1
30.03;1
30.07;1
30.09;1
30.1;1
30.1;1
30.11;1
30.13;1
30.13;1
30.16;1
30.18;1
30.15;0
30.11;0
30.12;1
30.07;0
30.09;1
30.1;1
30.12;1
30.15;1
30.15;1
30.13;0
30.15;1
30.15;1
30.16;1
30.17;1
30.17;1
30.18;1
30.2;1
30.2;1
30.2;1
30.18;0
30.17;0
30.17;1
30.19;1
30.22;1
30.23;1
30.25;1
30.24;0
30.24;1
30.23;0
30.21;0
30.22;1
30.22;1
30.24;1
30.22;0
30.22;1
30.19;0
30.2;1
30.21;1
30.2;0
30.2;1
30.23;1
30.22;0
30.24;1
30.23;0
30.23;1
30.26;1
30.22;0
30.23;1
30.24;1
30.18;0
30.19;1
30.2;1
30.22;1
30.23;1
30.2;0
30.18;0
30.18;1
30.16;0
30.15;0
30.14;0
30.15;1
30.14;0
30.17;1
30.17;1
30.18;1
30.19;1
30.19;1
30.2;1
30.19;0
30.19;1
30.2;1
30.2;1
30.2;1
30.21;1
30.23;1
30.22;0
30.21;0
30.22;1
30.22;1
30.23;1
30.21;0
30.24;1
30.17;0
30.2;1
30.18;0
30.16;0
30.15;0
30.18;1
30.14;0
30.19;1
30.18;0
30.19;1
30.19;1
30.21;1
30.21;1
30.22;1
30.22;1
30.22;1
30.23;1
30.22;0
30.25;1
30.23;0
30.23;1
30.2;0
30.23;1
30.2;0
30.17;0
30.21;1
30.19;0
30.22;1
30.26;1
30.26;1
30.21;0
30.24;1
30.26;1
30.25;0
30.24;0
30.28;1
30.25;0
30.31;1
30.29;0
30.31;1
30.3;0
30.3;1
30.25;0
30.26;1
30.24;0
30.23;0
30.22;0
30.28;1
30.27;0
30.27;1
30.27;1
30.3;1
30.31;1
30.27;0
30.25;0
30.25;1
30.28;1
30.31;1
30.33;1
30.33;1
30.34;1
30.31;0
30.36;1
30.34;0
30.32;0
30.35;1
30.35;1
30.34;0
30.33;0
30.31;0
30.38;1
30.39;1
30.4;1
30.37;0
30.38;1
30.32;0
30.31;0
30.28;0
30.29;1
30.3;1
30.28;0
30.27;0
30.3;1
30.35;1
30.35;1
30.31;0
30.28;0
30.24;0
30.27;1
30.3;1
30.26;0
30.24;0
30.29;1
30.22;0
30.28;1
30.31;1
30.29;0
30.35;1
30.35;1
30.33;0
30.39;1
30.42;1
30.43;1
30.42;0
30.42;1
30.41;0
30.36;0
30.37;1
30.37;1
30.34;0
30.3;0
30.3;1
30.3;1
30.26;0
30.3;1
30.3;1
30.31;1
30.27;0
30.24;0
30.26;1
30.26;1
30.27;1
30.23;0
30.17;0
30.18;1
30.18;1
30.17;0
30.22;1
30.17;0
30.22;1
30.21;0
30.18;0
30.17;0
30.21;1
30.22;1
30.19;0
30.12;0
30.14;1
30.15;1
30.17;1
30.23;1
30.18;0
30.12;0
30.11;0
30.14;1
30.23;1
30.28;1
30.27;0
30.27;1
30.18;0
30.16;0
30.21;1
30.2;0
30.22;1
30.21;0
30.18;0
30.14;0
30.05;0
30.03;0
30.01;0
29.95;0
29.96;1
29.93;0
29.89;0
29.89;1
29.89;1
29.89;1
29.88;0
29.86;0
29.86;1
29.84;0
29.92;1
29.9;0
29.94;1
29.99;1
29.92;0
30.0;1
30.01;1
29.94;0
29.45;0
29.44;0
29.4;0
29.41;1
29.43;1
29.43;1
29.42;0
29.44;1
29.45;1
29.44;0
29.45;1
29.47;1
29.46;0
29.48;1
29.47;0
29.46;0
29.46;1
29.46;1
29.47;1
29.53;1
29.51;0
29.52;1
29.52;1
29.51;0
29.5;0
29.49;0
29.52;1
29.52;1
29.51;0
29.55;1
29.56;1
29.55;0
29.54;0
29.53;0
29.52;0
29.51;0
29.51;1
29.52;1
29.52;1
29.5;0
29.49;0
29.51;1
29.51;1
29.46;0
29.45;0
29.45;1
29.45;1
29.46;1
29.47;1
29.45;0
29.44;0
29.44;1
29.44;1
29.42;0
29.42;1
29.43;1
29.45;1
29.44;0
29.44;1
29.41;0
29.43;1
29.42;0
29.45;1
29.44;0
29.43;0
29.44;1
29.44;1
29.43;0
29.45;1
29.44;0
29.45;1
29.44;0
29.45;1
29.44;0
29.42;0
29.45;1
29.43;0
29.44;1
29.42;0
29.42;1
29.41;0
29.37;0
29.35;0
29.36;1
29.35;0
29.35;1
29.34;0
29.36;1
29.35;0
29.34;0
29.34;1
29.32;0
29.32;1
29.31;0
29.32;1
29.34;1
29.35;1
29.33;0
29.31;0
29.31;1
29.32;1
29.32;1
29.39;1
29.37;0
29.35;0
29.37;1
29.4;1
29.35;0
29.35;1
29.34;0
29.36;1
29.37;1
29.33;0
29.36;1
29.38;1
29.38;1
29.38;1
29.39;1
29.44;1
29.44;1
29.42;0
29.43;1
29.43;1
29.45;1
29.41;0
29.38;0
29.36;0
29.32;0
29.35;1
29.36;1
29.36;1
29.35;0
29.29;0
29.26;0
29.26;1
29.26;1
29.23;0
29.22;0
29.23;1
29.23;1
29.25;1
29.24;0
29.25;1
29.26;1
29.25;0
29.27;1
29.27;1
29.23;0
29.24;1
29.23;0
29.24;1
29.24;1
29.27;1
29.25;0
29.25;1
29.25;1
29.24;0
29.25;1
29.24;0
29.23;0
29.21;0
29.22;1
29.27;1
29.25;0
29.25;1
29.27;1
29.26;0
29.25;0
29.26;1
29.24;0
29.24;1
29.22;0
29.23;1
29.21;0
29.23;1
29.25;1
29.29;1
29.3;1
29.28;0
29.31;1
29.29;0
29.3;1
29.29;0
29.29;1
29.32;1
29.3;0
29.25;0
29.26;1
29.26;1
29.26;1
29.25;0
29.25;1
29.25;1
29.24;0
29.26;1
29.25;0
29.26;1
29.26;1
29.24;0
29.26;1
29.26;1
29.25;0
29.23;0
29.23;1
29.24;1
29.24;1
29.24;1
29.23;0
29.23;1
29.22;0
29.24;1
29.2;0
29.18;0
29.19;1
29.19;1
29.21;1
29.18;0
29.18;1
29.22;1
29.21;0
29.21;1
29.19;0
29.21;1
29.18;0
29.19;1
29.12;0
29.11;0
29.13;1
29.12;0
29.14;1
29.15;1
29.14;0
29.11;0
29.1;0
29.12;1
29.14;1
29.13;0
29.11;0
29.11;1
29.14;1
29.12;0
29.15;1
29.16;1
29.14;0
29.15;1
29.15;1
29.2;1
29.16;0
29.17;1
29.19;1
29.24;1
29.25;1
29.18;0
29.19;1
29.22;1
29.23;1
29.19;0
29.17;0
29.14;0
29.15;1
29.12;0
29.1;0
29.12;1
29.09;0
29.04;0
29.04;1
29.03;0
29.05;1
29.06;1
29.06;1
29.04;0
29.0;0
28.99;0
28.98;0
29.01;1
29.02;1
29.04;1
29.02;0
29.02;1
29.03;1
28.99;0
28.94;0
28.96;1
28.99;1
29.0;1
29.01;1
29.0;0
29.0;1
28.98;0
28.98;1
29.01;1
29.02;1
29.0;0
28.97;0
28.96;0
28.98;1
28.96;0
28.97;1
28.97;1
28.98;1
28.99;1
28.93;0
28.95;1
28.95;1
29.0;1
29.01;1
28.98;0
28.96;0
28.98;1
29.0;1
28.98;0
28.97;0
28.98;1
29.01;1
29.0;0
29.06;1
29.05;0
29.04;0
29.06;1
29.07;1
29.0;0
28.97;0
28.97;1
28.97;1
28.96;0
28.97;1
28.97;1
28.94;0
28.89;0
28.91;1
28.91;1
28.92;1
28.88;0
28.93;1
28.92;0
28.91;0
28.89;0
28.87;0
28.89;1
28.84;0
28.82;0
28.86;1
28.86;1
28.83;0
28.81;0
28.79;0
28.79;1
28.81;1
28.79;0
28.79;1
28.78;0
28.75;0
28.8;1
28.77;0
28.75;0
28.76;1
28.72;0
28.73;1
28.72;0
28.74;1
28.78;1
28.73;0
28.72;0
28.77;1
28.77;1
28.72;0
28.74;1
28.75;1
28.77;1
28.78;1
28.76;0
28.79;1
28.76;0
28.76;1
28.76;1
28.73;0
28.73;1
28.72;0
28.71;0
28.68;0
28.69;1
28.66;0
28.67;1
28.67;1
28.68;1
28.6;0
28.61;1
28.62;1
28.62;1
28.6;0
28.63;1
28.62;0
28.61;0
28.58;0
28.6;1
28.61;1
28.63;1
28.63;1
28.62;0
28.7;1
28.66;0
28.7;1
28.69;0
28.7;1
28.7;1
28.67;0
28.76;1
28.75;0
28.73;0
28.73;1
28.78;1
28.73;0
28.75;1
28.8;1
28.82;1
28.74;0
28.73;0
28.75;1
28.75;1
28.75;1
28.76;1
28.74;0
28.74;1
28.71;0
28.73;1
28.71;0
28.73;1
28.71;0
28.72;1
28.72;1
28.75;1
28.73;0
28.73;1
28.75;1
28.75;1
28.78;1
28.78;1
28.8;1
28.83;1
28.79;0
28.76;0
28.76;1
28.73;0
28.71;0
28.7;0
28.7;1
28.7;1
28.7;1
28.71;1
28.71;1
28.69;0
28.69;1
28.69;1
28.71;1
28.72;1
28.7;0
28.7;1
28.69;0
28.69;1
28.69;1
28.69;1
28.72;1
28.69;0
28.68;0
28.69;1
28.69;1
28.69;1
28.69;1
28.7;1
28.66;0
28.68;1
28.67;0
28.65;0
28.68;1
28.67;0
28.67;1
28.65;0
28.67;1
28.67;1
28.67;1
28.67;1
28.67;1
28.64;0
28.64;1
28.63;0
28.62;0
28.64;1
28.68;1
28.66;0
28.67;1
28.65;0
28.63;0
28.66;1
28.65;0
28.65;1
28.66;1
28.65;0
28.66;1
28.66;1
28.68;1
28.67;0
28.68;1
28.67;0
28.69;1
28.71;1
28.71;1
28.73;1
28.71;0
28.74;1
28.73;0
28.73;1
28.74;1
28.74;1
28.72;0
28.71;0
28.71;1
28.72;1
28.71;0
28.73;1
28.73;1
28.73;1
28.74;1
28.72;0
28.75;1
28.76;1
28.77;1
28.79;1
28.78;0
28.77;0
28.74;0
28.74;1
28.72;0
28.72;1
28.71;0
28.72;1
28.7;0
28.7;1
28.72;1
28.73;1
28.71;0
28.71;1
28.71;1
28.7;0
28.7;1
28.72;1
28.71;0
28.69;0
28.7;1
28.71;1
28.7;0
28.72;1
28.69;0
28.71;1
28.7;0
28.7;1
28.71;1
28.69;0
28.69;1
28.69;1
28.69;1
28.68;0
28.69;1
28.69;1
28.71;1
28.72;1
28.73;1
28.71;0
28.75;1
28.75;1
28.75;1
28.71;0
28.71;1
28.71;1
28.71;1
28.72;1
28.71;0
28.7;0
28.72;1
28.73;1
28.72;0
28.73;1
28.73;1
28.73;1
28.71;0
28.73;1
28.74;1
28.74;1
28.74;1
28.75;1
28.75;1
28.72;0
28.7;0
28.7;1
28.72;1
28.72;1
28.71;0
28.73;1
28.73;1
28.73;1
28.74;1
28.73;0
28.72;0
28.72;1
28.73;1
28.73;1
28.73;1
28.73;1
28.73;1
28.73;1
28.73;1
28.7;0
28.68;0
28.68;1
28.67;0
28.67;1
28.67;1
28.68;1
28.68;1
28.68;1
28.68;1
28.67;0
28.67;1
28.67;1
28.67;1
28.68;1
28.66;0
28.66;1
28.66;1
28.66;1
28.67;1
28.69;1
28.69;1
28.7;1
28.7;1
28.69;0
28.72;1
28.71;0
28.68;0
28.68;1
28.69;1
28.69;1
28.72;1
28.72;1
28.72;1
28.71;0
28.72;1
28.73;1
28.72;0
28.74;1
28.73;0
28.73;1
28.68;0
28.69;1
28.7;1
28.73;1
28.74;1
28.74;1
28.72;0
28.77;1
28.72;0
28.72;1
28.69;0
28.7;1
28.7;1
28.72;1
28.75;1
28.72;0
28.71;0
28.73;1
28.74;1
28.76;1
28.75;0
28.72;0
28.74;1
28.76;1
28.77;1
28.78;1
28.78;1
28.77;0
28.78;1
28.8;1
28.8;1
28.79;0
28.76;0
28.77;1
28.77;1
28.79;1
28.74;0
28.77;1
28.76;0
28.76;1
28.74;0
28.73;0
28.73;1
28.76;1
28.75;0
28.76;1
28.76;1
28.79;1
28.79;1
28.79;1
28.79;1
28.81;1
28.82;1
28.83;1
28.85;1
28.83;0
28.81;0
28.82;1
28.75;0
28.72;0
28.75;1
28.73;0
28.78;1
28.8;1
28.78;0
28.8;1
28.78;0
28.82;1
28.83;1
28.82;0
28.81;0
28.77;0
28.79;1
28.79;1
28.76;0
28.74;0
28.73;0
28.73;1
28.75;1
28.73;0
28.71;0
28.62;0
28.63;1
28.67;1
28.65;0
28.64;0
28.65;1
28.64;0
28.64;1
28.67;1
28.63;0
28.63;1
28.63;1
28.65;1
28.68;1
28.69;1
28.62;0
28.62;1
28.63;1
28.66;1
28.67;1
28.68;1
28.69;1
28.71;1
28.71;1
28.76;1
28.72;0
28.71;0
28.75;1
28.78;1
28.83;1
28.78;0
28.81;1
28.81;1
28.84;1
28.82;0
28.84;1
28.85;1
28.86;1
28.86;1
28.88;1
28.9;1
28.86;0
28.9;1
28.94;1
28.95;1
28.94;0
28.94;1
28.99;1
28.98;0
28.98;1
28.98;1
28.98;1
28.95;0
28.96;1
29.0;1
29.02;1
29.05;1
29.02;0
29.04;1
29.05;1
29.03;0
29.06;1
29.06;1
29.05;0
29.05;1
29.04;0
29.08;1
29.07;0
29.01;0
28.99;0
28.98;0
29.01;1
29.05;1
29.03;0
29.01;0
29.0;0
28.99;0
28.96;0
28.92;0
28.92;1
28.92;1
28.91;0
28.9;0
28.9;1
28.92;1
29.03;1
28.95;0
29.01;1
29.11;1
29.07;0
29.03;0
28.94;0
28.89;0
28.85;0
28.66;0
28.63;0
28.61;0
28.61;1
28.6;0
28.61;1
28.6;0
28.63;1
28.62;0
28.66;1
28.65;0
28.63;0
28.64;1
28.68;1
28.67;0
28.68;1
28.68;1
28.65;0
28.62;0
28.63;1
28.63;1
28.63;1
28.66;1
28.65;0
28.64;0
28.66;1
28.64;0
28.64;1
28.64;1
28.65;1
28.65;1
28.66;1
28.66;1
28.64;0
28.66;1
28.66;1
28.65;0
28.66;1
28.62;0
28.68;1
28.69;1
28.69;1
28.69;1
28.69;1
28.69;1
28.68;0
28.69;1
28.7;1
28.71;1
28.71;1
28.72;1
28.75;1
28.74;0
28.74;1
28.75;1
28.75;1
28.73;0
28.74;1
28.71;0
28.71;1
28.72;1
28.72;1
28.71;0
28.71;1
28.71;1
28.71;1
28.72;1
28.73;1
28.73;1
28.71;0
28.72;1
28.71;0
28.73;1
28.7;0
28.71;1
28.74;1
28.72;0
28.7;0
28.71;1
28.67;0
28.67;1
28.67;1
28.69;1
28.66;0
28.67;1
28.69;1
28.7;1
28.7;1
28.71;1
28.75;1
28.72;0
28.73;1
28.73;1
28.65;0
28.66;1
28.65;0
28.66;1
28.65;0
28.66;1
28.67;1
28.65;0
28.64;0
28.65;1
28.64;0
28.65;1
28.68;1
28.68;1
28.68;1
28.67;0
28.67;1
28.67;1
28.66;0
28.67;1
28.7;1
28.73;1
28.73;1
28.72;0
28.72;1
28.74;1
28.76;1
28.74;0
28.75;1
28.74;0
28.74;1
28.74;1
28.74;1
28.74;1
28.75;1
28.71;0
28.7;0
28.7;1
28.7;1
28.72;1
28.73;1
28.72;0
28.73;1
28.71;0
28.69;0
28.68;0
28.67;0
28.67;1
28.7;1
28.71;1
28.7;0
28.7;1
28.69;0
28.68;0
28.67;0
28.67;1
28.67;1
28.68;1
28.69;1
28.7;1
28.72;1
28.7;0
28.7;1
28.69;0
28.69;1
28.7;1
28.67;0
28.7;1
28.69;0
28.67;0
28.66;0
28.66;1
28.68;1
28.71;1
28.74;1
28.72;0
28.73;1
28.73;1
28.72;0
28.74;1
28.74;1
28.74;1
28.76;1
28.76;1
28.75;0
28.75;1
28.76;1
28.76;1
28.75;0
28.75;1
28.76;1
28.76;1
28.75;0
28.76;1
28.76;1
28.75;0
28.74;0
28.72;0
28.72;1
28.69;0
28.71;1
28.7;0
28.69;0
28.71;1
28.71;1
28.72;1
28.74;1
28.75;1
28.76;1
28.78;1
28.77;0
28.77;1
28.77;1
28.76;0
28.76;1
28.73;0
28.75;1
28.74;0
28.73;0
28.73;1
28.72;0
28.71;0
28.71;1
28.71;1
28.71;1
28.7;0
28.74;1
28.75;1
28.77;1
28.77;1
28.76;0
28.75;0
28.77;1
28.73;0
28.75;1
28.76;1
28.77;1
28.77;1
28.77;1
28.77;1
28.78;1
28.77;0
28.77;1
28.79;1
28.79;1
28.8;1
28.81;1
28.79;0
28.8;1
28.77;0
28.76;0
28.79;1
28.78;0
28.76;0
28.76;1
28.75;0
28.75;1
28.77;1
28.78;1
28.78;1
28.78;1
28.79;1
28.78;0
28.79;1
28.81;1
28.79;0
28.81;1
28.8;0
28.76;0
28.78;1
28.75;0
28.74;0
28.76;1
28.73;0
28.74;1
28.73;0
28.73;1
28.71;0
28.72;1
28.72;1
28.72;1
28.71;0
28.71;1
28.69;0
28.7;1
28.7;1
28.74;1
28.72;0
28.72;1
28.7;0
28.67;0
28.66;0
28.67;1
28.65;0
28.66;1
28.66;1
28.67;1
28.63;0
28.63;1
28.59;0
28.59;1
28.61;1
28.6;0
28.59;0
28.6;1
28.56;0
28.59;1
28.59;1
28.58;0
28.58;1
28.58;1
28.58;1
28.57;0
28.57;1
28.6;1
28.59;0
28.63;1
28.59;0
28.59;1
28.55;0
28.56;1
28.56;1
28.54;0
28.51;0
28.55;1
28.56;1
28.58;1
28.55;0
28.57;1
28.55;0
28.54;0
28.53;0
28.57;1
28.58;1
28.61;1
28.61;1
28.62;1
28.61;0
28.61;1
28.62;1
28.62;1
28.62;1
28.57;0
28.55;0
28.53;0
28.54;1
28.55;1
28.55;1
28.56;1
28.5;0
28.55;1
28.53;0
28.55;1
28.47;0
28.46;0
28.45;0
28.48;1
28.47;0
28.48;1
28.52;1
28.55;1
28.61;1
28.56;0
28.55;0
28.59;1
28.62;1
28.59;0
28.55;0
28.53;0
28.6;1
28.62;1
28.56;0
28.61;1
28.61;1
28.69;1
28.72;1
28.75;1
28.75;1
28.71;0
28.72;1
28.7;0
28.66;0
28.69;1
28.72;1
28.71;0
28.73;1
28.78;1
28.85;1
28.79;0
28.87;1
28.83;0
28.84;1
28.79;0
28.77;0
28.88;1
28.9;1
28.91;1
28.87;0
28.84;0
28.86;1
28.83;0
28.83;1
28.8;0
28.8;1
28.76;0
28.8;1
28.8;1
28.8;1
28.81;1
28.83;1
28.83;1
28.23;0
28.27;1
28.3;1
28.25;0
28.25;1
28.25;1
28.23;0
28.24;1
28.22;0
28.24;1
28.25;1
28.25;1
28.23;0
28.24;1
28.25;1
28.23;0
28.22;0
28.23;1
28.16;0
28.19;1
28.15;0
28.17;1
28.19;1
28.21;1
28.2;0
28.2;1
28.2;1
28.24;1
28.25;1
28.22;0
28.22;1
28.23;1
28.23;1
28.21;0
28.21;1
28.21;1
28.22;1
28.22;1
28.22;1
28.24;1
28.24;1
28.24;1
28.25;1
28.25;1
28.28;1
28.27;0
28.26;0
28.27;1
28.26;0
28.27;1
28.27;1
28.27;1
28.25;0
28.23;0
28.23;1
28.26;1
28.25;0
28.28;1
28.25;0
28.24;0
28.25;1
28.23;0
28.22;0
28.21;0
28.21;1
28.2;0
28.2;1
28.2;1
28.19;0
28.2;1
28.18;0
28.18;1
28.18;1
28.19;1
28.2;1
28.22;1
28.22;1
28.23;1
28.26;1
28.25;0
28.25;1
28.24;0
28.25;1
28.25;1
28.26;1
28.26;1
28.27;1
28.28;1
28.3;1
28.26;0
28.25;0
28.25;1
28.24;0
28.28;1
28.28;1
28.29;1
28.27;0
28.26;0
28.27;1
28.31;1
28.3;0
28.29;0
28.28;0
28.27;0
28.28;1
28.27;0
28.27;1
28.23;0
28.25;1
28.28;1
28.27;0
28.27;1
28.26;0
28.27;1
28.28;1
28.28;1
28.3;1
28.3;1
28.31;1
28.33;1
28.32;0
28.28;0
28.29;1
28.27;0
28.29;1
28.29;1
28.31;1
28.29;0
28.29;1
28.31;1
28.32;1
28.29;0
28.29;1
28.27;0
28.28;1
28.28;1
28.26;0
28.26;1
28.24;0
28.25;1
28.29;1
28.3;1
28.31;1
28.31;1
28.32;1
28.31;0
28.3;0
28.3;1
28.29;0
28.29;1
28.28;0
28.3;1
28.29;0
28.29;1
28.29;1
28.28;0
28.27;0
28.3;1
28.28;0
28.27;0
28.28;1
28.28;1
28.28;1
28.27;0
28.28;1
28.28;1
28.24;0
28.25;1
28.21;0
28.24;1
28.25;1
28.24;0
28.26;1
28.26;1
28.25;0
28.25;1
28.26;1
28.26;1
28.26;1
28.29;1
28.31;1
28.31;1
28.31;1
28.3;0
28.29;0
28.3;1
28.33;1
28.3;0
28.32;1
28.3;0
28.3;1
28.28;0
28.31;1
28.31;1
28.32;1
28.32;1
28.33;1
28.33;1
28.31;0
28.27;0
28.26;0
28.24;0
28.26;1
28.25;0
28.25;1
28.24;0
28.23;0
28.21;0
28.19;0
28.19;1
28.18;0
28.2;1
28.18;0
28.17;0
28.18;1
28.18;1
28.17;0
28.18;1
28.18;1
28.14;0
28.15;1
28.18;1
28.16;0
28.16;1
28.13;0
28.15;1
28.15;1
28.16;1
28.17;1
28.17;1
28.16;0
28.14;0
28.15;1
28.17;1
28.16;0
28.15;0
28.15;1
28.16;1
28.15;0
28.11;0
28.14;1
28.14;1
28.13;0
28.11;0
28.12;1
28.1;0
28.12;1
28.14;1
28.15;1
28.15;1
28.16;1
28.2;1
28.22;1
28.21;0
28.2;0
28.2;1
28.2;1
28.19;0
28.23;1
28.22;0
28.22;1
28.25;1
28.23;0
28.2;0
28.21;1
28.22;1
28.22;1
28.22;1
28.2;0
28.22;1
28.22;1
28.21;0
28.17;0
28.16;0
28.16;1
28.16;1
28.16;1
28.16;1
28.13;0
28.18;1
28.12;0
28.11;0
28.09;0
28.11;1
28.06;0
28.02;0
28.0;0
28.04;1
28.01;0
28.02;1
28.06;1
28.1;1
28.11;1
28.05;0
28.12;1
28.14;1
28.14;1
28.08;0
28.09;1
28.1;1
28.06;0
28.05;0
27.94;0
27.95;1
27.9;0
27.92;1
27.85;0
27.82;0
27.79;0
27.82;1
27.82;1
27.84;1
27.85;1
27.87;1
27.79;0
27.76;0
27.73;0
27.71;0
27.72;1
27.71;0
27.72;1
27.72;1
27.72;1
27.67;0
27.67;1
27.67;1
27.67;1
27.67;1
27.65;0
27.65;1
27.64;0
27.66;1
27.68;1
27.67;0
27.61;0
27.6;0
27.6;1
27.58;0
27.62;1
27.64;1
27.6;0
27.58;0
27.54;0
27.54;1
27.56;1
27.56;1
27.56;1
27.55;0
27.58;1
27.56;0
27.56;1
27.58;1
27.59;1
27.65;1
27.57;0
27.57;1
27.56;0
27.55;0
27.55;1
27.57;1
27.58;1
27.56;0
27.52;0
27.52;1
27.51;0
27.53;1
27.51;0
27.52;1
27.54;1
27.56;1
27.55;0
27.55;1
27.55;1
27.57;1
27.58;1
27.57;0
27.56;0
27.58;1
27.63;1
27.63;1
27.64;1
27.59;0
27.52;0
27.52;1
27.58;1
27.56;0
27.52;0
27.51;0
27.49;0
27.5;1
27.51;1
27.54;1
27.55;1
27.55;1
27.51;0
27.54;1
27.54;1
27.58;1
27.57;0
27.61;1
27.6;0
27.66;1
27.65;0
27.66;1
27.62;0
27.61;0
27.42;0
27.42;1
27.6;1
27.57;0
27.59;1
27.58;0
27.58;1
27.56;0
27.56;1
27.52;0
27.52;1
27.52;1
27.55;1
27.55;1
27.54;0
27.55;1
27.53;0
27.53;1
27.54;1
27.52;0
27.52;1
27.51;0
27.51;1
27.52;1
27.52;1
27.52;1
27.51;0
27.51;1
27.5;0
27.49;0
27.49;1
27.49;1
27.52;1
27.56;1
27.57;1
27.59;1
27.56;0
27.55;0
27.56;1
27.57;1
27.5;0
27.5;1
27.5;1
27.47;0
27.46;0
27.46;1
27.44;0
27.46;1
27.47;1
27.48;1
27.49;1
27.51;1
27.5;0
27.49;0
27.48;0
27.49;1
27.49;1
27.49;1
27.46;0
27.46;1
27.47;1
27.49;1
27.48;0
27.48;1
27.48;1
27.46;0
27.47;1
27.47;1
27.47;1
27.47;1
27.47;1
27.48;1
27.49;1
27.48;0
27.5;1
27.48;0
27.46;0
27.47;1
27.45;0
27.47;1
27.48;1
27.49;1
27.49;1
27.47;0
27.47;1
27.47;1
27.49;1
27.48;0
27.49;1
27.51;1
27.52;1
27.54;1
27.53;0
27.53;1
27.53;1
27.56;1
27.57;1
27.56;0
27.57;1
27.56;0
27.57;1
27.57;1
27.54;0
27.56;1
27.56;1
27.54;0
27.56;1
27.52;0
27.53;1
27.56;1
27.6;1
27.59;0
27.58;0
27.58;1
27.58;1
27.59;1
27.57;0
27.59;1
27.57;0
27.56;0
27.56;1
27.57;1
27.58;1
27.57;0
27.57;1
27.57;1
27.58;1
27.63;1
27.65;1
27.65;1
27.67;1
27.66;0
27.61;0
27.58;0
27.57;0
27.59;1
27.57;0
27.54;0
27.54;1
27.6;1
27.62;1
27.56;0
27.58;1
27.56;0
27.54;0
27.52;0
27.56;1
27.57;1
27.56;0
27.55;0
27.55;1
27.57;1
27.56;0
27.56;1
27.58;1
27.58;1
27.57;0
27.59;1
27.59;1
27.6;1
27.61;1
27.6;0
27.6;1
27.6;1
27.6;1
27.62;1
27.63;1
27.63;1
27.65;1
27.62;0
27.63;1
27.62;0
27.62;1
27.63;1
27.64;1
27.61;0
27.61;1
27.61;1
27.6;0
27.6;1
27.62;1
27.6;0
27.63;1
27.63;1
27.62;0
27.61;0
27.62;1
27.64;1
27.67;1
27.64;0
27.63;0
27.64;1
27.65;1
27.65;1
27.65;1
27.63;0
27.66;1
27.65;0
27.66;1
27.67;1
27.69;1
27.69;1
27.68;0
27.69;1
27.69;1
27.69;1
27.68;0
27.68;1
27.68;1
27.66;0
27.65;0
27.66;1
27.65;0
27.65;1
27.66;1
27.68;1
27.69;1
27.69;1
27.68;0
27.69;1
27.69;1
27.68;0
27.66;0
27.66;1
27.66;1
27.66;1
27.7;1
27.68;0
27.7;1
27.67;0
27.68;1
27.63;0
27.64;1
27.64;1
27.65;1
27.67;1
27.69;1
27.68;0
27.69;1
27.68;0
27.66;0
27.66;1
27.66;1
27.68;1
27.67;0
27.67;1
27.68;1
27.69;1
27.68;0
27.69;1
27.68;0
27.69;1
27.7;1
27.69;0
27.7;1
27.71;1
27.72;1
27.74;1
27.75;1
27.76;1
27.74;0
27.7;0
27.73;1
27.76;1
27.74;0
27.73;0
27.71;0
27.71;1
27.71;1
27.75;1
27.74;0
27.73;0
27.74;1
27.74;1
27.71;0
27.71;1
27.71;1
27.68;0
27.67;0
27.7;1
27.71;1
27.7;0
27.7;1
27.72;1
27.71;0
27.72;1
27.72;1
27.74;1
27.74;1
27.76;1
27.73;0
27.75;1
27.7;0
27.73;1
27.71;0
27.71;1
27.71;1
27.66;0
27.68;1
27.68;1
27.67;0
27.68;1
27.71;1
27.71;1
27.72;1
27.73;1
27.73;1
27.72;0
27.71;0
27.69;0
27.68;0
27.72;1
27.67;0
27.6;0
27.67;1
27.63;0
27.63;1
27.63;1
27.62;0
27.59;0
27.59;1
27.57;0
27.56;0
27.61;1
27.57;0
27.54;0
27.55;1
27.54;0
27.57;1
27.57;1
27.58;1
27.59;1
27.62;1
27.57;0
27.6;1
27.65;1
27.64;0
27.61;0
27.55;0
27.57;1
27.56;0
27.63;1
27.62;0
27.6;0
27.57;0
27.61;1
27.55;0
27.55;1
27.51;0
27.51;1
27.49;0
27.51;1
27.51;1
27.51;1
27.48;0
27.5;1
27.53;1
27.52;0
27.53;1
27.52;0
27.47;0
27.45;0
27.46;1
27.41;0
27.43;1
27.47;1
27.5;1
27.48;0
27.49;1
27.49;1
27.45;0
27.45;1
27.47;1
27.48;1
27.5;1
27.43;0
27.43;1
27.41;0
27.46;1
27.46;1
27.43;0
27.48;1
27.42;0
27.42;1
27.44;1
27.41;0
27.4;0
27.44;1
27.47;1
27.47;1
27.47;1
27.42;0
27.38;0
27.38;1
27.35;0
27.36;1
27.33;0
27.3;0
27.28;0
27.22;0
27.24;1
27.24;1
27.22;0
27.29;1
27.27;0
27.28;1
27.28;1
27.37;1
27.75;1
27.78;1
27.79;1
27.8;1
27.8;1
27.79;0
27.78;0
27.79;1
27.79;1
27.79;1
27.78;0
27.79;1
27.78;0
27.79;1
27.77;0
27.77;1
27.78;1
27.78;1
27.81;1
27.81;1
27.82;1
27.81;0
27.79;0
27.83;1
27.8;0
27.82;1
27.73;0
27.74;1
27.75;1
27.75;1
27.75;1
27.74;0
27.74;1
27.74;1
27.73;0
27.77;1
27.73;0
27.73;1
27.74;1
27.74;1
27.72;0
27.73;1
27.73;1
27.72;0
27.73;1
27.72;0
27.72;1
27.72;1
27.71;0
27.71;1
27.75;1
27.77;1
27.77;1
27.77;1
27.76;0
27.77;1
27.75;0
27.78;1
27.77;0
27.77;1
27.79;1
27.81;1
27.79;0
27.78;0
27.78;1
27.76;0
27.76;1
27.79;1
27.79;1
27.79;1
27.79;1
27.79;1
27.78;0
27.78;1
27.77;0
27.77;1
27.76;0
27.75;0
27.74;0
27.75;1
27.77;1
27.75;0
27.76;1
27.73;0
27.72;0
27.73;1
27.72;0
27.76;1
27.75;0
27.75;1
27.75;1
27.75;1
27.73;0
27.71;0
27.71;1
27.71;1
27.71;1
27.76;1
27.76;1
27.76;1
27.74;0
27.74;1
27.75;1
27.72;0
27.72;1
27.72;1
27.71;0
27.69;0
27.71;1
27.71;1
27.7;0
27.73;1
27.73;1
27.73;1
27.71;0
27.72;1
27.72;1
27.71;0
27.71;1
27.71;1
27.7;0
27.71;1
27.7;0
27.72;1
27.7;0
27.72;1
27.73;1
27.75;1
27.72;0
27.73;1
27.73;1
27.71;0
27.71;1
27.7;0
27.71;1
27.71;1
27.7;0
27.73;1
27.75;1
27.75;1
27.73;0
27.72;0
27.73;1
27.71;0
27.7;0
27.7;1
27.69;0
27.67;0
27.68;1
27.69;1
27.7;1
27.71;1
27.71;1
27.71;1
27.71;1
27.7;0
27.7;1
27.69;0
27.67;0
27.64;0
27.64;1
27.65;1
27.67;1
27.69;1
27.69;1
27.69;1
27.67;0
27.65;0
27.67;1
27.7;1
27.7;1
27.69;0
27.69;1
27.68;0
27.65;0
27.66;1
27.63;0
27.64;1
27.64;1
27.63;0
27.61;0
27.68;1
27.67;0
27.68;1
27.67;0
27.72;1
27.7;0
27.69;0
27.68;0
27.65;0
27.66;1
27.65;0
27.67;1
27.69;1
27.67;0
27.68;1
27.69;1
27.68;0
27.69;1
27.71;1
27.7;0
27.69;0
27.71;1
27.72;1
27.73;1
27.73;1
27.74;1
27.73;0
27.74;1
27.75;1
27.74;0
27.74;1
27.73;0
27.78;1
27.78;1
27.76;0
27.76;1
27.75;0
27.74;0
27.75;1
27.77;1
27.76;0
27.74;0
27.73;0
27.71;0
27.69;0
27.68;0
27.7;1
27.68;0
27.68;1
27.66;0
27.69;1
27.69;1
27.69;1
27.71;1
27.7;0
27.68;0
27.67;0
27.67;1
27.66;0
27.64;0
27.6;0
27.6;1
27.61;1
27.62;1
27.61;0
27.63;1
27.62;0
27.64;1
27.65;1
27.65;1
27.63;0
27.67;1
27.68;1
27.67;0
27.65;0
27.67;1
27.69;1
27.7;1
27.73;1
27.74;1
27.71;0
27.71;1
27.69;0
27.71;1
27.7;0
27.68;0
27.69;1
27.69;1
27.66;0
27.63;0
27.62;0
27.64;1
27.63;0
27.66;1
27.67;1
27.67;1
27.68;1
27.66;0
27.68;1
27.62;0
27.65;1
27.63;0
27.63;1
27.62;0
27.65;1
27.65;1
27.68;1
27.67;0
27.67;1
27.67;1
27.66;0
27.65;0
27.67;1
27.66;0
27.67;1
27.62;0
27.6;0
27.59;0
27.65;1
27.65;1
27.64;0
27.67;1
27.67;1
27.66;0
27.69;1
27.69;1
27.67;0
27.69;1
27.71;1
27.72;1
27.72;1
27.73;1
27.75;1
27.77;1
27.79;1
27.79;1
27.79;1
27.75;0
27.83;1
27.83;1
27.79;0
27.82;1
27.82;1
27.8;0
27.81;1
27.8;0
27.82;1
27.82;1
27.84;1
27.81;0
27.81;1
27.8;0
27.84;1
27.88;1
27.89;1
27.88;0
27.88;1
27.88;1
27.88;1
27.88;1
27.87;0
27.89;1
27.85;0
27.89;1
27.88;0
27.92;1
27.89;0
27.87;0
27.82;0
27.81;0
27.83;1
27.83;1
27.8;0
27.8;1
27.85;1
27.85;1
27.82;0
27.85;1
27.83;0
27.92;1
27.91;0
27.88;0
27.86;0
27.87;1
27.89;1
27.92;1
27.91;0
27.88;0
27.94;1
27.84;0
27.88;1
27.94;1
27.94;1
27.93;0
27.94;1
27.91;0
27.92;1
27.97;1
28.03;1
28.03;1
28.08;1
28.02;0
28.03;1
27.87;0
27.98;1
28.07;1
28.0;0
27.98;0
28.06;1
28.08;1
27.98;0
27.98;1
28.02;1
28.02;1
27.99;0
28.01;1
28.07;1
28.08;1
28.06;0
28.06;1
28.09;1
28.11;1
28.07;0
28.07;1
28.09;1
28.12;1
28.12;1
28.11;0
28.04;0
27.97;0
27.96;0
28.06;1
28.03;0
28.06;1
28.1;1
28.09;0
28.09;1
28.09;1
28.1;1
28.07;0
28.05;0
28.08;1
28.06;0
28.03;0
28.04;1
28.06;1
28.06;1
28.06;1
28.04;0
28.03;0
28.03;1
28.0;0
28.03;1
28.0;0
28.0;1
28.0;1
28.0;1
27.98;0
27.99;1
28.0;1
28.01;1
28.0;0
28.0;1
28.0;1
28.0;1
27.99;0
27.98;0
27.99;1
27.98;0
27.98;1
27.99;1
28.01;1
28.03;1
28.04;1
28.06;1
28.07;1
28.02;0
27.99;0
27.99;1
27.98;0
27.98;1
27.98;1
27.98;1
28.0;1
27.99;0
27.99;1
28.01;1
28.0;0
27.98;0
27.98;1
27.98;1
27.99;1
27.98;0
27.99;1
27.99;1
27.99;1
28.0;1
28.01;1
28.0;0
27.99;0
28.02;1
28.01;0
27.99;0
27.98;0
27.99;1
27.99;1
27.99;1
27.98;0
27.98;1
27.98;1
27.99;1
27.98;0
27.98;1
27.98;1
27.98;1
27.98;1
27.98;1
27.99;1
28.0;1
27.98;0
27.98;1
27.98;1
27.97;0
28.0;1
28.03;1
27.96;0
27.95;0
27.95;1
27.97;1
27.92;0
27.93;1
27.93;1
27.94;1
27.93;0
27.93;1
27.92;0
27.92;1
27.89;0
27.89;1
27.89;1
27.89;1
27.89;1
27.9;1
27.9;1
27.91;1
27.91;1
27.9;0
27.9;1
27.91;1
27.91;1
27.91;1
27.91;1
27.91;1
27.91;1
27.93;1
27.93;1
27.93;1
27.93;1
27.93;1
27.94;1
27.93;0
27.92;0
27.93;1
27.94;1
27.94;1
27.96;1
27.96;1
27.94;0
27.93;0
27.92;0
27.95;1
27.94;0
27.97;1
28.01;1
28.0;0
28.0;1
27.99;0
27.99;1
27.99;1
27.99;1
27.98;0
28.0;1
28.0;1
27.99;0
27.99;1
27.99;1
27.99;1
27.98;0
27.99;1
27.98;0
27.98;1
27.99;1
28.0;1
28.0;1
28.0;1
28.0;1
28.02;1
28.02;1
28.03;1
28.02;0
28.02;1
28.0;0
27.99;0
28.01;1
28.01;1
28.03;1
28.0;0
28.01;1
28.0;0
27.98;0
27.99;1
27.99;1
28.0;1
27.98;0
27.98;1
28.0;1
27.97;0
27.97;1
27.97;1
27.96;0
27.97;1
27.97;1
27.98;1
28.0;1
27.99;0
28.0;1
28.0;1
28.02;1
28.02;1
28.02;1
28.01;0
28.01;1
28.0;0
28.01;1
28.0;0
28.0;1
28.01;1
28.01;1
28.0;0
27.99;0
27.99;1
27.99;1
27.96;0
27.96;1
27.96;1
27.97;1
27.97;1
27.97;1
27.96;0
27.96;1
27.95;0
27.95;1
27.96;1
27.94;0
27.94;1
27.91;0
27.91;1
27.89;0
27.9;1
27.91;1
27.93;1
27.94;1
27.94;1
27.96;1
27.96;1
27.95;0
27.96;1
27.98;1
27.98;1
27.98;1
27.98;1
27.97;0
27.98;1
27.97;0
27.97;1
27.97;1
27.96;0
27.97;1
27.97;1
27.98;1
27.98;1
27.97;0
27.96;0
27.96;1
27.96;1
27.96;1
27.96;1
27.95;0
27.96;1
27.97;1
27.97;1
27.97;1
27.95;0
27.97;1
27.98;1
27.96;0
27.98;1
27.97;0
27.9;0
27.95;1
28.02;1
28.03;1
28.02;0
28.02;1
28.02;1
28.01;0
28.01;1
28.04;1
28.02;0
28.02;1
28.02;1
28.0;0
27.95;0
27.95;1
27.96;1
27.98;1
27.94;0
27.95;1
27.94;0
27.94;1
27.95;1
27.92;0
27.95;1
27.94;0
27.94;1
27.93;0
27.93;1
27.92;0
27.93;1
27.91;0
27.91;1
27.91;1
27.9;0
27.9;1
27.91;1
27.92;1
27.92;1
27.91;0
27.88;0
27.86;0
27.86;1
27.85;0
27.86;1
27.85;0
27.88;1
27.88;1
27.86;0
27.88;1
27.87;0
27.88;1
27.87;0
27.87;1
27.84;0
27.84;1
27.86;1
27.83;0
27.83;1
27.83;1
27.83;1
27.85;1
27.85;1
27.88;1
27.88;1
27.9;1
27.88;0
27.89;1
27.89;1
27.89;1
27.9;1
27.89;0
27.92;1
27.92;1
27.91;0
27.9;0
27.9;1
27.89;0
27.89;1
27.92;1
27.91;0
27.96;1
27.94;0
27.95;1
27.95;1
27.92;0
27.92;1
27.92;1
27.93;1
27.94;1
27.93;0
27.93;1
27.95;1
27.93;0
27.9;0
27.9;1
27.9;1
27.91;1
27.91;1
27.92;1
27.93;1
27.93;1
27.94;1
27.95;1
27.96;1
27.92;0
27.95;1
27.92;0
27.91;0
27.88;0
27.91;1
27.91;1
27.92;1
27.94;1
27.96;1
27.94;0
27.96;1
28.01;1
27.98;0
27.97;0
28.0;1
27.99;0
28.03;1
28.07;1
28.12;1
28.13;1
28.14;1
28.14;1
28.14;1
28.1;0
28.09;0
28.11;1
28.12;1
28.14;1
28.18;1
28.16;0
28.16;1
28.16;1
28.12;0
28.14;1
28.14;1
28.15;1
28.14;0
28.13;0
28.25;1
28.21;0
28.1;0
28.22;1
28.25;1
28.18;0
28.17;0
28.18;1
28.16;0
28.16;1
28.15;0
28.16;1
28.17;1
28.16;0
28.15;0
28.16;1
28.18;1
28.17;0
28.16;0
28.18;1
28.17;0
28.16;0
28.16;1
28.18;1
28.19;1
28.19;1
28.2;1
28.2;1
28.19;0
28.21;1
28.2;0
28.2;1
28.19;0
28.21;1
28.18;0
28.18;1
28.18;1
28.17;0
28.2;1
28.2;1
28.2;1
28.18;0
28.18;1
28.18;1
28.18;1
28.2;1
28.2;1
28.21;1
28.2;0
28.21;1
28.2;0
28.19;0
28.2;1
28.21;1
28.24;1
28.25;1
28.25;1
28.22;0
28.19;0
28.17;0
28.17;1
28.18;1
28.18;1
28.19;1
28.19;1
28.17;0
28.19;1
28.19;1
28.19;1
28.19;1
28.19;1
28.19;1
28.18;0
28.19;1
28.17;0
28.19;1
28.21;1
28.2;0
28.2;1
28.18;0
28.18;1
28.17;0
28.16;0
28.15;0
28.16;1
28.16;1
28.15;0
28.15;1
28.18;1
28.19;1
28.2;1
28.18;0
28.18;1
28.16;0
28.16;1
28.16;1
28.17;1
28.18;1
28.17;0
28.16;0
28.17;1
28.17;1
28.16;0
28.16;1
28.17;1
28.17;1
28.18;1
28.17;0
28.17;1
28.18;1
28.18;1
28.17;0
28.18;1
28.17;0
28.18;1
28.19;1
28.19;1
28.18;0
28.21;1
28.21;1
28.19;0
28.18;0
28.18;1
28.18;1
28.18;1
28.17;0
28.17;1
28.17;1
28.18;1
28.18;1
28.2;1
28.19;0
28.18;0
28.17;0
28.17;1
28.15;0
28.15;1
28.15;1
28.17;1
28.19;1
28.19;1
28.2;1
28.2;1
28.2;1
28.2;1
28.2;1
28.2;1
28.16;0
28.17;1
28.18;1
28.2;1
28.19;0
28.18;0
28.21;1
28.18;0
28.17;0
28.16;0
28.17;1
28.17;1
28.17;1
28.15;0
28.16;1
28.16;1
28.13;0
28.11;0
28.13;1
28.14;1
28.17;1
28.19;1
28.15;0
28.15;1
28.16;1
28.13;0
28.1;0
28.14;1
28.13;0
28.14;1
28.1;0
28.1;1
28.11;1
28.08;0
28.08;1
28.06;0
28.08;1
28.05;0
28.04;0
28.05;1
28.03;0
28.02;0
28.02;1
28.01;0
28.01;1
28.01;1
28.01;1
28.01;1
28.01;1
28.0;0
28.01;1
28.01;1
28.01;1
28.01;1
28.01;1
28.01;1
28.01;1
28.02;1
28.04;1
28.04;1
28.04;1
28.02;0
28.02;1
28.01;0
28.03;1
28.0;0
28.0;1
28.01;1
28.01;1
28.01;1
27.96;0
27.95;0
27.96;1
27.97;1
27.97;1
27.98;1
27.99;1
27.98;0
27.97;0
27.98;1
27.99;1
27.97;0
27.94;0
27.96;1
27.97;1
27.96;0
27.96;1
27.95;0
27.95;1
27.95;1
27.95;1
27.97;1
27.96;0
27.96;1
27.95;0
27.96;1
27.96;1
27.96;1
27.96;1
27.94;0
27.93;0
27.91;0
27.9;0
27.9;1
27.91;1
27.89;0
27.83;0
27.85;1
27.88;1
27.88;1
27.91;1
27.92;1
27.92;1
27.92;1
27.91;0
27.9;0
27.88;0
27.88;1
27.85;0
27.85;1
27.83;0
27.81;0
27.83;1
27.89;1
27.88;0
27.94;1
27.95;1
27.89;0
27.88;0
27.89;1
27.91;1
27.95;1
27.99;1
28.01;1
28.0;0
27.97;0
27.98;1
27.98;1
27.96;0
27.98;1
28.01;1
28.02;1
28.07;1
28.08;1
28.06;0
28.06;1
28.08;1
28.07;0
28.08;1
28.07;0
28.09;1
28.09;1
28.05;0
28.05;1
28.06;1
28.04;0
28.07;1
28.06;0
28.07;1
28.03;0
28.04;1
28.04;1
28.06;1
28.06;1
28.06;1
28.07;1
28.06;0
28.02;0
28.06;1
28.06;1
28.09;1
28.09;1
28.09;1
28.08;0
28.09;1
28.11;1
28.09;0
28.08;0
28.05;0
28.06;1
28.08;1
28.11;1
28.09;0
28.12;1
28.12;1
28.14;1
28.16;1
28.16;1
28.13;0
28.13;1
28.13;1
28.07;0
28.09;1
28.11;1
28.13;1
28.14;1
28.14;1
28.12;0
28.14;1
28.12;0
28.15;1
28.17;1
28.2;1
28.17;0
28.18;1
28.18;1
28.15;0
28.1;0
28.09;0
28.14;1
28.13;0
28.18;1
28.13;0
28.19;1
28.18;0
28.14;0
28.15;1
28.16;1
28.15;0
28.12;0
28.12;1
28.11;0
28.11;1
28.1;0
28.12;1
28.13;1
28.12;0
28.11;0
28.16;1
28.15;0
28.16;1
28.12;0
28.1;0
28.09;0
28.07;0
28.05;0
28.01;0
28.04;1
28.07;1
28.03;0
28.01;0
27.97;0
28.09;1
28.03;0
28.05;1
28.06;1
28.1;1
28.15;1
28.14;0
28.17;1
28.15;0
28.17;1
28.13;0
28.12;0
28.07;0
28.09;1
28.07;0
28.08;1
28.09;1
28.1;1
28.06;0
28.02;0
28.11;1
28.17;1
28.21;1
28.22;1
28.11;0
28.08;0
28.14;1
27.75;0
27.76;1
27.93;1
27.92;0
27.92;1
27.9;0
27.92;1
27.91;0
27.92;1
27.9;0
27.93;1
27.9;0
27.9;1
27.9;1
27.92;1
27.91;0
27.9;0
27.92;1
27.92;1
27.88;0
27.87;0
27.86;0
27.88;1
27.91;1
27.91;1
27.91;1
27.93;1
27.92;0
27.91;0
27.89;0
27.88;0
27.89;1
27.89;1
27.89;1
27.88;0
27.85;0
27.87;1
27.87;1
27.85;0
27.85;1
27.84;0
27.84;1
27.83;0
27.85;1
27.85;1
27.86;1
27.83;0
27.82;0
27.82;1
27.81;0
27.83;1
27.82;0
27.85;1
27.84;0
27.84;1
27.83;0
27.84;1
27.84;1
27.84;1
27.85;1
27.81;0
27.8;0
27.78;0
27.79;1
27.8;1
27.79;0
27.77;0
27.75;0
27.76;1
27.77;1
27.76;0
27.77;1
27.77;1
27.72;0
27.72;1
27.77;1
27.76;0
27.76;1
27.75;0
27.77;1
27.75;0
27.73;0
27.73;1
27.72;0
27.72;1
27.7;0
27.72;1
27.74;1
27.7;0
27.7;1
27.69;0
27.69;1
27.69;1
27.69;1
27.7;1
27.69;0
27.69;1
27.7;1
27.71;1
27.71;1
27.69;0
27.71;1
27.69;0
27.71;1
27.72;1
27.72;1
27.71;0
27.7;0
27.71;1
27.71;1
27.73;1
27.75;1
27.72;0
27.73;1
27.76;1
27.79;1
27.75;0
27.74;0
27.75;1
27.76;1
27.74;0
27.75;1
27.77;1
27.78;1
27.77;0
27.77;1
27.78;1
27.78;1
27.78;1
27.78;1
27.78;1
27.79;1
27.79;1
27.82;1
27.81;0
27.82;1
27.82;1
27.81;0
27.82;1
27.81;0
27.78;0
27.81;1
27.8;0
27.8;1
27.8;1
27.81;1
27.81;1
27.83;1
27.84;1
27.85;1
27.82;0
27.83;1
27.8;0
27.81;1
27.8;0
27.8;1
27.82;1
27.8;0
27.8;1
27.83;1
27.8;0
27.79;0
27.8;1
27.8;1
27.83;1
27.81;0
27.82;1
27.79;0
27.8;1
27.81;1
27.81;1
27.82;1
27.83;1
27.82;0
27.82;1
27.83;1
27.83;1
27.82;0
27.81;0
27.84;1
27.82;0
27.79;0
27.8;1
27.79;0
27.79;1
27.8;1
27.78;0
27.79;1
27.79;1
27.79;1
27.78;0
27.78;1
27.78;1
27.8;1
27.82;1
27.81;0
27.81;1
27.8;0
27.82;1
27.83;1
27.83;1
27.82;0
27.84;1
27.84;1
27.84;1
27.83;0
27.81;0
27.8;0
27.78;0
27.78;1
27.77;0
27.75;0
27.78;1
27.78;1
27.78;1
27.76;0
27.74;0
27.75;1
27.72;0
27.74;1
27.75;1
27.75;1
27.75;1
27.75;1
27.73;0
27.75;1
27.72;0
27.72;1
27.75;1
27.76;1
27.73;0
27.75;1
27.73;0
27.71;0
27.72;1
27.72;1
27.73;1
27.74;1
27.73;0
27.73;1
27.73;1
27.66;0
27.67;1
27.67;1
27.71;1
27.69;0
27.67;0
27.68;1
27.68;1
27.72;1
27.67;0
27.64;0
27.58;0
27.59;1
27.62;1
27.74;1
27.78;1
27.77;0
27.81;1
27.82;1
27.85;1
27.86;1
27.82;0
27.9;1
27.91;1
27.92;1
27.9;0
27.92;1
27.9;0
27.92;1
27.89;0
27.89;1
27.87;0
27.87;1
27.88;1
27.87;0
27.89;1
27.89;1
27.88;0
27.89;1
27.91;1
27.91;1
27.93;1
27.97;1
27.99;1
27.99;1
27.97;0
27.98;1
27.98;1
27.98;1
28.03;1
28.04;1
28.03;0
28.07;1
28.06;0
28.05;0
28.01;0
27.97;0
27.94;0
27.95;1
27.96;1
27.95;0
27.97;1
27.98;1
27.97;0
27.95;0
27.92;0
27.91;0
27.94;1
27.95;1
27.93;0
27.92;0
27.91;0
27.91;1
27.89;0
27.89;1
27.85;0
27.84;0
27.84;1
27.81;0
27.79;0
27.81;1
27.77;0
27.76;0
27.69;0
27.67;0
27.67;1
27.69;1
27.71;1
27.71;1
27.7;0
27.71;1
27.72;1
27.71;0
27.7;0
27.7;1
27.69;0
27.7;1
27.69;0
27.72;1
27.7;0
27.69;0
27.71;1
27.73;1
27.71;0
27.71;1
27.79;1
27.73;0
27.77;1
27.78;1
27.78;1
27.79;1
27.8;1
27.79;0
27.8;1
27.85;1
27.84;0
27.81;0
27.81;1
27.87;1
27.85;0
27.83;0
27.81;0
27.81;1
27.77;0
27.75;0
27.77;1
27.8;1
27.8;1
27.81;1
27.84;1
27.83;0
27.78;0
27.77;0
27.71;0
27.72;1
27.74;1
27.77;1
27.77;1
27.82;1
27.8;0
27.82;1
27.84;1
27.76;0
27.82;1
27.83;1
27.89;1
27.97;1
28.01;1
28.01;1
28.01;1
27.99;0
27.96;0
27.94;0
27.91;0
27.91;1
27.91;1
27.95;1
27.93;0
27.95;1
27.95;1
28.02;1
28.03;1
28.08;1
28.11;1
28.1;0
28.05;0
27.98;0
27.97;0
28.01;1
28.02;1
28.14;1
28.12;0
28.03;0
27.98;0
27.93;0
27.91;0
27.91;1
27.92;1
27.96;1
27.95;0
27.93;0
27.93;1
27.96;1
27.96;1
27.96;1
27.97;1
27.96;0
27.96;1
27.93;0
27.92;0
27.93;1
27.93;1
27.92;0
27.96;1
27.97;1
27.99;1
27.95;0
27.93;0
27.92;0
27.92;1
27.93;1
27.93;1
27.94;1
27.95;1
27.92;0
27.96;1
27.99;1
28.0;1
27.95;0
27.96;1
27.96;1
27.95;0
27.91;0
27.91;1
27.89;0
27.93;1
27.9;0
27.88;0
27.88;1
27.89;1
27.9;1
27.89;0
27.88;0
27.88;1
27.89;1
27.89;1
27.89;1
27.89;1
27.89;1
27.88;0
27.89;1
27.89;1
27.89;1
27.9;1
27.92;1
27.92;1
27.93;1
27.92;0
27.93;1
27.92;0
27.92;1
27.92;1
27.92;1
27.93;1
27.93;1
27.92;0
27.95;1
27.95;1
27.94;0
27.95;1
27.93;0
27.93;1
27.92;0
27.93;1
27.93;1
27.94;1
27.93;0
27.92;0
27.92;1
27.93;1
27.93;1
27.92;0
27.97;1
27.96;0
27.96;1
27.91;0
27.91;1
27.92;1
27.93;1
27.91;0
27.89;0
27.86;0
27.88;1
27.87;0
27.88;1
27.85;0
27.84;0
27.84;1
27.84;1
27.84;1
27.84;1
27.86;1
27.87;1
27.85;0
27.88;1
27.87;0
27.86;0
27.9;1
27.82;0
27.87;1
27.85;0
27.83;0
27.88;1
27.89;1
27.89;1
27.88;0
27.89;1
27.88;0
27.87;0
27.87;1
27.87;1
27.88;1
27.87;0
27.87;1
27.87;1
27.86;0
27.84;0
27.85;1
27.83;0
27.83;1
27.87;1
27.88;1
27.87;0
27.88;1
27.88;1
27.88;1
27.88;1
27.86;0
27.87;1
27.86;0
27.87;1
27.86;0
27.88;1
27.9;1
27.93;1
27.96;1
27.96;1
27.92;0
27.91;0
27.91;1
27.92;1
27.91;0
27.89;0
27.89;1
27.91;1
27.9;0
27.9;1
27.92;1
27.92;1
27.92;1
27.92;1
27.93;1
27.93;1
27.91;0
27.92;1
27.94;1
27.93;0
27.94;1
27.95;1
27.94;0
27.92;0
27.93;1
27.96;1
27.91;0
27.91;1
27.89;0
27.89;1
27.87;0
27.86;0
27.84;0
27.84;1
27.83;0
27.84;1
27.85;1
27.86;1
27.85;0
27.85;1
27.84;0
27.85;1
27.84;0
27.83;0
27.83;1
27.81;0
27.8;0
27.83;1
27.84;1
27.85;1
27.86;1
27.89;1
27.86;0
27.86;1
27.86;1
27.85;0
27.83;0
27.86;1
27.83;0
27.85;1
27.93;1
27.93;1
27.93;1
27.94;1
27.88;0
27.9;1
27.96;1
27.95;0
27.95;1
27.93;0
27.94;1
27.95;1
27.96;1
27.96;1
27.95;0
27.97;1
27.94;0
27.96;1
27.96;1
27.97;1
27.96;0
27.98;1
28.0;1
28.01;1
28.01;1
28.01;1
28.0;0
28.02;1
28.0;0
28.0;1
28.01;1
28.02;1
27.98;0
28.01;1
27.99;0
28.01;1
28.01;1
28.05;1
28.09;1
28.08;0
28.1;1
28.09;0
28.06;0
28.02;0
28.01;0
27.99;0
27.99;1
27.99;1
27.98;0
27.98;1
27.99;1
27.99;1
27.98;0
27.99;1
28.03;1
28.02;0
28.04;1
28.03;0
28.01;0
27.99;0
27.99;1
27.98;0
27.96;0
27.96;1
27.97;1
27.96;0
27.96;1
27.98;1
27.99;1
27.98;0
27.98;1
27.99;1
27.95;0
27.96;1
27.96;1
27.96;1
27.95;0
27.94;0
27.93;0
27.93;1
27.94;1
27.96;1
27.96;1
27.93;0
27.95;1
27.96;1
27.96;1
27.96;1
27.96;1
27.85;0
27.84;0
27.84;1
27.85;1
27.8;0
27.76;0
27.73;0
27.75;1
27.76;1
27.76;1
27.78;1
27.79;1
27.8;1
27.82;1
27.8;0
27.8;1
27.75;0
27.74;0
27.75;1
27.75;1
27.72;0
27.76;1
27.7;0
27.7;1
27.69;0
27.68;0
27.68;1
27.69;1
27.69;1
27.69;1
27.73;1
27.75;1
27.76;1
27.8;1
27.8;1
27.8;1
27.77;0
27.76;0
27.75;0
27.69;0
27.72;1
27.75;1
27.73;0
27.68;0
27.69;1
27.69;1
27.65;0
27.63;0
27.61;0
27.61;1
27.63;1
27.63;1
27.57;0
27.53;0
27.49;0
27.5;1
27.53;1
27.52;0
27.57;1
27.58;1
27.57;0
27.6;1
27.59;0
27.62;1
27.65;1
27.65;1
27.66;1
27.66;1
27.69;1
27.69;1
27.72;1
27.73;1
27.75;1
27.74;0
27.66;0
27.67;1
27.71;1
27.76;1
27.85;1
27.89;1
27.82;0
27.8;0
27.81;1
27.76;0
27.76;1
27.81;1
27.84;1
27.83;0
27.84;1
27.83;0
27.85;1
27.86;1
27.86;1
27.88;1
27.88;1
27.99;1
27.91;0
27.91;1
27.82;0
27.76;0
27.74;0
27.75;1
27.73;0
27.71;0
27.74;1
27.63;0
27.53;0
27.55;1
27.44;0
27.71;1
27.66;0
27.68;1
27.66;0
27.66;1
27.66;1
27.68;1
27.67;0
27.68;1
27.65;0
27.65;1
27.66;1
27.65;0
27.65;1
27.63;0
27.66;1
27.66;1
27.65;0
27.64;0
27.65;1
27.65;1
27.65;1
27.65;1
27.65;1
27.64;0
27.63;0
27.69;1
27.68;0
27.69;1
27.7;1
27.69;0
27.67;0
27.67;1
27.66;0
27.66;1
27.62;0
27.62;1
27.65;1
27.65;1
27.68;1
27.66;0
27.65;0
27.64;0
27.66;1
27.67;1
27.68;1
27.67;0
27.64;0
27.65;1
27.66;1
27.66;1
27.65;0
27.63;0
27.62;0
27.6;0
27.65;1
27.64;0
27.62;0
27.64;1
27.64;1
27.64;1
27.61;0
27.61;1
27.61;1
27.64;1
27.62;0
27.61;0
27.6;0
27.56;0
27.6;1
27.58;0
27.61;1
27.61;1
27.58;0
27.54;0
27.59;1
27.56;0
27.59;1
27.59;1
27.62;1
27.66;1
27.63;0
27.6;0
27.58;0
27.61;1
27.57;0
27.59;1
27.62;1
27.61;0
27.64;1
27.61;0
27.61;1
27.64;1
27.65;1
27.67;1
27.72;1
27.74;1
27.73;0
27.76;1
27.78;1
27.77;0
27.78;1
27.78;1
27.8;1
27.82;1
27.83;1
27.83;1
27.83;1
27.83;1
27.83;1
27.8;0
27.81;1
27.81;1
27.79;0
27.8;1
27.8;1
27.81;1
27.82;1
27.82;1
27.82;1
27.84;1
27.85;1
27.82;0
27.81;0
27.8;0
27.81;1
27.81;1
27.82;1
27.81;0
27.81;1
27.8;0
27.79;0
27.82;1
27.8;0
27.8;1
27.81;1
27.79;0
27.82;1
27.82;1
27.83;1
27.83;1
27.84;1
27.84;1
27.8;0
27.84;1
27.83;0
27.81;0
27.82;1
27.83;1
27.85;1
27.86;1
27.86;1
27.86;1
27.86;1
27.86;1
27.85;0
27.87;1
27.85;0
27.87;1
27.88;1
27.88;1
27.88;1
27.87;0
27.87;1
27.87;1
27.84;0
27.85;1
27.87;1
27.86;0
27.86;1
27.86;1
27.86;1
27.83;0
27.81;0
27.81;1
27.81;1
27.81;1
27.8;0
27.81;1
27.81;1
27.79;0
27.79;1
27.78;0
27.78;1
27.77;0
27.75;0
27.75;1
27.76;1
27.73;0
27.75;1
27.75;1
27.74;0
27.74;1
27.74;1
27.77;1
27.76;0
27.73;0
27.74;1
27.79;1
27.78;0
27.75;0
27.77;1
27.76;0
27.76;1
27.72;0
27.69;0
27.71;1
27.71;1
27.69;0
27.73;1
27.74;1
27.77;1
27.8;1
27.8;1
27.77;0
27.77;1
27.77;1
27.78;1
27.77;0
27.74;0
27.78;1
27.77;0
27.78;1
27.77;0
27.77;1
27.77;1
27.78;1
27.77;0
27.77;1
27.77;1
27.77;1
27.8;1
27.81;1
27.81;1
27.8;0
27.83;1
27.84;1
27.85;1
27.84;0
27.83;0
27.86;1
27.9;1
27.9;1
27.92;1
27.92;1
27.9;0
27.92;1
27.93;1
27.91;0
27.92;1
27.89;0
27.89;1
27.87;0
27.88;1
27.86;0
27.86;1
27.87;1
27.84;0
27.8;0
27.79;0
27.81;1
27.8;0
27.81;1
27.83;1
27.84;1
27.81;0
27.83;1
27.8;0
27.81;1
27.8;0
27.79;0
27.78;0
27.81;1
27.83;1
27.82;0
27.82;1
27.81;0
27.8;0
27.81;1
27.79;0
27.74;0
27.73;0
27.73;1
27.72;0
27.71;0
27.7;0
27.72;1
27.7;0
27.68;0
27.68;1
27.68;1
27.68;1
27.69;1
27.72;1
27.72;1
27.68;0
27.67;0
27.69;1
27.69;1
27.69;1
27.7;1
27.74;1
27.7;0
27.73;1
27.73;1
27.73;1
27.73;1
27.74;1
27.73;0
27.7;0
27.67;0
27.67;1
27.69;1
27.76;1
27.78;1
27.81;1
27.78;0
27.74;0
27.74;1
27.77;1
27.76;0
27.8;1
27.78;0
27.78;1
27.73;0
27.73;1
27.72;0
27.71;0
27.74;1
27.68;0
27.68;1
27.63;0
27.58;0
27.59;1
27.56;0
27.56;1
27.55;0
27.55;1
27.58;1
27.5;0
27.5;1
27.52;1
27.5;0
27.54;1
27.53;0
27.55;1
27.56;1
27.61;1
27.6;0
27.6;1
27.57;0
27.55;0
27.53;0
27.54;1
27.53;0
27.52;0
27.52;1
27.52;1
27.5;0
27.46;0
27.42;0
27.42;1
27.42;1
27.42;1
27.45;1
27.38;0
27.35;0
27.32;0
27.27;0
27.27;1
27.28;1
27.26;0
27.24;0
27.24;1
27.22;0
27.27;1
27.3;1
27.3;1
27.31;1
27.33;1
27.37;1
27.36;0
27.41;1
27.37;0
27.39;1
27.36;0
27.42;1
27.41;0
27.46;1
27.45;0
27.45;1
27.44;0
27.44;1
27.41;0
27.45;1
27.4;0
27.46;1
27.42;0
27.46;1
27.41;0
27.42;1
27.35;0
27.35;1
27.36;1
27.32;0
27.29;0
27.27;0
27.11;0
27.15;1
27.24;1
27.2;0
27.24;1
27.1;0
27.06;0
27.06;1
26.99;0
26.99;1
26.99;1
26.99;1
26.99;1
27.01;1
27.04;1
27.03;0
27.05;1
27.04;0
27.01;0
27.04;1
27.05;1
27.04;0
27.06;1
27.06;1
27.06;1
27.06;1
27.07;1
27.07;1
27.04;0
27.05;1
27.07;1
27.07;1
27.06;0
27.06;1
27.06;1
27.06;1
27.08;1
27.1;1
27.1;1
27.1;1
27.1;1
27.09;0
27.11;1
27.1;0
27.1;1
27.1;1
27.1;1
27.08;0
27.08;1
27.06;0
27.06;1
27.04;0
27.05;1
27.03;0
27.06;1
27.07;1
27.09;1
27.07;0
27.07;1
27.07;1
27.06;0
27.06;1
27.07;1
27.07;1
27.06;0
27.07;1
27.07;1
27.09;1
27.09;1
27.09;1
27.1;1
27.1;1
27.1;1
27.09;0
27.08;0
27.08;1
27.09;1
27.09;1
27.1;1
27.1;1
27.09;0
27.08;0
27.09;1
27.12;1
27.11;0
27.12;1
27.12;1
27.12;1
27.12;1
27.13;1
27.14;1
27.13;0
27.14;1
27.13;0
27.12;0
27.1;0
27.1;1
27.1;1
27.1;1
27.1;1
27.11;1
27.12;1
27.11;0
27.12;1
27.11;0
27.13;1
27.14;1
27.15;1
27.15;1
27.17;1
27.16;0
27.17;1
27.16;0
27.13;0
27.14;1
27.14;1
27.14;1
27.14;1
27.13;0
27.13;1
27.13;1
27.13;1
27.15;1
27.15;1
27.15;1
27.15;1
27.14;0
27.13;0
27.14;1
27.11;0
27.1;0
27.11;1
27.09;0
27.08;0
27.07;0
27.09;1
27.09;1
27.09;1
27.1;1
27.09;0
27.1;1
27.11;1
27.1;0
27.1;1
27.09;0
27.09;1
27.09;1
27.09;1
27.06;0
27.06;1
27.05;0
27.05;1
27.06;1
27.07;1
27.06;0
27.06;1
27.06;1
27.05;0
27.09;1
27.09;1
27.07;0
27.07;1
27.05;0
27.02;0
27.04;1
27.06;1
27.06;1
27.06;1
27.06;1
27.06;1
27.04;0
27.04;1
27.03;0
27.03;1
27.04;1
27.04;1
27.03;0
27.04;1
27.02;0
27.01;0
27.02;1
27.0;0
27.02;1
27.02;1
27.02;1
27.02;1
27.01;0
27.0;0
27.01;1
26.99;0
27.01;1
27.0;0
27.0;1
27.01;1
27.03;1
27.05;1
27.03;0
27.03;1
27.01;0
27.01;1
27.02;1
27.02;1
27.03;1
27.04;1
27.02;0
27.01;0
27.02;1
27.03;1
27.05;1
27.02;0
27.01;0
26.99;0
26.99;1
27.0;1
26.97;0
26.97;1
27.02;1
27.03;1
27.03;1
27.03;1
27.03;1
27.02;0
27.02;1
27.03;1
27.03;1
27.04;1
27.05;1
27.06;1
27.05;0
27.06;1
27.06;1
27.05;0
27.04;0
27.04;1
27.04;1
27.03;0
27.03;1
27.03;1
27.04;1
27.04;1
27.02;0
27.03;1
27.03;1
27.04;1
27.03;0
27.04;1
27.05;1
27.05;1
27.06;1
27.04;0
27.04;1
27.04;1
27.04;1
27.05;1
27.06;1
27.09;1
27.08;0
27.07;0
27.08;1
27.06;0
27.1;1
27.11;1
27.1;0
27.1;1
27.1;1
27.12;1
27.17;1
27.18;1
27.18;1
27.17;0
27.18;1
27.18;1
27.15;0
27.12;0
27.11;0
27.08;0
27.08;1
27.08;1
27.07;0
27.05;0
27.09;1
27.1;1
27.12;1
27.11;0
27.1;0
27.1;1
27.09;0
27.08;0
27.08;1
27.06;0
27.07;1
27.07;1
27.06;0
27.08;1
27.08;1
27.09;1
27.08;0
27.1;1
27.13;1
27.15;1
27.14;0
27.16;1
27.16;1
27.17;1
27.2;1
27.18;0
27.17;0
27.16;0
27.19;1
27.16;0
27.17;1
27.16;0
27.14;0
27.15;1
27.16;1
27.18;1
27.2;1
27.19;0
27.22;1
27.23;1
27.24;1
27.24;1
27.26;1
27.25;0
27.3;1
27.3;1
27.3;1
27.29;0
27.3;1
27.31;1
27.3;0
27.3;1
27.29;0
27.31;1
27.3;0
27.32;1
27.3;0
27.32;1
27.34;1
27.33;0
27.32;0
27.32;1
27.32;1
27.36;1
27.35;0
27.34;0
27.34;1
27.34;1
27.34;1
27.33;0
27.32;0
27.36;1
27.37;1
27.39;1
27.34;0
27.36;1
27.34;0
27.39;1
27.34;0
27.36;1
27.37;1
27.34;0
27.37;1
27.4;1
27.42;1
27.42;1
27.41;0
27.44;1
27.46;1
27.44;0
27.4;0
27.38;0
27.38;1
27.46;1
27.47;1
27.45;0
27.45;1
27.47;1
27.42;0
27.4;0
27.43;1
27.43;1
27.45;1
27.44;0
27.47;1
27.49;1
27.47;0
27.49;1
27.53;1
27.55;1
27.55;1
27.57;1
27.57;1
27.6;1
27.6;1
27.56;0
27.56;1
27.57;1
27.62;1
27.57;0
27.65;1
27.66;1
27.62;0
27.77;1
27.73;0
27.74;1
27.64;0
27.64;1
27.6;0
27.6;1
27.62;1
27.52;0
27.57;1
27.49;0
27.55;1
27.45;0
27.4;0
27.5;1
27.53;1
27.54;1
27.54;1
27.51;0
27.49;0
27.5;1
27.51;1
27.54;1
27.5;0
27.49;0
27.49;1
27.51;1
27.52;1
27.5;0
27.51;1
27.51;1
27.51;1
27.48;0
27.53;1
27.52;0
27.51;0
27.49;0
27.48;0
27.46;0
27.47;1
27.47;1
27.47;1
27.46;0
27.42;0
27.45;1
27.47;1
27.48;1
27.49;1
27.49;1
27.49;1
27.5;1
27.48;0
27.48;1
27.45;0
27.47;1
27.48;1
27.46;0
27.46;1
27.46;1
27.45;0
27.46;1
27.5;1
27.46;0
27.47;1
27.5;1
27.5;1
27.49;0
27.49;1
27.49;1
27.5;1
27.51;1
27.51;1
27.5;0
27.47;0
27.47;1
27.46;0
27.42;0
27.42;1
27.41;0
27.43;1
27.44;1
27.44;1
27.46;1
27.43;0
27.48;1
27.48;1
27.49;1
27.5;1
27.49;0
27.47;0
27.46;0
27.46;1
27.48;1
27.51;1
27.5;0
27.5;1
27.52;1
27.52;1
27.53;1
27.53;1
27.54;1
27.55;1
27.54;0
27.55;1
27.55;1
27.55;1
27.57;1
27.56;0
27.56;1
27.56;1
27.55;0
27.54;0
27.53;0
27.5;0
27.56;1
27.58;1
27.6;1
27.58;0
27.59;1
27.59;1
27.58;0
27.58;1
27.56;0
27.57;1
27.56;0
27.58;1
27.55;0
27.56;1
27.55;0
27.54;0
27.54;1
27.53;0
27.55;1
27.55;1
27.56;1
27.56;1
27.55;0
27.58;1
27.55;0
27.55;1
27.57;1
27.58;1
27.57;0
27.58;1
27.58;1
27.58;1
27.58;1
27.6;1
27.61;1
27.6;0
27.62;1
27.63;1
27.63;1
27.62;0
27.59;0
27.59;1
27.58;0
27.59;1
27.57;0
27.56;0
27.56;1
27.55;0
27.56;1
27.57;1
27.59;1
27.61;1
27.61;1
27.59;0
27.6;1
27.61;1
27.61;1
27.61;1
27.61;1
27.61;1
27.6;0
27.6;1
27.6;1
