Ativo;Data;Abertura;Máximo;Mínimo;Fechamento;Volume;Quantidade
WDOFUT;16/06/2023;4.823,500;4.861,500;4.819,500;4.829,500;130.434.949.695,00;2.696.011
WDOFUT;15/06/2023;4.840,000;4.858,500;4.808,500;4.826,500;130.797.613.090,00;2.707.611
WDOFUT;14/06/2023;4.875,000;4.883,000;4.811,500;4.832,500;167.225.088.840,00;3.443.338
WDOFUT;13/06/2023;4.885,000;4.896,500;4.865,000;4.880,000;131.728.660.505,00;2.701.754
WDOFUT;12/06/2023;4.901,500;4.919,500;4.880,500;4.881,000;119.516.371.365,00;2.440.536
WDOFUT;09/06/2023;4.936,000;4.948,500;4.875,500;4.898,000;119.363.398.900,00;2.431.030
WDOFUT;07/06/2023;4.930,000;4.954,500;4.922,500;4.952,000;139.396.821.205,00;2.823.458
WDOFUT;06/06/2023;4.956,500;4.979,000;4.923,000;4.935,000;136.731.598.610,00;2.763.419
WDOFUT;05/06/2023;5.000,000;5.001,000;4.936,500;4.958,000;135.283.452.670,00;2.729.965
WDOFUT;02/06/2023;5.030,000;5.031,000;4.972,000;4.985,000;139.507.985.095,00;2.794.849
WDOFUT;01/06/2023;5.067,000;5.086,000;5.032,000;5.044,000;153.077.438.585,00;3.025.740
WDOFUT;31/05/2023;5.085,000;5.156,000;5.080,000;5.083,000;204.718.555.755,00;4.003.403
WDOFUT;30/05/2023;5.035,843;5.097,157;5.027,801;5.066,500;148.027.685.490,00;2.931.988
WDOFUT;29/05/2023;5.030,817;5.049,915;5.002,672;5.048,407;85.686.334.910,00;1.713.161
WDOFUT;26/05/2023;5.046,397;5.061,977;5.008,201;5.027,801;146.029.885.785,00;2.915.301
WDOFUT;25/05/2023;4.984,077;5.075,044;4.975,031;5.067,505;182.854.685.450,00;3.650.636
WDOFUT;24/05/2023;4.996,642;4.997,144;4.966,989;4.991,616;116.756.580.050,00;2.356.301
WDOFUT;23/05/2023;5.014,734;5.028,807;4.984,077;5.006,693;135.784.222.655,00;2.727.030
WDOFUT;22/05/2023;5.035,340;5.041,874;4.988,600;5.004,180;119.386.321.170,00;2.396.368
WDOFUT;19/05/2023;4.991,113;5.041,371;4.982,067;5.035,843;158.447.967.085,00;3.172.258
WDOFUT;18/05/2023;4.989,103;5.020,263;4.987,093;5.005,688;133.863.526.100,00;2.688.254
WDOFUT;17/05/2023;4.980,559;5.010,211;4.960,958;4.978,549;152.186.057.780,00;3.068.747
WDOFUT;16/05/2023;4.934,322;4.994,129;4.926,783;4.980,559;160.824.270.540,00;3.260.559
WDOFUT;15/05/2023;4.963,471;4.974,528;4.927,286;4.935,829;130.066.556.490,00;2.640.870
WDOFUT;12/05/2023;4.978,549;5.000,662;4.949,902;4.964,979;130.816.150.815,00;2.644.096
WDOFUT;11/05/2023;5.002,672;5.030,314;4.971,513;4.977,543;145.670.622.545,00;2.925.054
WDOFUT;10/05/2023;5.034,335;5.039,361;4.985,585;4.991,616;131.825.144.260,00;2.648.768
WDOFUT;09/05/2023;5.056,951;5.086,101;5.021,268;5.035,340;143.230.118.480,00;2.850.491
WDOFUT;08/05/2023;5.003,678;5.068,008;4.991,616;5.059,966;141.367.663.785,00;2.826.062
WDOFUT;05/05/2023;5.034,335;5.059,966;4.976,538;5.004,180;144.742.459.550,00;2.900.757
WDOFUT;04/05/2023;5.030,817;5.087,608;5.021,268;5.038,356;142.611.467.735,00;2.835.831
WDOFUT;03/05/2023;5.072,028;5.106,204;5.034,335;5.048,910;148.578.199.530,00;2.946.425
WDOFUT;02/05/2023;5.054,941;5.109,219;5.048,407;5.093,639;125.111.951.815,00;2.471.843
WDOFUT;28/04/2023;5.049,412;5.076,049;5.036,345;5.041,874;134.751.075.460,00;2.679.156
WDOFUT;27/04/2023;5.098,583;5.108,699;5.029,792;5.032,827;165.141.839.340,00;3.295.357
WDOFUT;26/04/2023;5.108,699;5.133,990;5.095,548;5.106,170;146.814.758.035,00;2.903.908
WDOFUT;25/04/2023;5.109,205;5.146,129;5.091,501;5.122,862;154.967.988.460,00;3.059.829
WDOFUT;24/04/2023;5.132,978;5.149,670;5.096,559;5.098,077;127.528.471.095,00;2.518.150
WDOFUT;20/04/2023;5.150,681;5.151,693;5.100,606;5.114,769;123.471.857.285,00;2.439.530
WDOFUT;19/04/2023;5.077,844;5.156,245;5.070,763;5.142,083;165.679.211.550,00;3.278.698
WDOFUT;18/04/2023;4.984,775;5.062,670;4.975,670;5.051,542;154.841.635.980,00;3.113.997
WDOFUT;17/04/2023;4.987,304;5.024,734;4.966,060;5.008,042;126.717.054.795,00;2.563.573
WDOFUT;14/04/2023;5.005,008;5.033,333;4.959,484;4.976,176;139.224.791.620,00;2.815.542
WDOFUT;13/04/2023;4.993,374;5.009,560;4.962,519;4.997,420;156.305.179.105,00;3.171.704
WDOFUT;12/04/2023;5.084,926;5.086,443;4.984,775;4.990,845;181.817.664.330,00;3.664.956
WDOFUT;11/04/2023;5.128,931;5.134,495;5.061,153;5.079,868;158.862.789.145,00;3.158.495
WDOFUT;10/04/2023;5.132,978;5.168,891;5.114,263;5.146,635;105.831.412.725,00;2.078.779
WDOFUT;06/04/2023;5.121,850;5.160,798;5.117,298;5.137,530;107.626.999.290,00;2.117.342
WDOFUT;05/04/2023;5.151,187;5.156,751;5.089,984;5.116,792;144.992.478.260,00;2.858.788
WDOFUT;04/04/2023;5.132,978;5.179,513;5.130,449;5.151,187;129.761.190.115,00;2.546.098
WDOFUT;03/04/2023;5.137,530;5.163,327;5.121,850;5.148,152;129.616.466.635,00;2.549.026
WDOFUT;31/03/2023;5.192,664;5.192,664;5.138,036;5.146,635;162.121.309.155,00;3.179.935
WDOFUT;30/03/2023;5.190,183;5.247,615;5.153,590;5.180,018;185.358.691.315,00;3.626.029
WDOFUT;29/03/2023;5.251,173;5.270,486;5.213,054;5.223,727;168.543.731.795,00;3.270.213
WDOFUT;28/03/2023;5.284,717;5.284,717;5.235,925;5.254,222;153.016.505.840,00;2.958.086
WDOFUT;27/03/2023;5.342,656;5.343,673;5.284,208;5.289,291;110.001.745.080,00;2.102.793
WDOFUT;24/03/2023;5.417,876;5.437,190;5.332,491;5.341,640;176.692.127.640,00;3.335.365
WDOFUT;23/03/2023;5.301,489;5.397,547;5.297,931;5.393,989;174.199.357.435,00;3.304.686
WDOFUT;22/03/2023;5.343,165;5.376,200;5.299,456;5.338,082;167.073.315.445,00;3.176.944
WDOFUT;21/03/2023;5.322,835;5.352,821;5.314,195;5.341,132;128.820.201.145,00;2.452.743
WDOFUT;20/03/2023;5.373,151;5.384,841;5.332,491;5.338,082;129.237.376.940,00;2.455.183
WDOFUT;17/03/2023;5.341,640;5.387,382;5.334,016;5.381,283;123.425.395.935,00;2.336.903
WDOFUT;16/03/2023;5.382,299;5.416,860;5.328,426;5.331,983;174.907.945.540,00;3.303.909
WDOFUT;15/03/2023;5.412,794;5.435,157;5.376,200;5.393,989;199.224.907.885,00;3.745.531
WDOFUT;14/03/2023;5.342,656;5.368,069;5.325,884;5.360,445;163.630.843.820,00;3.110.303
WDOFUT;13/03/2023;5.322,835;5.390,940;5.318,261;5.353,838;208.999.792.420,00;3.967.710
WDOFUT;10/03/2023;5.260,321;5.331,475;5.260,321;5.321,310;183.178.476.445,00;3.515.759
WDOFUT;09/03/2023;5.244,057;5.280,142;5.218,137;5.273,027;172.629.176.450,00;3.344.680
WDOFUT;08/03/2023;5.294,373;5.297,931;5.210,513;5.253,714;176.206.427.645,00;3.410.498
WDOFUT;07/03/2023;5.282,175;5.319,277;5.267,436;5.305,046;140.452.244.510,00;2.694.768
WDOFUT;06/03/2023;5.324,360;5.333,508;5.265,912;5.271,502;134.614.283.910,00;2.580.555
WDOFUT;03/03/2023;5.311,654;5.347,739;5.299,456;5.313,178;133.118.578.475,00;2.542.097
WDOFUT;02/03/2023;5.311,145;5.347,231;5.298,947;5.326,901;155.315.740.750,00;2.964.490
WDOFUT;01/03/2023;5.339,099;5.350,788;5.292,848;5.297,423;160.448.182.480,00;3.064.395
WDOFUT;28/02/2023;5.318,261;5.367,560;5.298,947;5.357,904;161.645.529.720,00;3.080.005
WDOFUT;27/02/2023;5.311,585;5.335,115;5.291,636;5.322,327;169.671.166.300,00;3.265.559
WDOFUT;24/02/2023;5.281,405;5.339,718;5.270,152;5.335,626;149.735.819.975,00;2.886.498
WDOFUT;23/02/2023;5.266,571;5.300,331;5.233,323;5.260,945;161.217.819.520,00;3.134.764
WDOFUT;22/02/2023;5.311,585;5.339,207;5.276,290;5.278,848;93.223.481.385,00;1.797.931
WDOFUT;17/02/2023;5.364,271;5.383,197;5.276,290;5.294,705;152.995.849.415,00;2.940.690
WDOFUT;16/02/2023;5.335,115;5.391,893;5.326,419;5.348,414;178.078.624.525,00;3.397.641
WDOFUT;15/02/2023;5.329,488;5.370,409;5.320,792;5.348,414;173.071.919.065,00;3.310.906
WDOFUT;14/02/2023;5.286,009;5.360,690;5.258,387;5.323,350;222.267.589.825,00;4.290.412
WDOFUT;13/02/2023;5.358,644;5.363,248;5.289,078;5.290,613;153.625.756.485,00;2.953.559
WDOFUT;10/02/2023;5.443,556;5.446,114;5.344,322;5.352,506;158.857.815.675,00;3.016.873
WDOFUT;09/02/2023;5.319,769;5.431,791;5.308,516;5.431,280;208.047.273.445,00;3.961.034
WDOFUT;08/02/2023;5.329,999;5.383,709;5.302,377;5.337,672;168.832.160.125,00;3.234.284
WDOFUT;07/02/2023;5.278,848;5.357,621;5.269,640;5.353,018;188.088.249.520,00;3.620.969
WDOFUT;06/02/2023;5.300,843;5.354,041;5.277,313;5.285,497;171.748.305.175,00;3.302.552
WDOFUT;03/02/2023;5.237,415;5.303,401;5.187,286;5.295,216;181.192.343.575,00;3.532.401
WDOFUT;02/02/2023;5.169,383;5.195,982;5.077,822;5.190,867;197.793.288.860,00;3.936.172
WDOFUT;01/02/2023;5.202,120;5.253,783;5.183,194;5.193,936;176.337.269.220,00;3.461.491
WDOFUT;31/01/2023;5.285,497;5.285,497;5.213,374;5.215,931;139.716.821.705,00;2.726.780
WDOFUT;30/01/2023;5.267,610;5.280,977;5.228,537;5.264,525;141.368.965.505,00;2.767.447
WDOFUT;27/01/2023;5.236,249;5.265,039;5.202,832;5.255,271;150.637.563.225,00;2.960.553
WDOFUT;26/01/2023;5.222,368;5.267,610;5.206,945;5.219,797;171.895.063.105,00;3.375.578
WDOFUT;25/01/2023;5.303,084;5.304,112;5.217,741;5.224,424;161.481.045.355,00;3.161.440
WDOFUT;24/01/2023;5.368,376;5.376,088;5.287,660;5.292,287;133.928.851.385,00;2.588.166
WDOFUT;23/01/2023;5.367,862;5.378,144;5.319,535;5.366,320;158.392.961.710,00;3.044.404
WDOFUT;20/01/2023;5.331,874;5.398,709;5.322,106;5.367,862;160.652.838.980,00;3.080.763
WDOFUT;19/01/2023;5.408,477;5.417,731;5.322,620;5.328,275;177.683.623.600,00;3.403.898
WDOFUT;18/01/2023;5.250,130;5.349,354;5.221,340;5.346,783;181.622.291.965,00;3.544.369
WDOFUT;17/01/2023;5.315,423;5.319,535;5.254,757;5.258,870;140.018.126.565,00;2.726.731
WDOFUT;16/01/2023;5.284,062;5.325,191;5.254,243;5.311,824;108.672.294.820,00;2.114.521
WDOFUT;13/01/2023;5.274,293;5.318,507;5.239,848;5.255,785;147.073.494.695,00;2.868.830
WDOFUT;12/01/2023;5.334,445;5.353,467;5.231,622;5.271,723;207.067.731.750,00;4.022.505
WDOFUT;11/01/2023;5.371,975;5.404,364;5.327,247;5.328,790;166.575.949.895,00;3.192.962
WDOFUT;10/01/2023;5.430,070;5.449,606;5.368,376;5.372,489;145.179.928.300,00;2.762.071
WDOFUT;09/01/2023;5.454,747;5.484,566;5.420,302;5.430,070;161.647.420.740,00;3.049.408
WDOFUT;06/01/2023;5.542,147;5.549,858;5.393,054;5.407,963;177.443.007.145,00;3.339.990
WDOFUT;05/01/2023;5.607,953;5.613,609;5.529,808;5.532,893;163.434.540.155,00;3.017.877
WDOFUT;04/01/2023;5.629,546;5.664,506;5.609,496;5.616,179;173.541.919.665,00;3.166.360
WDOFUT;03/01/2023;5.576,078;5.665,020;5.522,096;5.659,879;185.491.086.520,00;3.416.241
WDOFUT;02/01/2023;5.477,368;5.552,429;5.470,685;5.552,429;96.525.212.630,00;1.794.516
WDOFUT;29/12/2022;5.429,042;5.488,679;5.372,489;5.471,713;131.042.902.905,00;2.482.948
WDOFUT;28/12/2022;5.443,415;5.467,188;5.404,139;5.447,550;119.603.321.405,00;2.272.017
WDOFUT;27/12/2022;5.371,064;5.481,658;5.369,514;5.474,423;144.899.356.935,00;2.746.919
WDOFUT;26/12/2022;5.334,888;5.402,072;5.328,687;5.396,387;54.601.112.860,00;1.050.907
WDOFUT;23/12/2022;5.351,942;5.357,110;5.293,028;5.334,888;121.336.439.100,00;2.353.485
WDOFUT;22/12/2022;5.390,185;5.407,240;5.339,023;5.345,741;145.526.341.150,00;2.802.470
WDOFUT;21/12/2022;5.383,984;5.403,622;5.340,056;5.379,849;165.607.062.080,00;3.183.616
WDOFUT;20/12/2022;5.486,310;5.514,733;5.359,178;5.384,501;193.507.200.490,00;3.686.488
WDOFUT;19/12/2022;5.529,720;5.532,821;5.480,108;5.489,927;143.674.344.155,00;2.697.529
WDOFUT;16/12/2022;5.511,116;5.527,136;5.455,302;5.511,633;145.373.760.045,00;2.739.930
WDOFUT;15/12/2022;5.527,136;5.545,741;5.476,490;5.509,565;174.872.626.480,00;3.279.416
WDOFUT;14/12/2022;5.513,700;5.571,581;5.469,255;5.485,276;200.691.218.770,00;3.754.904
WDOFUT;13/12/2022;5.520,935;5.535,922;5.438,764;5.498,713;197.830.280.830,00;3.730.346
WDOFUT;12/12/2022;5.439,281;5.552,976;5.430,496;5.528,687;170.883.794.450,00;3.207.980
WDOFUT;09/12/2022;5.430,496;5.485,276;5.416,025;5.436,697;132.673.956.430,00;2.517.878
WDOFUT;08/12/2022;5.431,012;5.454,268;5.391,219;5.433,596;144.468.296.325,00;2.757.093
WDOFUT;07/12/2022;5.468,738;5.481,142;5.382,950;5.405,689;172.193.215.095,00;3.281.716
WDOFUT;06/12/2022;5.479,074;5.479,591;5.422,227;5.451,167;172.728.663.235,00;3.275.917
WDOFUT;05/12/2022;5.410,340;5.498,713;5.405,173;5.490,444;141.070.726.675,00;2.673.141
WDOFUT;02/12/2022;5.389,152;5.448,067;5.367,446;5.423,260;154.262.907.920,00;2.948.760
WDOFUT;01/12/2022;5.397,421;5.423,777;5.368,480;5.393,803;170.722.587.505,00;3.268.142
WDOFUT;30/11/2022;5.472,873;5.528,170;5.379,849;5.390,185;201.658.771.525,00;3.812.779
WDOFUT;29/11/2022;5.546,678;5.553,442;5.484,759;5.484,759;159.949.560.565,00;3.016.213
WDOFUT;28/11/2022;5.647,621;5.656,467;5.569,052;5.585,702;146.426.751.055,00;2.720.667
WDOFUT;25/11/2022;5.539,914;5.650,743;5.525,865;5.634,093;169.183.223.700,00;3.149.920
WDOFUT;24/11/2022;5.540,434;5.565,410;5.522,743;5.538,873;118.197.643.720,00;2.220.119
WDOFUT;23/11/2022;5.570,093;5.640,337;5.569,572;5.593,507;181.038.542.920,00;3.357.858
WDOFUT;22/11/2022;5.537,312;5.628,369;5.505,572;5.583,101;198.050.526.795,00;3.703.851
WDOFUT;21/11/2022;5.617,442;5.618,483;5.525,865;5.549,280;189.855.461.540,00;3.555.290
WDOFUT;18/11/2022;5.620,564;5.630,971;5.560,206;5.607,036;211.917.109.040,00;3.943.534
WDOFUT;17/11/2022;5.738,678;5.773,540;5.623,166;5.663,231;230.635.460.470,00;4.211.016
WDOFUT;16/11/2022;5.577,898;5.647,621;5.520,141;5.645,540;238.408.537.810,00;4.447.479
WDOFUT;14/11/2022;5.577,377;5.592,987;5.493,605;5.575,296;203.067.092.465,00;3.812.776
WDOFUT;11/11/2022;5.577,898;5.647,101;5.483,198;5.584,141;221.810.119.515,00;4.147.822
WDOFUT;10/11/2022;5.478,515;5.656,467;5.476,434;5.587,784;281.791.861.985,00;5.269.000
WDOFUT;09/11/2022;5.404,629;5.432,206;5.365,604;5.415,556;185.964.228.635,00;3.584.255
WDOFUT;08/11/2022;5.411,393;5.484,239;5.361,442;5.381,735;210.464.087.090,00;4.049.067
WDOFUT;07/11/2022;5.293,279;5.410,352;5.276,108;5.395,263;183.546.057.065,00;3.581.185
WDOFUT;04/11/2022;5.296,921;5.354,157;5.249,051;5.291,198;191.279.528.035,00;3.768.848
WDOFUT;03/11/2022;5.432,206;5.467,588;5.322,938;5.351,035;211.790.692.575,00;4.093.659
WDOFUT;01/11/2022;5.390,060;5.451,458;5.322,938;5.380,174;246.758.659.875,00;4.771.983
WDOFUT;31/10/2022;5.654,906;5.664,272;5.396,304;5.425,962;238.486.717.025,00;4.510.004
WDOFUT;28/10/2022;5.595,834;5.628,766;5.521,606;5.542,515;176.269.276.985,00;3.301.040
WDOFUT;27/10/2022;5.638,698;5.641,311;5.482,924;5.581,720;219.993.629.565,00;4.136.621
WDOFUT;26/10/2022;5.537,811;5.636,084;5.524,220;5.633,993;201.054.613.030,00;3.767.971
WDOFUT;25/10/2022;5.539,379;5.606,289;5.521,083;5.563,425;218.480.104.170,00;4.107.465
WDOFUT;24/10/2022;5.446,333;5.558,197;5.444,242;5.548,788;219.745.734.695,00;4.163.976
WDOFUT;21/10/2022;5.485,538;5.526,311;5.383,605;5.408,696;241.066.365.895,00;4.623.666
WDOFUT;20/10/2022;5.500,174;5.508,538;5.440,583;5.465,151;186.900.442.265,00;3.570.992
WDOFUT;19/10/2022;5.530,493;5.552,970;5.506,447;5.522,129;178.122.653.740,00;3.365.702
WDOFUT;18/10/2022;5.526,833;5.553,493;5.485,015;5.491,288;195.160.424.840,00;3.694.620
WDOFUT;17/10/2022;5.530,493;5.561,334;5.509,061;5.540,424;164.529.893.925,00;3.107.574
WDOFUT;14/10/2022;5.537,811;5.596,357;5.498,606;5.583,288;198.758.204.295,00;3.742.516
WDOFUT;13/10/2022;5.520,038;5.648,630;5.489,197;5.521,083;234.281.968.830,00;4.405.097
WDOFUT;11/10/2022;5.441,628;5.569,697;5.438,492;5.557,675;194.344.714.425,00;3.704.101
WDOFUT;10/10/2022;5.452,083;5.479,788;5.423,333;5.446,333;160.759.123.120,00;3.082.468
WDOFUT;07/10/2022;5.472,469;5.516,902;5.455,742;5.464,106;174.897.937.815,00;3.335.747
WDOFUT;06/10/2022;5.463,060;5.497,560;5.438,492;5.487,629;195.112.179.165,00;3.733.864
WDOFUT;05/10/2022;5.487,106;5.513,765;5.427,515;5.461,492;197.935.258.310,00;3.780.252
WDOFUT;04/10/2022;5.415,492;5.492,856;5.377,855;5.444,242;230.457.389.340,00;4.441.314
WDOFUT;03/10/2022;5.540,947;5.590,607;5.424,378;5.441,628;220.167.808.930,00;4.198.090
WDOFUT;30/09/2022;5.675,289;5.713,971;5.610,993;5.694,630;202.011.717.785,00;3.720.140
WDOFUT;29/09/2022;5.677,324;5.719,441;5.659,951;5.685,221;211.927.680.015,00;3.923.185
WDOFUT;28/09/2022;5.700,488;5.713,650;5.607,305;5.663,636;248.185.389.150,00;4.626.164
WDOFUT;27/09/2022;5.636,260;5.677,324;5.582,035;5.669,954;226.818.178.730,00;4.235.582
WDOFUT;26/09/2022;5.580,456;5.711,017;5.580,456;5.685,221;266.439.691.160,00;4.964.945
WDOFUT;23/09/2022;5.453,053;5.555,186;5.450,947;5.547,815;190.011.947.270,00;3.631.044
WDOFUT;22/09/2022;5.412,516;5.470,952;5.386,719;5.397,775;199.269.635.470,00;3.859.364
WDOFUT;21/09/2022;5.427,256;5.481,482;5.402,513;5.456,212;242.306.634.355,00;4.686.177
WDOFUT;20/09/2022;5.501,487;5.514,122;5.427,256;5.429,889;210.374.766.325,00;4.053.162
WDOFUT;19/09/2022;5.593,091;5.600,461;5.430,942;5.462,529;203.844.095.810,00;3.892.078
WDOFUT;16/09/2022;5.548,868;5.610,990;5.545,709;5.550,974;183.402.066.870,00;3.462.544
WDOFUT;15/09/2022;5.474,638;5.550,448;5.473,585;5.545,183;167.880.139.530,00;3.203.811
WDOFUT;14/09/2022;5.488,326;5.498,328;5.447,262;5.462,003;171.296.329.710,00;3.294.179
WDOFUT;13/09/2022;5.381,455;5.510,437;5.373,031;5.489,378;230.165.910.920,00;4.432.724
WDOFUT;12/09/2022;5.415,148;5.438,838;5.380,928;5.390,931;162.617.036.045,00;3.162.919
WDOFUT;09/09/2022;5.487,799;5.509,910;5.445,156;5.450,947;147.843.374.390,00;2.843.501
WDOFUT;08/09/2022;5.519,387;5.549,395;5.486,220;5.525,704;214.884.401.245,00;4.097.799
WDOFUT;06/09/2022;5.477,270;5.566,768;5.472,532;5.562,556;183.046.316.650,00;3.484.462
WDOFUT;05/09/2022;5.494,117;5.502,540;5.460,423;5.465,688;118.569.494.525,00;2.278.082
WDOFUT;02/09/2022;5.539,392;5.551,501;5.468,847;5.480,429;212.107.047.770,00;4.057.559
WDOFUT;01/09/2022;5.522,545;5.576,244;5.459,897;5.561,503;236.126.153.810,00;4.500.042
WDOFUT;31/08/2022;5.443,577;5.530,969;5.442,524;5.504,119;220.235.952.350,00;4.217.881
WDOFUT;30/08/2022;5.321,136;5.438,323;5.315,304;5.436,733;205.429.706.405,00;4.049.352
WDOFUT;29/08/2022;5.393,782;5.404,387;5.317,425;5.336,514;197.943.822.335,00;3.920.291
WDOFUT;26/08/2022;5.427,718;5.434,612;5.367,269;5.377,344;212.056.904.800,00;4.163.224
WDOFUT;25/08/2022;5.409,690;5.463,776;5.403,326;5.428,779;179.033.090.430,00;3.491.984
WDOFUT;24/08/2022;5.431,960;5.444,687;5.400,675;5.433,551;174.508.245.955,00;3.411.112
WDOFUT;23/08/2022;5.455,822;5.478,623;5.391,130;5.427,188;175.161.427.540,00;3.419.267
WDOFUT;22/08/2022;5.513,090;5.535,361;5.478,093;5.485,516;169.796.399.590,00;3.271.359
WDOFUT;19/08/2022;5.534,830;5.553,920;5.496,652;5.500,894;180.358.299.470,00;3.462.077
WDOFUT;18/08/2022;5.498,243;5.542,254;5.459,003;5.499,833;171.368.159.750,00;3.299.565
WDOFUT;17/08/2022;5.514,681;5.552,329;5.480,744;5.502,485;193.294.759.760,00;3.715.799
WDOFUT;16/08/2022;5.454,761;5.491,349;5.445,747;5.485,516;168.686.013.770,00;3.270.236
WDOFUT;15/08/2022;5.449,459;5.478,623;5.408,629;5.431,960;164.550.356.215,00;3.208.007
WDOFUT;12/08/2022;5.496,122;5.506,727;5.400,145;5.408,099;174.087.361.990,00;3.392.276
WDOFUT;11/08/2022;5.419,234;5.515,211;5.398,024;5.501,954;213.894.585.190,00;4.158.257
WDOFUT;10/08/2022;5.459,003;5.492,410;5.372,041;5.435,672;204.377.572.660,00;4.009.941
WDOFUT;09/08/2022;5.466,427;5.498,773;5.436,202;5.470,139;178.604.925.890,00;3.463.226
WDOFUT;08/08/2022;5.494,531;5.499,833;5.449,989;5.460,594;168.125.152.865,00;3.259.351
WDOFUT;05/08/2022;5.582,023;5.637,700;5.508,317;5.516,802;225.542.083.495,00;4.290.644
WDOFUT;04/08/2022;5.649,896;5.659,441;5.557,101;5.568,767;191.816.783.840,00;3.633.430
WDOFUT;03/08/2022;5.613,308;5.682,772;5.606,945;5.649,896;191.350.410.420,00;3.595.608
WDOFUT;02/08/2022;5.565,055;5.652,017;5.550,738;5.645,124;226.718.378.620,00;4.294.493
WDOFUT;01/08/2022;5.518,923;5.566,646;5.488,698;5.551,268;191.097.096.135,00;3.664.472
WDOFUT;29/07/2022;5.525,286;5.579,372;5.507,257;5.536,951;186.612.014.965,00;3.567.282
WDOFUT;28/07/2022;5.641,208;5.652,457;5.529,251;5.556,571;211.109.110.825,00;4.052.609
WDOFUT;27/07/2022;5.723,702;5.736,022;5.614,960;5.621,923;213.206.263.340,00;4.018.705
WDOFUT;26/07/2022;5.774,591;5.784,233;5.722,095;5.740,308;211.458.523.510,00;3.939.239
WDOFUT;25/07/2022;5.872,620;5.878,512;5.746,736;5.747,272;196.384.088.435,00;3.623.879
WDOFUT;22/07/2022;5.886,012;5.908,510;5.834,051;5.902,082;176.585.847.935,00;3.225.494
WDOFUT;21/07/2022;5.867,799;5.921,367;5.830,837;5.903,154;216.617.113.005,00;3.944.307
WDOFUT;20/07/2022;5.837,265;5.879,048;5.790,126;5.877,441;214.010.980.630,00;3.927.466
WDOFUT;19/07/2022;5.815,303;5.837,265;5.767,092;5.817,445;190.251.772.120,00;3.514.836
WDOFUT;18/07/2022;5.779,948;5.848,515;5.755,307;5.846,907;174.649.461.085,00;3.232.040
WDOFUT;15/07/2022;5.819,588;5.861,371;5.782,091;5.819,052;172.016.459.770,00;3.165.636
WDOFUT;14/07/2022;5.892,440;5.908,510;5.827,087;5.834,051;203.973.843.415,00;3.725.342
WDOFUT;13/07/2022;5.835,658;5.884,405;5.774,056;5.805,660;210.510.418.010,00;3.873.384
WDOFUT;12/07/2022;5.794,947;5.862,442;5.785,305;5.856,014;171.893.796.540,00;3.159.282
WDOFUT;11/07/2022;5.724,238;5.804,053;5.709,774;5.794,947;165.793.169.575,00;3.081.221
WDOFUT;08/07/2022;5.776,734;5.788,519;5.660,492;5.664,778;189.621.552.545,00;3.546.995
WDOFUT;07/07/2022;5.831,373;5.839,944;5.748,879;5.759,057;162.785.078.310,00;3.014.110
WDOFUT;06/07/2022;5.830,302;5.892,440;5.818,517;5.853,336;196.273.466.275,00;3.593.117
WDOFUT;05/07/2022;5.779,948;5.831,909;5.772,984;5.815,303;175.842.402.395,00;3.241.487
WDOFUT;04/07/2022;5.723,702;5.759,057;5.709,239;5.755,307;108.847.821.315,00;2.032.757
WDOFUT;01/07/2022;5.704,953;5.763,878;5.699,596;5.756,378;180.804.411.665,00;3.377.101
WDOFUT;30/06/2022;5.638,529;5.693,168;5.604,246;5.676,562;186.130.551.600,00;3.529.303
WDOFUT;29/06/2022;5.676,083;5.680,402;5.593,468;5.601,568;190.949.955.065,00;3.652.617
WDOFUT;28/06/2022;5.659,344;5.707,400;5.608,587;5.695,521;188.862.905.260,00;3.606.263
WDOFUT;27/06/2022;5.669,603;5.706,320;5.626,946;5.666,903;168.008.343.660,00;3.205.317
WDOFUT;24/06/2022;5.658,804;5.708,480;5.631,806;5.673,923;169.011.057.660,00;3.220.561
WDOFUT;23/06/2022;5.624,786;5.680,402;5.592,388;5.673,383;189.586.019.400,00;3.639.057
WDOFUT;22/06/2022;5.595,628;5.626,406;5.552,431;5.624,246;172.366.864.330,00;3.333.230
WDOFUT;21/06/2022;5.609,127;5.617,767;5.544,332;5.554,051;165.304.527.505,00;3.200.549
WDOFUT;20/06/2022;5.580,509;5.629,646;5.567,010;5.624,246;138.932.595.540,00;2.680.880
WDOFUT;17/06/2022;5.545,412;5.589,689;5.534,072;5.585,909;170.188.208.390,00;3.304.665
WDOFUT;15/06/2022;5.528,133;5.568,630;5.442,279;5.483,316;238.294.284.770,00;4.657.407
WDOFUT;14/06/2022;5.549,731;5.591,308;5.518,954;5.554,591;191.198.071.945,00;3.715.158
WDOFUT;13/06/2022;5.470,897;5.578,349;5.462,257;5.552,971;212.974.690.565,00;4.159.027
WDOFUT;10/06/2022;5.331,047;5.444,439;5.306,748;5.418,521;191.233.406.280,00;3.825.696
WDOFUT;09/06/2022;5.322,407;5.347,785;5.288,930;5.330,507;171.389.706.670,00;3.479.619
WDOFUT;08/06/2022;5.302,969;5.335,366;5.270,031;5.327,267;164.129.687.965,00;3.341.290
WDOFUT;07/06/2022;5.218,195;5.366,144;5.218,195;5.298,109;213.406.713.160,00;4.341.982
WDOFUT;06/06/2022;5.178,237;5.230,074;5.167,438;5.217,115;127.022.612.965,00;2.634.967
WDOFUT;03/06/2022;5.248,432;5.259,232;5.194,436;5.196,596;128.634.777.220,00;2.660.847
WDOFUT;02/06/2022;5.216,035;5.237,093;5.196,056;5.226,294;148.930.734.215,00;3.083.180
WDOFUT;01/06/2022;5.156,099;5.247,892;5.142,600;5.247,892;168.492.821.290,00;3.498.801
WDOFUT;31/05/2022;5.188,497;5.206,855;5.118,842;5.158,259;173.838.428.675,00;3.636.650
WDOFUT;30/05/2022;5.134,668;5.182,045;5.110,707;5.178,777;111.962.293.035,00;2.368.915
WDOFUT;27/05/2022;5.190,213;5.210,362;5.137,391;5.153,728;149.492.811.295,00;3.146.628
WDOFUT;26/05/2022;5.248,481;5.280,066;5.178,233;5.199,471;160.890.968.075,00;3.350.722
WDOFUT;25/05/2022;5.282,244;5.306,205;5.241,402;5.262,640;156.706.526.270,00;3.234.370
WDOFUT;24/05/2022;5.280,066;5.298,036;5.211,451;5.260,462;198.361.844.755,00;4.113.123
WDOFUT;23/05/2022;5.287,690;5.296,403;5.224,520;5.257,739;142.825.610.115,00;2.963.407
WDOFUT;20/05/2022;5.357,393;5.376,453;5.300,759;5.329,076;173.243.242.325,00;3.537.556
WDOFUT;19/05/2022;5.396,602;5.417,840;5.331,799;5.391,701;178.534.966.105,00;3.618.083
WDOFUT;18/05/2022;5.416,751;5.465,761;5.380,810;5.430,365;172.409.100.505,00;3.459.043
WDOFUT;17/05/2022;5.472,840;5.479,375;5.388,433;5.400,414;194.546.886.205,00;3.900.811
WDOFUT;16/05/2022;5.558,881;5.585,020;5.504,970;5.537,099;190.617.467.495,00;3.744.986
WDOFUT;13/05/2022;5.608,436;5.637,298;5.523,485;5.542,000;178.355.600.690,00;3.481.510
WDOFUT;12/05/2022;5.665,071;5.705,368;5.591,555;5.622,050;208.695.057.460,00;4.028.228
WDOFUT;11/05/2022;5.587,198;5.666,704;5.580,119;5.631,308;209.032.222.390,00;4.053.373
WDOFUT;10/05/2022;5.653,090;5.663,437;5.601,357;5.626,951;189.509.842.575,00;3.663.527
WDOFUT;09/05/2022;5.641,654;5.661,259;5.595,367;5.660,169;183.484.960.495,00;3.548.773
WDOFUT;06/05/2022;5.514,227;5.611,704;5.494,623;5.571,951;205.087.485.220,00;4.017.380
WDOFUT;05/05/2022;5.434,177;5.552,346;5.414,572;5.522,395;200.662.324.180,00;3.976.324
WDOFUT;04/05/2022;5.456,504;5.531,108;5.373,730;5.405,859;222.735.644.260,00;4.433.672
WDOFUT;03/05/2022;5.538,188;5.551,257;5.446,157;5.448,335;195.696.195.750,00;3.874.026
WDOFUT;02/05/2022;5.456,504;5.597,545;5.455,959;5.589,921;185.208.258.645,00;3.642.761
WDOFUT;29/04/2022;5.389,523;5.477,197;5.344,324;5.465,217;185.257.963.150,00;3.728.175
WDOFUT;28/04/2022;5.480,360;5.545,178;5.424,881;5.429,275;192.395.919.750,00;3.849.049
WDOFUT;27/04/2022;5.484,755;5.541,882;5.418,290;5.459,487;241.310.153.290,00;4.826.788
WDOFUT;26/04/2022;5.396,318;5.503,980;5.380,937;5.498,487;204.493.980.420,00;4.116.938
WDOFUT;25/04/2022;5.301,838;5.446,304;5.285,359;5.368,853;225.014.003.730,00;4.607.503
WDOFUT;22/04/2022;5.154,626;5.327,106;5.142,541;5.278,767;212.735.154.805,00;4.465.689
WDOFUT;20/04/2022;5.120,020;5.154,626;5.075,527;5.090,907;148.373.934.535,00;3.191.025
WDOFUT;19/04/2022;5.141,443;5.162,865;5.112,330;5.143,640;152.709.006.835,00;3.263.814
WDOFUT;18/04/2022;5.166,710;5.190,330;5.119,471;5.130,457;134.794.644.435,00;2.873.857
WDOFUT;14/04/2022;5.179,344;5.228,232;5.168,908;5.182,640;154.336.313.230,00;3.262.369
WDOFUT;13/04/2022;5.154,076;5.191,429;5.132,654;5.175,499;145.004.353.480,00;3.084.009
WDOFUT;12/04/2022;5.164,513;5.182,091;5.100,794;5.161,217;168.114.295.070,00;3.589.698
WDOFUT;11/04/2022;5.204,612;5.233,725;5.165,612;5.179,894;159.888.275.970,00;3.380.534
WDOFUT;08/04/2022;5.239,218;5.294,148;5.183,739;5.189,232;161.364.751.000,00;3.384.587
WDOFUT;07/04/2022;5.201,866;5.273,274;5.182,091;5.254,049;164.367.200.380,00;3.448.297
WDOFUT;06/04/2022;5.141,992;5.224,387;5.135,950;5.218,894;163.236.425.375,00;3.455.348
WDOFUT;05/04/2022;5.082,118;5.168,908;5.067,836;5.146,386;158.157.093.335,00;3.384.852
WDOFUT;04/04/2022;5.152,978;5.172,753;5.077,724;5.082,118;127.993.683.715,00;2.749.940
WDOFUT;01/04/2022;5.240,316;5.240,866;5.150,231;5.155,175;142.978.063.990,00;3.023.039
WDOFUT;31/03/2022;5.291,401;5.310,627;5.229,331;5.252,401;164.852.969.505,00;3.442.067
WDOFUT;30/03/2022;5.279,781;5.311,914;5.239,892;5.289,753;152.398.574.350,00;3.200.012
WDOFUT;29/03/2022;5.255,958;5.305,820;5.231,028;5.277,011;181.010.119.520,00;3.806.265
WDOFUT;28/03/2022;5.259,837;5.346,817;5.252,080;5.287,537;165.438.468.475,00;3.453.960
WDOFUT;25/03/2022;5.352,911;5.355,127;5.249,864;5.264,823;141.414.634.810,00;2.956.201
WDOFUT;24/03/2022;5.367,870;5.395,571;5.290,861;5.361,222;204.767.732.090,00;4.242.330
WDOFUT;23/03/2022;5.464,269;5.466,485;5.354,019;5.363,992;174.790.031.875,00;3.581.573
WDOFUT;22/03/2022;5.484,767;5.501,942;5.450,418;5.458,175;164.885.362.785,00;3.337.658
WDOFUT;21/03/2022;5.591,693;5.593,355;5.481,443;5.490,308;156.242.361.730,00;3.135.417
WDOFUT;18/03/2022;5.616,623;5.644,878;5.553,465;5.588,923;151.788.051.165,00;3.002.660
WDOFUT;17/03/2022;5.646,540;5.682,551;5.593,909;5.607,205;168.849.135.630,00;3.317.580
WDOFUT;16/03/2022;5.719,671;5.739,061;5.645,432;5.649,310;194.138.712.610,00;3.773.193
WDOFUT;15/03/2022;5.687,538;5.756,236;5.671,471;5.747,371;150.404.101.345,00;2.914.355
WDOFUT;14/03/2022;5.633,798;5.724,103;5.611,637;5.707,482;154.679.370.305,00;3.025.811
WDOFUT;11/03/2022;5.573,964;5.663,715;5.554,574;5.655,959;142.630.085.420,00;2.818.827
WDOFUT;10/03/2022;5.605,543;5.658,175;5.585,598;5.587,815;152.979.182.360,00;3.014.326
WDOFUT;09/03/2022;5.606,651;5.616,623;5.560,114;5.589,477;164.711.573.095,00;3.267.031
WDOFUT;08/03/2022;5.674,241;5.690,308;5.628,258;5.643,216;208.730.635.065,00;4.083.845
WDOFUT;07/03/2022;5.667,039;5.708,590;5.613,853;5.708,590;198.969.390.205,00;3.897.400
WDOFUT;04/03/2022;5.639,338;5.694,186;5.611,637;5.650,418;185.665.955.155,00;3.634.059
WDOFUT;03/03/2022;5.707,482;5.714,684;5.608,313;5.623,272;187.537.174.340,00;3.684.026
WDOFUT;02/03/2022;5.837,122;5.837,122;5.679,227;5.700,280;109.079.258.065,00;2.102.730
WDOFUT;25/02/2022;5.722,995;5.790,031;5.677,565;5.777,842;182.177.269.035,00;3.516.420
WDOFUT;24/02/2022;5.642,205;5.760,402;5.616,559;5.714,684;246.458.336.295,00;4.819.302
WDOFUT;23/02/2022;5.631,612;5.637,188;5.572,514;5.588,683;174.437.744.050,00;3.476.905
WDOFUT;22/02/2022;5.689,038;5.694,056;5.631,055;5.648,896;169.293.031.715,00;3.338.138
WDOFUT;21/02/2022;5.731,968;5.757,057;5.666,179;5.700,746;136.784.726.005,00;2.674.643
WDOFUT;18/02/2022;5.771,552;5.773,783;5.701,304;5.738,658;158.919.308.105,00;3.089.580
WDOFUT;17/02/2022;5.759,287;5.791,066;5.729,180;5.779,358;137.127.790.355,00;2.653.533
WDOFUT;16/02/2022;5.770,437;5.789,393;5.727,508;5.744,234;165.277.154.775,00;3.197.512
WDOFUT;15/02/2022;5.811,137;5.836,226;5.769,880;5.769,880;139.931.564.875,00;2.688.518
WDOFUT;14/02/2022;5.879,156;5.893,094;5.813,367;5.828,978;161.761.246.265,00;3.090.116
WDOFUT;11/02/2022;5.856,855;5.894,209;5.799,429;5.879,156;190.442.852.520,00;3.640.367
WDOFUT;10/02/2022;5.862,430;5.885,289;5.791,624;5.874,696;202.333.175.300,00;3.860.322
WDOFUT;09/02/2022;5.881,943;5.926,546;5.840,129;5.868,563;159.205.486.665,00;3.015.502
WDOFUT;08/02/2022;5.904,245;5.927,661;5.884,731;5.891,979;133.989.609.580,00;2.530.022
WDOFUT;07/02/2022;5.959,998;5.967,803;5.885,846;5.897,554;140.642.449.885,00;2.645.328
WDOFUT;04/02/2022;5.942,714;6.000,140;5.922,643;5.975,609;140.819.950.775,00;2.630.497
WDOFUT;03/02/2022;5.918,740;5.972,263;5.914,838;5.929,891;159.542.385.490,00;2.992.651
WDOFUT;02/02/2022;5.909,820;5.965,573;5.899,227;5.905,360;152.518.623.090,00;2.866.215
WDOFUT;01/02/2022;5.947,732;5.970,033;5.911,493;5.911,493;156.084.763.060,00;2.933.474
WDOFUT;31/01/2022;6.020,768;6.061,468;5.934,909;5.959,998;163.818.556.475,00;3.048.934
WDOFUT;28/01/2022;6.104,948;6.110,569;6.035,241;6.038,052;166.134.848.495,00;3.077.770
WDOFUT;27/01/2022;6.110,569;6.115,066;6.021,750;6.084,148;217.557.636.785,00;4.026.984
WDOFUT;26/01/2022;6.108,321;6.152,730;6.067,846;6.115,066;193.769.499.065,00;3.564.076
WDOFUT;25/01/2022;6.190,395;6.215,691;6.110,569;6.129,120;161.684.347.305,00;2.946.526
WDOFUT;24/01/2022;6.169,033;6.221,313;6.157,228;6.180,276;183.173.579.250,00;3.328.396
WDOFUT;21/01/2022;6.128,558;6.166,784;6.085,835;6.149,358;169.552.147.960,00;3.109.473
WDOFUT;20/01/2022;6.138,677;6.154,417;6.059,976;6.105,510;178.484.114.065,00;3.286.826
WDOFUT;19/01/2022;6.251,107;6.258,977;6.129,120;6.131,931;184.579.541.210,00;3.352.677
WDOFUT;18/01/2022;6.241,550;6.294,954;6.207,259;6.278,090;158.168.225.305,00;2.846.463
WDOFUT;17/01/2022;6.245,485;6.249,982;6.197,702;6.220,188;105.520.078.465,00;1.907.631
WDOFUT;14/01/2022;6.239,864;6.264,036;6.214,005;6.243,799;138.890.801.315,00;2.500.477
WDOFUT;13/01/2022;6.265,723;6.270,220;6.207,259;6.238,177;168.822.245.130,00;3.043.800
WDOFUT;12/01/2022;6.301,138;6.323,624;6.231,431;6.251,107;176.918.363.550,00;3.169.310
WDOFUT;11/01/2022;6.385,461;6.409,633;6.283,149;6.293,268;171.938.421.580,00;3.043.801
WDOFUT;10/01/2022;6.378,715;6.430,995;6.360,726;6.397,828;128.988.800.255,00;2.264.004
WDOFUT;07/01/2022;6.421,438;6.453,481;6.350,607;6.370,283;142.175.885.555,00;2.497.224
WDOFUT;06/01/2022;6.438,865;6.472,594;6.410,195;6.425,935;142.768.134.675,00;2.490.180
WDOFUT;05/01/2022;6.425,373;6.472,594;6.380,963;6.438,865;158.969.501.025,00;2.783.513
WDOFUT;04/01/2022;6.413,568;6.460,789;6.377,590;6.422,562;153.446.852.910,00;2.684.272
WDOFUT;03/01/2022;6.306,760;6.441,113;6.290,457;6.438,865;133.365.541.545,00;2.352.883
WDOFUT;30/12/2021;6.447,859;6.456,291;6.280,901;6.308,446;137.360.456.665,00;2.436.935
WDOFUT;29/12/2021;6.383,272;6.466,480;6.367,423;6.456,291;105.897.336.200,00;1.868.152
WDOFUT;28/12/2021;6.364,592;6.412,706;6.362,328;6.374,781;112.154.766.315,00;1.987.959
WDOFUT;27/12/2021;6.419,499;6.465,348;6.369,687;6.371,385;108.018.229.465,00;1.906.378
WDOFUT;23/12/2021;6.413,272;6.482,329;6.379,876;6.420,065;152.594.264.660,00;2.683.908
WDOFUT;22/12/2021;6.503,273;6.511,764;6.401,951;6.411,574;133.223.905.620,00;2.331.187
WDOFUT;21/12/2021;6.491,952;6.529,877;6.477,801;6.517,424;131.335.744.450,00;2.284.346
WDOFUT;20/12/2021;6.480,631;6.520,254;6.455,159;6.517,990;138.125.022.560,00;2.411.135
WDOFUT;17/12/2021;6.454,593;6.488,556;6.426,291;6.463,084;137.788.746.770,00;2.415.187
WDOFUT;16/12/2021;6.439,310;6.502,141;6.427,423;6.460,254;173.963.402.800,00;3.049.942
WDOFUT;15/12/2021;6.453,461;6.515,726;6.429,687;6.456,857;192.707.334.315,00;3.365.905
WDOFUT;14/12/2021;6.437,612;6.475,537;6.384,970;6.456,291;158.368.774.955,00;2.788.524
WDOFUT;13/12/2021;6.372,517;6.458,556;6.367,423;6.457,990;167.420.007.960,00;2.954.860
WDOFUT;10/12/2021;6.322,705;6.407,612;6.321,573;6.383,272;163.311.718.815,00;2.905.828
WDOFUT;09/12/2021;6.298,931;6.368,555;6.277,422;6.337,988;151.158.845.045,00;2.705.031
WDOFUT;08/12/2021;6.378,177;6.412,706;6.287,610;6.294,403;173.698.649.650,00;3.099.853
WDOFUT;07/12/2021;6.449,499;6.456,857;6.383,272;6.397,423;172.385.851.060,00;3.040.004
WDOFUT;06/12/2021;6.425,725;6.491,386;6.415,536;6.480,065;146.450.454.540,00;2.562.001
WDOFUT;03/12/2021;6.435,914;6.473,839;6.377,045;6.436,480;174.105.739.580,00;3.063.877
WDOFUT;02/12/2021;6.453,461;6.469,310;6.394,027;6.429,121;173.304.018.025,00;3.052.916
WDOFUT;01/12/2021;6.362,328;6.490,254;6.353,838;6.486,858;162.679.519.415,00;2.870.271
WDOFUT;30/11/2021;6.381,574;6.460,820;6.356,668;6.384,404;190.451.617.035,00;3.365.644
WDOFUT;29/11/2021;6.379,850;6.427,130;6.358,205;6.383,838;151.930.232.055,00;2.708.242
WDOFUT;26/11/2021;6.457,320;6.459,599;6.351,939;6.395,800;158.549.469.100,00;2.829.896
WDOFUT;25/11/2021;6.370,167;6.383,838;6.325,736;6.348,521;108.283.670.545,00;1.941.283
WDOFUT;24/11/2021;6.360,483;6.411,750;6.334,280;6.394,091;158.354.486.215,00;2.827.280
WDOFUT;23/11/2021;6.396,939;6.459,029;6.348,521;6.353,078;176.501.908.415,00;3.131.191
WDOFUT;22/11/2021;6.392,952;6.406,053;6.347,951;6.371,876;161.997.520.880,00;2.894.127
WDOFUT;19/11/2021;6.367,319;6.407,762;6.301,242;6.407,193;167.423.307.540,00;3.003.269
WDOFUT;18/11/2021;6.308,077;6.368,458;6.307,508;6.347,951;147.025.049.665,00;2.642.746
WDOFUT;17/11/2021;6.265,925;6.322,318;6.242,000;6.313,204;145.945.516.600,00;2.645.990
WDOFUT;16/11/2021;6.220,924;6.293,267;6.202,696;6.286,431;167.932.460.605,00;3.059.497
WDOFUT;12/11/2021;6.174,784;6.248,836;6.163,961;6.239,722;159.586.715.030,00;2.930.658
WDOFUT;11/11/2021;6.268,203;6.271,051;6.158,834;6.167,379;156.833.106.095,00;2.884.489
WDOFUT;10/11/2021;6.293,267;6.300,102;6.213,519;6.277,887;196.171.500.810,00;3.571.239
WDOFUT;09/11/2021;6.346,242;6.347,382;6.238,582;6.265,355;170.469.919.180,00;3.089.359
WDOFUT;08/11/2021;6.358,774;6.403,775;6.333,141;6.346,242;139.013.449.095,00;2.488.834
WDOFUT;05/11/2021;6.407,193;6.417,446;6.297,254;6.340,546;163.767.138.090,00;2.939.719
WDOFUT;04/11/2021;6.375,863;6.441,940;6.368,458;6.415,168;175.468.244.180,00;3.118.253
WDOFUT;03/11/2021;6.497,194;6.525,676;6.349,660;6.359,913;211.736.591.270,00;3.733.071
WDOFUT;01/11/2021;6.446,497;6.515,422;6.439,662;6.510,296;130.208.639.330,00;2.286.122
WDOFUT;29/10/2021;6.459,599;6.488,650;6.412,889;6.453,902;194.843.501.980,00;3.435.992
WDOFUT;28/10/2021;6.368,398;6.493,909;6.363,813;6.472,130;213.623.346.075,00;3.805.627
WDOFUT;27/10/2021;6.387,883;6.414,246;6.349,485;6.350,631;196.792.934.760,00;3.534.623
WDOFUT;26/10/2021;6.370,690;6.432,013;6.364,386;6.385,591;177.658.954.290,00;3.184.567
WDOFUT;25/10/2021;6.488,751;6.495,628;6.353,497;6.376,421;191.685.881.360,00;3.425.757
WDOFUT;22/10/2021;6.521,991;6.604,519;6.452,072;6.484,739;254.396.166.585,00;4.459.868
WDOFUT;21/10/2021;6.500,786;6.532,307;6.452,645;6.495,628;217.137.544.725,00;3.835.940
WDOFUT;20/10/2021;6.409,661;6.432,013;6.338,023;6.426,282;202.569.526.165,00;3.637.899
WDOFUT;19/10/2021;6.367,251;6.445,194;6.357,508;6.413,673;239.060.239.175,00;4.286.278
WDOFUT;18/10/2021;6.281,285;6.366,678;6.277,273;6.331,719;180.715.404.560,00;3.268.948
WDOFUT;15/10/2021;6.305,355;6.327,134;6.243,460;6.275,554;187.354.292.900,00;3.420.597
WDOFUT;14/10/2021;6.289,308;6.355,789;6.281,858;6.335,730;174.727.598.520,00;3.167.577
WDOFUT;13/10/2021;6.341,461;6.406,223;6.320,829;6.339,169;214.024.032.010,00;3.854.733
WDOFUT;11/10/2021;6.323,695;6.374,702;6.314,525;6.366,678;112.651.699.320,00;2.035.540
WDOFUT;08/10/2021;6.325,987;6.360,947;6.297,332;6.338,023;175.742.046.565,00;3.179.471
WDOFUT;07/10/2021;6.294,466;6.358,655;6.289,881;6.348,339;181.081.654.785,00;3.277.311
WDOFUT;06/10/2021;6.344,327;6.370,690;6.299,624;6.318,537;198.345.364.030,00;3.588.419
WDOFUT;05/10/2021;6.246,898;6.316,245;6.242,886;6.305,355;163.840.932.130,00;2.989.551
WDOFUT;04/10/2021;6.199,330;6.283,577;6.184,429;6.282,431;152.012.334.205,00;2.791.725
WDOFUT;01/10/2021;6.238,302;6.253,776;6.162,078;6.174,686;170.326.717.460,00;3.148.418
WDOFUT;30/09/2021;6.225,693;6.304,209;6.180,991;6.266,957;222.488.964.900,00;4.076.780
WDOFUT;29/09/2021;6.228,546;6.271,144;6.205,520;6.231,424;179.889.533.390,00;3.315.710
WDOFUT;28/09/2021;6.226,819;6.279,203;6.206,671;6.252,723;193.944.679.425,00;3.576.648
WDOFUT;27/09/2021;6.131,837;6.215,882;6.115,143;6.211,852;181.555.009.995,00;3.390.161
WDOFUT;24/09/2021;6.124,929;6.170,981;6.124,929;6.151,409;131.372.319.010,00;2.457.778
WDOFUT;23/09/2021;6.065,061;6.123,202;6.059,305;6.115,143;147.732.772.330,00;2.788.657
WDOFUT;22/09/2021;6.058,153;6.132,988;6.052,972;6.100,176;164.453.802.055,00;3.109.224
WDOFUT;21/09/2021;6.125,504;6.154,863;6.069,091;6.075,998;170.051.496.745,00;3.202.373
WDOFUT;20/09/2021;6.137,593;6.202,642;6.120,324;6.143,350;180.962.039.250,00;3.385.159
WDOFUT;17/09/2021;6.063,334;6.168,678;6.057,578;6.099,025;193.814.268.680,00;3.647.560
WDOFUT;16/09/2021;6.044,338;6.092,692;6.036,854;6.061,607;147.060.266.775,00;2.789.691
WDOFUT;15/09/2021;6.050,094;6.084,058;6.017,858;6.034,552;173.324.842.430,00;3.291.415
WDOFUT;14/09/2021;6.044,338;6.076,574;6.001,164;6.059,305;165.268.607.510,00;3.150.910
WDOFUT;13/09/2021;6.047,792;6.052,397;6.005,193;6.025,341;159.833.786.505,00;3.051.998
WDOFUT;10/09/2021;5.962,595;6.086,936;5.956,839;6.065,061;176.345.823.855,00;3.365.200
WDOFUT;09/09/2021;6.127,231;6.161,195;5.998,861;6.017,282;241.641.019.390,00;4.558.324
WDOFUT;08/09/2021;6.000,012;6.161,195;5.998,861;6.142,198;215.238.277.590,00;4.073.282
WDOFUT;06/09/2021;5.995,407;6.021,887;5.955,687;5.974,108;88.690.194.840,00;1.705.676
WDOFUT;03/09/2021;5.978,138;6.009,799;5.929,207;6.006,345;167.631.297.620,00;3.228.992
WDOFUT;02/09/2021;5.979,865;6.009,799;5.942,447;5.989,075;187.688.062.150,00;3.613.807
WDOFUT;01/09/2021;5.960,293;6.008,647;5.943,599;5.995,407;167.866.704.770,00;3.238.019
WDOFUT;31/08/2021;5.994,832;6.009,799;5.915,392;5.954,536;171.744.025.970,00;3.317.015
WDOFUT;30/08/2021;6.013,906;6.045,711;5.991,933;5.996,559;144.053.958.395,00;2.770.032
WDOFUT;27/08/2021;6.081,563;6.087,345;6.001,185;6.020,846;167.758.754.365,00;3.212.529
WDOFUT;26/08/2021;6.046,289;6.095,441;6.036,459;6.091,393;152.429.595.920,00;2.904.541
WDOFUT;25/08/2021;6.096,598;6.100,645;6.026,050;6.034,724;183.112.023.670,00;3.489.560
WDOFUT;24/08/2021;6.208,780;6.211,671;6.072,889;6.079,250;190.823.090.385,00;3.600.540
WDOFUT;23/08/2021;6.212,828;6.255,041;6.189,119;6.230,176;176.963.508.075,00;3.288.446
WDOFUT;20/08/2021;6.303,037;6.341,202;6.213,984;6.226,128;182.344.968.455,00;3.356.935
WDOFUT;19/08/2021;6.275,858;6.319,806;6.230,754;6.270,076;236.338.702.425,00;4.356.393
WDOFUT;18/08/2021;6.123,776;6.253,884;6.096,598;6.244,632;223.427.712.460,00;4.191.536
WDOFUT;17/08/2021;6.119,728;6.145,750;6.067,106;6.137,654;219.964.164.660,00;4.166.055
WDOFUT;16/08/2021;6.113,367;6.139,967;6.060,167;6.096,019;177.774.837.965,00;3.373.880
WDOFUT;13/08/2021;6.077,515;6.122,619;6.051,493;6.085,611;178.459.870.230,00;3.393.382
WDOFUT;12/08/2021;6.052,072;6.100,645;6.039,928;6.091,393;173.585.859.490,00;3.306.718
WDOFUT;11/08/2021;6.026,050;6.070,576;5.988,463;6.063,059;198.331.238.865,00;3.800.161
WDOFUT;10/08/2021;6.074,045;6.104,693;6.014,485;6.019,689;216.071.395.210,00;4.123.678
WDOFUT;09/08/2021;6.065,950;6.146,906;6.049,180;6.071,732;206.300.081.130,00;3.912.031
WDOFUT;06/08/2021;6.070,576;6.120,885;6.039,350;6.069,998;194.203.431.735,00;3.694.918
WDOFUT;05/08/2021;5.947,406;6.102,380;5.931,215;6.093,706;221.661.593.085,00;4.276.243
WDOFUT;04/08/2021;6.018,532;6.089,080;5.995,402;6.000,606;200.555.120.210,00;3.841.114
WDOFUT;03/08/2021;5.998,872;6.122,619;5.994,246;6.035,880;208.688.756.530,00;3.974.805
WDOFUT;02/08/2021;6.025,472;6.059,011;5.937,576;6.002,919;178.831.266.070,00;3.461.633
WDOFUT;30/07/2021;5.896,520;6.071,154;5.896,520;6.053,228;169.023.431.495,00;3.271.713
WDOFUT;29/07/2021;5.908,121;5.913,346;5.854,701;5.899,411;160.722.383.125,00;3.169.720
WDOFUT;28/07/2021;6.007,993;6.032,380;5.930,185;5.946,444;194.033.087.280,00;3.764.757
WDOFUT;27/07/2021;6.034,122;6.048,638;5.983,025;6.006,251;168.102.863.070,00;3.247.191
WDOFUT;26/07/2021;6.032,961;6.077,671;5.985,928;6.015,541;161.728.291.545,00;3.116.322
WDOFUT;23/07/2021;6.041,670;6.081,735;5.995,218;6.044,574;159.442.085.125,00;3.072.609
WDOFUT;22/07/2021;6.024,831;6.073,606;6.007,412;6.048,638;184.718.814.650,00;3.549.098
WDOFUT;21/07/2021;6.083,477;6.135,736;6.023,089;6.030,638;200.060.434.350,00;3.816.591
WDOFUT;20/07/2021;6.093,929;6.156,639;6.048,638;6.071,864;195.722.962.025,00;3.727.512
WDOFUT;19/07/2021;5.998,121;6.114,252;5.991,154;6.106,123;196.048.730.660,00;3.760.131
WDOFUT;16/07/2021;5.938,895;5.963,282;5.901,733;5.949,347;178.923.162.855,00;3.502.156
WDOFUT;15/07/2021;5.915,088;5.977,799;5.878,507;5.949,347;185.306.854.235,00;3.626.424
WDOFUT;14/07/2021;5.995,799;6.001,025;5.895,346;5.901,733;184.410.373.570,00;3.613.359
WDOFUT;13/07/2021;6.026,573;6.077,671;5.990,573;6.008,573;196.264.737.020,00;3.782.063
WDOFUT;12/07/2021;6.115,994;6.150,833;6.009,734;6.019,025;183.346.149.170,00;3.504.798
WDOFUT;08/07/2021;6.143,284;6.186,252;6.075,929;6.122,381;213.696.424.880,00;4.047.772
WDOFUT;07/07/2021;6.031,799;6.149,091;6.019,606;6.092,768;232.502.509.270,00;4.433.952
WDOFUT;06/07/2021;5.913,346;6.075,348;5.911,024;6.053,283;199.468.317.520,00;3.853.877
WDOFUT;05/07/2021;5.887,798;5.939,476;5.879,088;5.930,185;107.271.598.530,00;2.108.215
WDOFUT;02/07/2021;5.865,733;5.909,282;5.808,249;5.893,024;168.054.430.555,00;3.329.917
WDOFUT;01/07/2021;5.782,119;5.887,798;5.762,377;5.877,927;179.708.994.110,00;3.578.796
WDOFUT;30/06/2021;5.779,797;5.852,959;5.768,764;5.791,410;158.831.480.060,00;3.170.453
WDOFUT;29/06/2021;5.755,947;5.789,135;5.731,494;5.771,668;138.341.192.560,00;2.797.965
WDOFUT;28/06/2021;5.765,263;5.791,464;5.728,000;5.739,645;149.493.617.975,00;3.022.551
WDOFUT;25/06/2021;5.725,089;5.795,539;5.700,635;5.748,378;170.621.276.400,00;3.460.364
WDOFUT;24/06/2021;5.785,641;5.787,970;5.706,458;5.727,418;172.589.811.390,00;3.502.303
WDOFUT;23/06/2021;5.783,312;5.803,108;5.753,036;5.787,388;192.518.403.015,00;3.878.960
WDOFUT;22/06/2021;5.844,447;5.880,545;5.776,908;5.776,908;194.515.179.875,00;3.879.123
WDOFUT;21/06/2021;5.913,732;5.924,213;5.843,282;5.844,447;135.030.218.830,00;2.676.346
WDOFUT;18/06/2021;5.838,042;5.956,818;5.808,348;5.933,528;214.055.928.000,00;4.244.395
WDOFUT;17/06/2021;5.909,657;5.919,555;5.838,042;5.838,042;177.582.639.605,00;3.520.795
WDOFUT;16/06/2021;5.893,354;5.926,541;5.823,486;5.895,683;217.703.410.815,00;4.316.984
